source,franchise_id,conference,franchise,franchise_name,player_id,player_name,occurred_at,round,type,type_desc,event_text,auction_event_type,auction_franchise_id,auction_player_id,auction_amount_raw,auction_amount,auction_forced_franchise_name,event_kind,commissioner_initiated,auction_high_bidder_franchise
transactions,0020,AFC,NYJ,New York Jets,,,2026-06-22T06:26:00Z,,AUCTION_WON,,16383|1.10| 0020 1782109560 AUCTION_WON NA NA NA NA NA NA NA NA NA NA NA NA NA NA,,,,,,,win,FALSE,NYJ
transactions,0017,AFC,BUF,Buffalo Bills,,,2026-06-22T06:26:00Z,,AUCTION_WON,,15405|1.10| 0017 1782109560 AUCTION_WON NA NA NA NA NA NA NA NA NA NA NA NA NA NA,,,,,,,win,FALSE,BUF
transactions,0020,AFC,NYJ,New York Jets,,,2026-06-22T06:26:00Z,,AUCTION_WON,,15319|1.10| 0020 1782109560 AUCTION_WON NA NA NA NA NA NA NA NA NA NA NA NA NA NA,,,,,,,win,FALSE,NYJ
transactions,0027,AFC,JAC,Jacksonville Jaguars,,,2026-06-22T10:51:21Z,,AUCTION_INIT,,15089|1.10| 0027 1782125481 AUCTION_INIT NA NA NA NA NA NA NA NA NA NA NA NA NA NA,,,,,,,nomination,FALSE,JAC
transactions,0027,AFC,JAC,Jacksonville Jaguars,,,2026-06-22T10:51:29Z,,AUCTION_INIT,,14302|1.10| 0027 1782125489 AUCTION_INIT NA NA NA NA NA NA NA NA NA NA NA NA NA NA,,,,,,,nomination,FALSE,JAC
transactions,0027,AFC,JAC,Jacksonville Jaguars,,,2026-06-22T10:53:35Z,,AUCTION_INIT,,16926|1.10| 0027 1782125615 AUCTION_INIT NA NA NA NA NA NA NA NA NA NA NA NA NA NA,,,,,,,nomination,FALSE,JAC
transactions,0027,AFC,JAC,Jacksonville Jaguars,,,2026-06-22T10:53:41Z,,AUCTION_INIT,,15386|1.10| 0027 1782125621 AUCTION_INIT NA NA NA NA NA NA NA NA NA NA NA NA NA NA,,,,,,,nomination,FALSE,JAC
transactions,0027,AFC,JAC,Jacksonville Jaguars,,,2026-06-22T10:54:19Z,,AUCTION_INIT,,10945|1.10| 0027 1782125659 AUCTION_INIT NA NA NA NA NA NA NA NA NA NA NA NA NA NA,,,,,,,nomination,FALSE,JAC
transactions,0029,AFC,DEN,Denver Broncos,,,2026-06-22T12:01:20Z,,AUCTION_INIT,,17201|1.10| 0029 1782129680 AUCTION_INIT NA NA NA NA NA NA NA NA NA NA NA NA NA NA,,,,,,,nomination,FALSE,DEN
transactions,0021,AFC,BAL,Baltimore Ravens,,,2026-06-22T12:08:07Z,,AUCTION_BID,,11757|4.2| 0021 1782130087 AUCTION_BID NA NA NA NA NA NA NA NA NA NA NA NA NA NA,,,,,,,bid,FALSE,BAL
transactions,0021,AFC,BAL,Baltimore Ravens,,,2026-06-22T12:11:57Z,,AUCTION_WON,,17116|1.2| 0021 1782130317 AUCTION_WON NA NA NA NA NA NA NA NA NA NA NA NA NA NA,,,,,,,win,FALSE,BAL
transactions,0020,AFC,NYJ,New York Jets,,,2026-06-22T13:09:05Z,,AUCTION_INIT,,16333|1.10| 0020 1782133745 AUCTION_INIT NA NA NA NA NA NA NA NA NA NA NA NA NA NA,,,,,,,nomination,FALSE,NYJ
transactions,0020,AFC,NYJ,New York Jets,,,2026-06-22T13:17:48Z,,AUCTION_INIT,,16752|1.10| 0020 1782134268 AUCTION_INIT NA NA NA NA NA NA NA NA NA NA NA NA NA NA,,,,,,,nomination,FALSE,NYJ
transactions,0019,AFC,NEP,New England Patriots,,,2026-06-22T13:39:03Z,,AUCTION_WON,,17486|1.10| 0019 1782135543 AUCTION_WON NA NA NA NA NA NA NA NA NA NA NA NA NA NA,,,,,,,win,FALSE,NEP
transactions,0019,AFC,NEP,New England Patriots,,,2026-06-22T13:39:03Z,,AUCTION_WON,,16387|1.10| 0019 1782135543 AUCTION_WON NA NA NA NA NA NA NA NA NA NA NA NA NA NA,,,,,,,win,FALSE,NEP
transactions,0019,AFC,NEP,New England Patriots,,,2026-06-22T13:39:03Z,,AUCTION_WON,,12238|1.10| 0019 1782135543 AUCTION_WON NA NA NA NA NA NA NA NA NA NA NA NA NA NA,,,,,,,win,FALSE,NEP
transactions,0009,NFC,ATL,Atlanta Falcons,,,2026-06-22T13:43:29Z,,AUCTION_WON,,15368|1.10| 0009 1782135809 AUCTION_WON NA NA NA NA NA NA NA NA NA NA NA NA NA NA,,,,,,,win,FALSE,ATL
transactions,0019,AFC,NEP,New England Patriots,,,2026-06-22T13:46:16Z,,AUCTION_WON,,8851|1.10| 0019 1782135976 AUCTION_WON NA NA NA NA NA NA NA NA NA NA NA NA NA NA,,,,,,,win,FALSE,NEP
transactions,0019,AFC,NEP,New England Patriots,,,2026-06-22T13:46:16Z,,AUCTION_WON,,15914|1.10| 0019 1782135976 AUCTION_WON NA NA NA NA NA NA NA NA NA NA NA NA NA NA,,,,,,,win,FALSE,NEP
transactions,0019,AFC,NEP,New England Patriots,,,2026-06-22T13:46:16Z,,AUCTION_WON,,15337|1.10| 0019 1782135976 AUCTION_WON NA NA NA NA NA NA NA NA NA NA NA NA NA NA,,,,,,,win,FALSE,NEP
transactions,0028,AFC,TEN,Tennessee Titans,,,2026-06-22T13:48:15Z,,AUCTION_INIT,,13133|1.10| 0028 1782136095 AUCTION_INIT NA NA NA NA NA NA NA NA NA NA NA NA NA NA,,,,,,,nomination,FALSE,TEN
transactions,0028,AFC,TEN,Tennessee Titans,,,2026-06-22T13:48:50Z,,AUCTION_INIT,,15332|1.10| 0028 1782136130 AUCTION_INIT NA NA NA NA NA NA NA NA NA NA NA NA NA NA,,,,,,,nomination,FALSE,TEN
transactions,0028,AFC,TEN,Tennessee Titans,,,2026-06-22T13:49:19Z,,AUCTION_INIT,,14879|1.10| 0028 1782136159 AUCTION_INIT NA NA NA NA NA NA NA NA NA NA NA NA NA NA,,,,,,,nomination,FALSE,TEN
transactions,0028,AFC,TEN,Tennessee Titans,,,2026-06-22T13:52:58Z,,AUCTION_INIT,,15382|1.10| 0028 1782136378 AUCTION_INIT NA NA NA NA NA NA NA NA NA NA NA NA NA NA,,,,,,,nomination,FALSE,TEN
transactions,0030,AFC,KCC,Kansas City Chiefs,,,2026-06-22T15:23:13Z,,AUCTION_BID,,11757|4.3| 0030 1782141793 AUCTION_BID NA NA NA NA NA NA NA NA NA NA NA NA NA NA,,,,,,,bid,FALSE,KCC
transactions,0021,AFC,BAL,Baltimore Ravens,,,2026-06-22T15:38:29Z,,AUCTION_BID,,11757|4.4| 0021 1782142709 AUCTION_BID NA NA NA NA NA NA NA NA NA NA NA NA NA NA,,,,,,,bid,FALSE,BAL
transactions,0030,AFC,KCC,Kansas City Chiefs,,,2026-06-22T16:02:25Z,,AUCTION_INIT,,16608|1.10| 0030 1782144145 AUCTION_INIT NA NA NA NA NA NA NA NA NA NA NA NA NA NA,,,,,,,nomination,FALSE,KCC
transactions,0029,AFC,DEN,Denver Broncos,,,2026-06-22T17:01:47Z,,AUCTION_INIT,,17109|1.10| 0029 1782147707 AUCTION_INIT NA NA NA NA NA NA NA NA NA NA NA NA NA NA,,,,,,,nomination,FALSE,DEN
transactions,0030,AFC,KCC,Kansas City Chiefs,,,2026-06-22T17:27:18Z,,AUCTION_INIT,,14867|1.10| 0030 1782149238 AUCTION_INIT NA NA NA NA NA NA NA NA NA NA NA NA NA NA,,,,,,,nomination,FALSE,KCC
transactions,0021,AFC,BAL,Baltimore Ravens,,,2026-06-22T17:27:58Z,,AUCTION_BID,,11757|4.50|Kansas City Chiefs forced bid increase 0021 1782149278 AUCTION_BID NA NA NA NA NA NA NA NA NA NA NA NA NA NA,,,,,,Kansas City Chiefs,bid,FALSE,KCC
transactions,0030,AFC,KCC,Kansas City Chiefs,,,2026-06-22T17:49:05Z,,AUCTION_BID,,11757|4.6| 0030 1782150545 AUCTION_BID NA NA NA NA NA NA NA NA NA NA NA NA NA NA,,,,,,,bid,FALSE,KCC
transactions,0005,NFC,CHI,Chicago Bears,,,2026-06-22T18:07:07Z,,AUCTION_INIT,,13131|1.10| 0005 1782151627 AUCTION_INIT NA NA NA NA NA NA NA NA NA NA NA NA NA NA,,,,,,,nomination,FALSE,CHI
transactions,0005,NFC,CHI,Chicago Bears,,,2026-06-22T18:07:59Z,,AUCTION_INIT,,16342|1.10| 0005 1782151679 AUCTION_INIT NA NA NA NA NA NA NA NA NA NA NA NA NA NA,,,,,,,nomination,FALSE,CHI
transactions,0003,NFC,PHI,Philadelphia Eagles,,,2026-06-22T18:24:38Z,,AUCTION_BID,,16342|1.2| 0003 1782152678 AUCTION_BID NA NA NA NA NA NA NA NA NA NA NA NA NA NA,,,,,,,bid,FALSE,PHI
transactions,0003,NFC,PHI,Philadelphia Eagles,,,2026-06-22T18:25:26Z,,AUCTION_INIT,,15240|1.10| 0003 1782152726 AUCTION_INIT NA NA NA NA NA NA NA NA NA NA NA NA NA NA,,,,,,,nomination,FALSE,PHI
transactions,0003,NFC,PHI,Philadelphia Eagles,,,2026-06-22T18:25:38Z,,AUCTION_INIT,,16077|1.10| 0003 1782152738 AUCTION_INIT NA NA NA NA NA NA NA NA NA NA NA NA NA NA,,,,,,,nomination,FALSE,PHI
transactions,0003,NFC,PHI,Philadelphia Eagles,,,2026-06-22T18:26:32Z,,AUCTION_INIT,,14205|1.10| 0003 1782152792 AUCTION_INIT NA NA NA NA NA NA NA NA NA NA NA NA NA NA,,,,,,,nomination,FALSE,PHI
transactions,0003,NFC,PHI,Philadelphia Eagles,,,2026-06-22T18:29:17Z,,AUCTION_INIT,,13744|1.10| 0003 1782152957 AUCTION_INIT NA NA NA NA NA NA NA NA NA NA NA NA NA NA,,,,,,,nomination,FALSE,PHI
transactions,0003,NFC,PHI,Philadelphia Eagles,,,2026-06-22T18:29:53Z,,AUCTION_INIT,,14934|1.10| 0003 1782152993 AUCTION_INIT NA NA NA NA NA NA NA NA NA NA NA NA NA NA,,,,,,,nomination,FALSE,PHI
transactions,0005,NFC,CHI,Chicago Bears,,,2026-06-22T18:57:55Z,,AUCTION_INIT,,14162|1.10| 0005 1782154675 AUCTION_INIT NA NA NA NA NA NA NA NA NA NA NA NA NA NA,,,,,,,nomination,FALSE,CHI
transactions,0003,NFC,PHI,Philadelphia Eagles,,,2026-06-22T19:01:39Z,,AUCTION_INIT,,16300|1.10| 0003 1782154899 AUCTION_INIT NA NA NA NA NA NA NA NA NA NA NA NA NA NA,,,,,,,nomination,FALSE,PHI
transactions,0005,NFC,CHI,Chicago Bears,,,2026-06-22T19:08:05Z,,AUCTION_INIT,,14210|1.10| 0005 1782155285 AUCTION_INIT NA NA NA NA NA NA NA NA NA NA NA NA NA NA,,,,,,,nomination,FALSE,CHI
transactions,0021,AFC,BAL,Baltimore Ravens,,,2026-06-22T19:14:36Z,,AUCTION_BID,,11757|4.7| 0021 1782155676 AUCTION_BID NA NA NA NA NA NA NA NA NA NA NA NA NA NA,,,,,,,bid,FALSE,BAL
transactions,0005,NFC,CHI,Chicago Bears,,,2026-06-22T19:35:36Z,,AUCTION_INIT,,13702|1.10| 0005 1782156936 AUCTION_INIT NA NA NA NA NA NA NA NA NA NA NA NA NA NA,,,,,,,nomination,FALSE,CHI
transactions,0005,NFC,CHI,Chicago Bears,,,2026-06-22T19:42:39Z,,AUCTION_INIT,,15807|1.10| 0005 1782157359 AUCTION_INIT NA NA NA NA NA NA NA NA NA NA NA NA NA NA,,,,,,,nomination,FALSE,CHI
transactions,0032,AFC,LAC,Los Angeles Chargers,,,2026-06-23T00:58:36Z,,AUCTION_WON,,13770|1.10| 0032 1782176316 AUCTION_WON NA NA NA NA NA NA NA NA NA NA NA NA NA NA,,,,,,,win,FALSE,LAC
transactions,0023,AFC,CLE,Cleveland Browns,,,2026-06-23T02:12:19Z,,AUCTION_WON,,16294|1.10| 0023 1782180739 AUCTION_WON NA NA NA NA NA NA NA NA NA NA NA NA NA NA,,,,,,,win,FALSE,CLE
transactions,0004,NFC,WAS,Washington Commanders,,,2026-06-23T08:13:00Z,,AUCTION_INIT,,11247|1.10| 0004 1782202380 AUCTION_INIT NA NA NA NA NA NA NA NA NA NA NA NA NA NA,,,,,,,nomination,FALSE,WAS
transactions,0004,NFC,WAS,Washington Commanders,,,2026-06-23T08:13:25Z,,AUCTION_INIT,,17034|1.10| 0004 1782202405 AUCTION_INIT NA NA NA NA NA NA NA NA NA NA NA NA NA NA,,,,,,,nomination,FALSE,WAS
transactions,0027,AFC,JAC,Jacksonville Jaguars,,,2026-06-23T11:18:46Z,,AUCTION_WON,,16926|1.10| 0027 1782213526 AUCTION_WON NA NA NA NA NA NA NA NA NA NA NA NA NA NA,,,,,,,win,FALSE,JAC
transactions,0027,AFC,JAC,Jacksonville Jaguars,,,2026-06-23T11:18:46Z,,AUCTION_WON,,15386|1.10| 0027 1782213526 AUCTION_WON NA NA NA NA NA NA NA NA NA NA NA NA NA NA,,,,,,,win,FALSE,JAC
transactions,0027,AFC,JAC,Jacksonville Jaguars,,,2026-06-23T11:18:46Z,,AUCTION_WON,,15089|1.10| 0027 1782213526 AUCTION_WON NA NA NA NA NA NA NA NA NA NA NA NA NA NA,,,,,,,win,FALSE,JAC
transactions,0027,AFC,JAC,Jacksonville Jaguars,,,2026-06-23T11:18:46Z,,AUCTION_WON,,14302|1.10| 0027 1782213526 AUCTION_WON NA NA NA NA NA NA NA NA NA NA NA NA NA NA,,,,,,,win,FALSE,JAC
transactions,0027,AFC,JAC,Jacksonville Jaguars,,,2026-06-23T11:18:46Z,,AUCTION_WON,,10945|1.10| 0027 1782213526 AUCTION_WON NA NA NA NA NA NA NA NA NA NA NA NA NA NA,,,,,,,win,FALSE,JAC
transactions,0029,AFC,DEN,Denver Broncos,,,2026-06-23T13:46:03Z,,AUCTION_WON,,17201|1.10| 0029 1782222363 AUCTION_WON NA NA NA NA NA NA NA NA NA NA NA NA NA NA,,,,,,,win,FALSE,DEN
transactions,0020,AFC,NYJ,New York Jets,,,2026-06-23T13:46:03Z,,AUCTION_WON,,16752|1.10| 0020 1782222363 AUCTION_WON NA NA NA NA NA NA NA NA NA NA NA NA NA NA,,,,,,,win,FALSE,NYJ
transactions,0020,AFC,NYJ,New York Jets,,,2026-06-23T13:46:03Z,,AUCTION_WON,,16333|1.10| 0020 1782222363 AUCTION_WON NA NA NA NA NA NA NA NA NA NA NA NA NA NA,,,,,,,win,FALSE,NYJ
transactions,0028,AFC,TEN,Tennessee Titans,,,2026-06-23T13:57:07Z,,AUCTION_WON,,15382|1.10| 0028 1782223027 AUCTION_WON NA NA NA NA NA NA NA NA NA NA NA NA NA NA,,,,,,,win,FALSE,TEN
transactions,0028,AFC,TEN,Tennessee Titans,,,2026-06-23T13:57:07Z,,AUCTION_WON,,15332|1.10| 0028 1782223027 AUCTION_WON NA NA NA NA NA NA NA NA NA NA NA NA NA NA,,,,,,,win,FALSE,TEN
transactions,0028,AFC,TEN,Tennessee Titans,,,2026-06-23T13:57:07Z,,AUCTION_WON,,14879|1.10| 0028 1782223027 AUCTION_WON NA NA NA NA NA NA NA NA NA NA NA NA NA NA,,,,,,,win,FALSE,TEN
transactions,0028,AFC,TEN,Tennessee Titans,,,2026-06-23T13:57:07Z,,AUCTION_WON,,13133|1.10| 0028 1782223027 AUCTION_WON NA NA NA NA NA NA NA NA NA NA NA NA NA NA,,,,,,,win,FALSE,TEN
transactions,0030,AFC,KCC,Kansas City Chiefs,,,2026-06-23T16:51:07Z,,AUCTION_WON,,16608|1.10| 0030 1782233467 AUCTION_WON NA NA NA NA NA NA NA NA NA NA NA NA NA NA,,,,,,,win,FALSE,KCC
transactions,0029,AFC,DEN,Denver Broncos,,,2026-06-23T17:07:09Z,,AUCTION_WON,,17109|1.10| 0029 1782234429 AUCTION_WON NA NA NA NA NA NA NA NA NA NA NA NA NA NA,,,,,,,win,FALSE,DEN
transactions,0030,AFC,KCC,Kansas City Chiefs,,,2026-06-23T18:04:05Z,,AUCTION_WON,,14867|1.10| 0030 1782237845 AUCTION_WON NA NA NA NA NA NA NA NA NA NA NA NA NA NA,,,,,,,win,FALSE,KCC
transactions,0003,NFC,PHI,Philadelphia Eagles,,,2026-06-23T19:08:41Z,,AUCTION_WON,,16342|1.2| 0003 1782241721 AUCTION_WON NA NA NA NA NA NA NA NA NA NA NA NA NA NA,,,,,,,win,FALSE,PHI
transactions,0003,NFC,PHI,Philadelphia Eagles,,,2026-06-23T19:08:41Z,,AUCTION_WON,,16300|1.10| 0003 1782241721 AUCTION_WON NA NA NA NA NA NA NA NA NA NA NA NA NA NA,,,,,,,win,FALSE,PHI
transactions,0003,NFC,PHI,Philadelphia Eagles,,,2026-06-23T19:08:41Z,,AUCTION_WON,,16077|1.10| 0003 1782241721 AUCTION_WON NA NA NA NA NA NA NA NA NA NA NA NA NA NA,,,,,,,win,FALSE,PHI
transactions,0003,NFC,PHI,Philadelphia Eagles,,,2026-06-23T19:08:41Z,,AUCTION_WON,,15240|1.10| 0003 1782241721 AUCTION_WON NA NA NA NA NA NA NA NA NA NA NA NA NA NA,,,,,,,win,FALSE,PHI
transactions,0003,NFC,PHI,Philadelphia Eagles,,,2026-06-23T19:08:41Z,,AUCTION_WON,,14934|1.10| 0003 1782241721 AUCTION_WON NA NA NA NA NA NA NA NA NA NA NA NA NA NA,,,,,,,win,FALSE,PHI
transactions,0005,NFC,CHI,Chicago Bears,,,2026-06-23T19:08:41Z,,AUCTION_WON,,14210|1.10| 0005 1782241721 AUCTION_WON NA NA NA NA NA NA NA NA NA NA NA NA NA NA,,,,,,,win,FALSE,CHI
transactions,0003,NFC,PHI,Philadelphia Eagles,,,2026-06-23T19:08:41Z,,AUCTION_WON,,14205|1.10| 0003 1782241721 AUCTION_WON NA NA NA NA NA NA NA NA NA NA NA NA NA NA,,,,,,,win,FALSE,PHI
transactions,0005,NFC,CHI,Chicago Bears,,,2026-06-23T19:08:41Z,,AUCTION_WON,,14162|1.10| 0005 1782241721 AUCTION_WON NA NA NA NA NA NA NA NA NA NA NA NA NA NA,,,,,,,win,FALSE,CHI
transactions,0003,NFC,PHI,Philadelphia Eagles,,,2026-06-23T19:08:41Z,,AUCTION_WON,,13744|1.10| 0003 1782241721 AUCTION_WON NA NA NA NA NA NA NA NA NA NA NA NA NA NA,,,,,,,win,FALSE,PHI
transactions,0005,NFC,CHI,Chicago Bears,,,2026-06-23T19:08:41Z,,AUCTION_WON,,13131|1.10| 0005 1782241721 AUCTION_WON NA NA NA NA NA NA NA NA NA NA NA NA NA NA,,,,,,,win,FALSE,CHI
transactions,0021,AFC,BAL,Baltimore Ravens,,,2026-06-23T19:13:44Z,,AUCTION_BID,,11757|4.80|Kansas City Chiefs forced bid increase 0021 1782242024 AUCTION_BID NA NA NA NA NA NA NA NA NA NA NA NA NA NA,,,,,,Kansas City Chiefs,bid,FALSE,KCC
transactions,0021,AFC,BAL,Baltimore Ravens,,,2026-06-23T19:13:48Z,,AUCTION_BID,,11757|4.90|Kansas City Chiefs forced bid increase 0021 1782242028 AUCTION_BID NA NA NA NA NA NA NA NA NA NA NA NA NA NA,,,,,,Kansas City Chiefs,bid,FALSE,KCC
transactions,0021,AFC,BAL,Baltimore Ravens,,,2026-06-23T19:13:54Z,,AUCTION_BID,,11757|5.00|Kansas City Chiefs forced bid increase 0021 1782242034 AUCTION_BID NA NA NA NA NA NA NA NA NA NA NA NA NA NA,,,,,,Kansas City Chiefs,bid,FALSE,KCC
transactions,0030,AFC,KCC,Kansas City Chiefs,,,2026-06-23T19:13:59Z,,AUCTION_BID,,11757|5.1| 0030 1782242039 AUCTION_BID NA NA NA NA NA NA NA NA NA NA NA NA NA NA,,,,,,,bid,FALSE,KCC
transactions,0021,AFC,BAL,Baltimore Ravens,,,2026-06-23T20:17:51Z,,AUCTION_BID,,11757|5.2| 0021 1782245871 AUCTION_BID NA NA NA NA NA NA NA NA NA NA NA NA NA NA,,,,,,,bid,FALSE,BAL
transactions,0005,NFC,CHI,Chicago Bears,,,2026-06-23T22:09:23Z,,AUCTION_WON,,15807|1.10| 0005 1782252563 AUCTION_WON NA NA NA NA NA NA NA NA NA NA NA NA NA NA,,,,,,,win,FALSE,CHI
transactions,0005,NFC,CHI,Chicago Bears,,,2026-06-23T22:09:23Z,,AUCTION_WON,,13702|1.10| 0005 1782252563 AUCTION_WON NA NA NA NA NA NA NA NA NA NA NA NA NA NA,,,,,,,win,FALSE,CHI
transactions,0003,NFC,PHI,Philadelphia Eagles,,,2026-06-23T22:09:29Z,,AUCTION_INIT,,13317|1.10| 0003 1782252569 AUCTION_INIT NA NA NA NA NA NA NA NA NA NA NA NA NA NA,,,,,,,nomination,FALSE,PHI
transactions,0012,NFC,TBB,Tampa Bay Buccaneers,,,2026-06-24T01:00:06Z,,AUCTION_INIT,,13810|1.10| 0012 1782262806 AUCTION_INIT NA NA NA NA NA NA NA NA NA NA NA NA NA NA,,,,,,,nomination,FALSE,TBB
transactions,0012,NFC,TBB,Tampa Bay Buccaneers,,,2026-06-24T01:00:14Z,,AUCTION_INIT,,14789|1.10| 0012 1782262814 AUCTION_INIT NA NA NA NA NA NA NA NA NA NA NA NA NA NA,,,,,,,nomination,FALSE,TBB
transactions,0019,AFC,NEP,New England Patriots,,,2026-06-24T11:05:26Z,,AUCTION_INIT,,14162|1.10| 0019 1782299126 AUCTION_INIT NA NA NA NA NA NA NA NA NA NA NA NA NA NA,,,,,,,nomination,FALSE,NEP
transactions,0019,AFC,NEP,New England Patriots,,,2026-06-24T11:11:02Z,,AUCTION_INIT,,13692|1.10| 0019 1782299462 AUCTION_INIT NA NA NA NA NA NA NA NA NA NA NA NA NA NA,,,,,,,nomination,FALSE,NEP
transactions,0019,AFC,NEP,New England Patriots,,,2026-06-24T11:11:12Z,,AUCTION_INIT,,12739|1.10| 0019 1782299472 AUCTION_INIT NA NA NA NA NA NA NA NA NA NA NA NA NA NA,,,,,,,nomination,FALSE,NEP
transactions,0019,AFC,NEP,New England Patriots,,,2026-06-24T11:11:25Z,,AUCTION_INIT,,12218|1.10| 0019 1782299485 AUCTION_INIT NA NA NA NA NA NA NA NA NA NA NA NA NA NA,,,,,,,nomination,FALSE,NEP
transactions,0019,AFC,NEP,New England Patriots,,,2026-06-24T11:12:14Z,,AUCTION_INIT,,14205|1.10| 0019 1782299534 AUCTION_INIT NA NA NA NA NA NA NA NA NA NA NA NA NA NA,,,,,,,nomination,FALSE,NEP
transactions,0019,AFC,NEP,New England Patriots,,,2026-06-24T11:13:36Z,,AUCTION_INIT,,17605|1.10| 0019 1782299616 AUCTION_INIT NA NA NA NA NA NA NA NA NA NA NA NA NA NA,,,,,,,nomination,FALSE,NEP
transactions,0004,NFC,WAS,Washington Commanders,,,2026-06-24T12:20:26Z,,AUCTION_WON,,17034|1.10| 0004 1782303626 AUCTION_WON NA NA NA NA NA NA NA NA NA NA NA NA NA NA,,,,,,,win,FALSE,WAS
transactions,0004,NFC,WAS,Washington Commanders,,,2026-06-24T12:20:26Z,,AUCTION_WON,,11247|1.10| 0004 1782303626 AUCTION_WON NA NA NA NA NA NA NA NA NA NA NA NA NA NA,,,,,,,win,FALSE,WAS
transactions,0021,AFC,BAL,Baltimore Ravens,,,2026-06-24T20:06:57Z,,AUCTION_BID,,11757|5.30|Kansas City Chiefs forced bid increase 0021 1782331617 AUCTION_BID NA NA NA NA NA NA NA NA NA NA NA NA NA NA,,,,,,Kansas City Chiefs,bid,FALSE,KCC
transactions,0021,AFC,BAL,Baltimore Ravens,,,2026-06-24T20:07:05Z,,AUCTION_BID,,11757|5.40|Kansas City Chiefs forced bid increase 0021 1782331625 AUCTION_BID NA NA NA NA NA NA NA NA NA NA NA NA NA NA,,,,,,Kansas City Chiefs,bid,FALSE,KCC
transactions,0021,AFC,BAL,Baltimore Ravens,,,2026-06-24T20:07:12Z,,AUCTION_BID,,11757|5.50|Kansas City Chiefs forced bid increase 0021 1782331632 AUCTION_BID NA NA NA NA NA NA NA NA NA NA NA NA NA NA,,,,,,Kansas City Chiefs,bid,FALSE,KCC
transactions,0021,AFC,BAL,Baltimore Ravens,,,2026-06-24T20:34:29Z,,AUCTION_WON,,11757|5.50| 0021 1782333269 AUCTION_WON NA NA NA NA NA NA NA NA NA NA NA NA NA NA,,,,,,,win,FALSE,BAL
transactions,0003,NFC,PHI,Philadelphia Eagles,,,2026-06-25T00:26:43Z,,AUCTION_WON,,13317|1.10| 0003 1782347203 AUCTION_WON NA NA NA NA NA NA NA NA NA NA NA NA NA NA,,,,,,,win,FALSE,PHI
transactions,0012,NFC,TBB,Tampa Bay Buccaneers,,,2026-06-25T01:07:26Z,,AUCTION_WON,,14789|1.10| 0012 1782349646 AUCTION_WON NA NA NA NA NA NA NA NA NA NA NA NA NA NA,,,,,,,win,FALSE,TBB
transactions,0012,NFC,TBB,Tampa Bay Buccaneers,,,2026-06-25T01:07:26Z,,AUCTION_WON,,13810|1.10| 0012 1782349646 AUCTION_WON NA NA NA NA NA NA NA NA NA NA NA NA NA NA,,,,,,,win,FALSE,TBB
transactions,0019,AFC,NEP,New England Patriots,,,2026-06-25T11:49:54Z,,AUCTION_WON,,17605|1.10| 0019 1782388194 AUCTION_WON NA NA NA NA NA NA NA NA NA NA NA NA NA NA,,,,,,,win,FALSE,NEP
transactions,0019,AFC,NEP,New England Patriots,,,2026-06-25T11:49:54Z,,AUCTION_WON,,14205|1.10| 0019 1782388194 AUCTION_WON NA NA NA NA NA NA NA NA NA NA NA NA NA NA,,,,,,,win,FALSE,NEP
transactions,0019,AFC,NEP,New England Patriots,,,2026-06-25T11:49:54Z,,AUCTION_WON,,14162|1.10| 0019 1782388194 AUCTION_WON NA NA NA NA NA NA NA NA NA NA NA NA NA NA,,,,,,,win,FALSE,NEP
transactions,0019,AFC,NEP,New England Patriots,,,2026-06-25T11:49:54Z,,AUCTION_WON,,13692|1.10| 0019 1782388194 AUCTION_WON NA NA NA NA NA NA NA NA NA NA NA NA NA NA,,,,,,,win,FALSE,NEP
transactions,0019,AFC,NEP,New England Patriots,,,2026-06-25T11:49:54Z,,AUCTION_WON,,12739|1.10| 0019 1782388194 AUCTION_WON NA NA NA NA NA NA NA NA NA NA NA NA NA NA,,,,,,,win,FALSE,NEP
transactions,0019,AFC,NEP,New England Patriots,,,2026-06-25T11:49:54Z,,AUCTION_WON,,12218|1.10| 0019 1782388194 AUCTION_WON NA NA NA NA NA NA NA NA NA NA NA NA NA NA,,,,,,,win,FALSE,NEP
transactions,0005,NFC,CHI,Chicago Bears,,,2026-06-25T22:40:33Z,,AUCTION_INIT,,12263|1.10| 0005 1782427233 AUCTION_INIT NA NA NA NA NA NA NA NA NA NA NA NA NA NA,,,,,,,nomination,FALSE,CHI
transactions,0005,NFC,CHI,Chicago Bears,,,2026-06-25T22:46:03Z,,AUCTION_INIT,,17353|1.10| 0005 1782427563 AUCTION_INIT NA NA NA NA NA NA NA NA NA NA NA NA NA NA,,,,,,,nomination,FALSE,CHI
transactions,0005,NFC,CHI,Chicago Bears,,,2026-06-25T22:49:30Z,,AUCTION_INIT,,15899|1.10| 0005 1782427770 AUCTION_INIT NA NA NA NA NA NA NA NA NA NA NA NA NA NA,,,,,,,nomination,FALSE,CHI
transactions,0005,NFC,CHI,Chicago Bears,,,2026-06-25T23:03:05Z,,AUCTION_INIT,,14328|1.10| 0005 1782428585 AUCTION_INIT NA NA NA NA NA NA NA NA NA NA NA NA NA NA,,,,,,,nomination,FALSE,CHI
transactions,0005,NFC,CHI,Chicago Bears,,,2026-06-25T23:18:35Z,,AUCTION_INIT,,13888|1.10| 0005 1782429515 AUCTION_INIT NA NA NA NA NA NA NA NA NA NA NA NA NA NA,,,,,,,nomination,FALSE,CHI
transactions,0005,NFC,CHI,Chicago Bears,,,2026-06-25T23:24:10Z,,AUCTION_INIT,,14168|1.10| 0005 1782429850 AUCTION_INIT NA NA NA NA NA NA NA NA NA NA NA NA NA NA,,,,,,,nomination,FALSE,CHI
transactions,0006,NFC,DET,Detroit Lions,,,2026-06-26T01:48:12Z,,AUCTION_INIT,,16678|1.10| 0006 1782438492 AUCTION_INIT NA NA NA NA NA NA NA NA NA NA NA NA NA NA,,,,,,,nomination,FALSE,DET
transactions,0005,NFC,CHI,Chicago Bears,,,2026-06-27T00:08:02Z,,AUCTION_WON,,17353|1.10| 0005 1782518882 AUCTION_WON NA NA NA NA NA NA NA NA NA NA NA NA NA NA,,,,,,,win,FALSE,CHI
transactions,0005,NFC,CHI,Chicago Bears,,,2026-06-27T00:08:02Z,,AUCTION_WON,,15899|1.10| 0005 1782518882 AUCTION_WON NA NA NA NA NA NA NA NA NA NA NA NA NA NA,,,,,,,win,FALSE,CHI
transactions,0005,NFC,CHI,Chicago Bears,,,2026-06-27T00:08:02Z,,AUCTION_WON,,14328|1.10| 0005 1782518882 AUCTION_WON NA NA NA NA NA NA NA NA NA NA NA NA NA NA,,,,,,,win,FALSE,CHI
transactions,0005,NFC,CHI,Chicago Bears,,,2026-06-27T00:08:02Z,,AUCTION_WON,,14168|1.10| 0005 1782518882 AUCTION_WON NA NA NA NA NA NA NA NA NA NA NA NA NA NA,,,,,,,win,FALSE,CHI
transactions,0005,NFC,CHI,Chicago Bears,,,2026-06-27T00:08:02Z,,AUCTION_WON,,13888|1.10| 0005 1782518882 AUCTION_WON NA NA NA NA NA NA NA NA NA NA NA NA NA NA,,,,,,,win,FALSE,CHI
transactions,0005,NFC,CHI,Chicago Bears,,,2026-06-27T00:08:02Z,,AUCTION_WON,,12263|1.10| 0005 1782518882 AUCTION_WON NA NA NA NA NA NA NA NA NA NA NA NA NA NA,,,,,,,win,FALSE,CHI
transactions,0006,NFC,DET,Detroit Lions,,,2026-06-27T23:21:32Z,,AUCTION_WON,,16678|1.10| 0006 1782602492 AUCTION_WON NA NA NA NA NA NA NA NA NA NA NA NA NA NA,,,,,,,win,FALSE,DET
transactions,0023,AFC,CLE,Cleveland Browns,,,2026-07-05T23:37:26Z,,AUCTION_INIT,,15094|1.10| 0023 1783294646 AUCTION_INIT NA NA NA NA NA NA NA NA NA NA NA NA NA NA,,,,,,,nomination,FALSE,CLE
transactions,0023,AFC,CLE,Cleveland Browns,,,2026-07-09T01:10:26Z,,AUCTION_WON,,15094|1.10| 0023 1783559426 AUCTION_WON NA NA NA NA NA NA NA NA NA NA NA NA NA NA,,,,,,,win,FALSE,CLE
transactions,0030,AFC,KCC,Kansas City Chiefs,,,2026-07-10T14:51:42Z,,AUCTION_INIT,,14198|1.10| 0030 1783695102 AUCTION_INIT NA NA NA NA NA NA NA NA NA NA NA NA NA NA,,,,,,,nomination,FALSE,KCC
transactions,0030,AFC,KCC,Kansas City Chiefs,,,2026-07-10T14:52:15Z,,AUCTION_INIT,,16701|1.10| 0030 1783695135 AUCTION_INIT NA NA NA NA NA NA NA NA NA NA NA NA NA NA,,,,,,,nomination,FALSE,KCC
transactions,0030,AFC,KCC,Kansas City Chiefs,,,2026-07-12T02:14:15Z,,AUCTION_WON,,16701|1.10| 0030 1783822455 AUCTION_WON NA NA NA NA NA NA NA NA NA NA NA NA NA NA,,,,,,,win,FALSE,KCC
transactions,0030,AFC,KCC,Kansas City Chiefs,,,2026-07-12T02:14:15Z,,AUCTION_WON,,14198|1.10| 0030 1783822455 AUCTION_WON NA NA NA NA NA NA NA NA NA NA NA NA NA NA,,,,,,,win,FALSE,KCC
transactions,0003,NFC,PHI,Philadelphia Eagles,,,2026-07-13T16:44:31Z,,AUCTION_INIT,,12785|1.10| 0003 1783961071 AUCTION_INIT NA NA NA NA NA NA NA NA NA NA NA NA NA NA,,,,,,,nomination,FALSE,PHI
transactions,0003,NFC,PHI,Philadelphia Eagles,,,2026-07-13T16:45:22Z,,AUCTION_INIT,,13595|1.10| 0003 1783961122 AUCTION_INIT NA NA NA NA NA NA NA NA NA NA NA NA NA NA,,,,,,,nomination,FALSE,PHI
transactions,0003,NFC,PHI,Philadelphia Eagles,,,2026-07-13T16:46:25Z,,AUCTION_INIT,,13263|1.10| 0003 1783961185 AUCTION_INIT NA NA NA NA NA NA NA NA NA NA NA NA NA NA,,,,,,,nomination,FALSE,PHI
transactions,0003,NFC,PHI,Philadelphia Eagles,,,2026-07-14T19:15:19Z,,AUCTION_WON,,13595|1.10| 0003 1784056519 AUCTION_WON NA NA NA NA NA NA NA NA NA NA NA NA NA NA,,,,,,,win,FALSE,PHI
transactions,0003,NFC,PHI,Philadelphia Eagles,,,2026-07-14T19:15:19Z,,AUCTION_WON,,13263|1.10| 0003 1784056519 AUCTION_WON NA NA NA NA NA NA NA NA NA NA NA NA NA NA,,,,,,,win,FALSE,PHI
transactions,0003,NFC,PHI,Philadelphia Eagles,,,2026-07-14T19:15:19Z,,AUCTION_WON,,12785|1.10| 0003 1784056519 AUCTION_WON NA NA NA NA NA NA NA NA NA NA NA NA NA NA,,,,,,,win,FALSE,PHI
transactions,0021,AFC,BAL,Baltimore Ravens,,,2026-07-24T01:06:29Z,,AUCTION_INIT,,15870|1.10| 0021 1784855189 AUCTION_INIT NA NA NA NA NA NA NA NA NA NA NA NA NA NA,,,,,,,nomination,FALSE,BAL
transactions,0021,AFC,BAL,Baltimore Ravens,,,2026-07-24T01:07:54Z,,AUCTION_INIT,,16773|1.10| 0021 1784855274 AUCTION_INIT NA NA NA NA NA NA NA NA NA NA NA NA NA NA,,,,,,,nomination,FALSE,BAL
transactions,0021,AFC,BAL,Baltimore Ravens,,,2026-07-25T02:03:23Z,,AUCTION_WON,,16773|1.10| 0021 1784945003 AUCTION_WON NA NA NA NA NA NA NA NA NA NA NA NA NA NA,,,,,,,win,FALSE,BAL
transactions,0021,AFC,BAL,Baltimore Ravens,,,2026-07-25T02:03:23Z,,AUCTION_WON,,15870|1.10| 0021 1784945003 AUCTION_WON NA NA NA NA NA NA NA NA NA NA NA NA NA NA,,,,,,,win,FALSE,BAL
transactions,0024,AFC,PIT,Pittsburgh Steelers,,,2026-07-29T17:19:59Z,,AUCTION_INIT,,11706|1.10| 0024 1785345599 AUCTION_INIT NA NA NA NA NA NA NA NA NA NA NA NA NA NA,,,,,,,nomination,FALSE,PIT
transactions,0024,AFC,PIT,Pittsburgh Steelers,,,2026-07-29T17:23:59Z,,AUCTION_INIT,,12217|1.10| 0024 1785345839 AUCTION_INIT NA NA NA NA NA NA NA NA NA NA NA NA NA NA,,,,,,,nomination,FALSE,PIT
transactions,0024,AFC,PIT,Pittsburgh Steelers,,,2026-07-30T18:58:22Z,,AUCTION_WON,,12217|1.10| 0024 1785437902 AUCTION_WON NA NA NA NA NA NA NA NA NA NA NA NA NA NA,,,,,,,win,FALSE,PIT
transactions,0024,AFC,PIT,Pittsburgh Steelers,,,2026-07-30T18:58:22Z,,AUCTION_WON,,11706|1.10| 0024 1785437902 AUCTION_WON NA NA NA NA NA NA NA NA NA NA NA NA NA NA,,,,,,,win,FALSE,PIT
transactions,0008,NFC,MIN,Minnesota Vikings,,,2026-08-03T03:03:08Z,,AUCTION_INIT,,17180|1.10| 0008 1785726188 AUCTION_INIT NA NA NA NA NA NA NA NA NA NA NA NA NA NA,,,,,,,nomination,FALSE,MIN
transactions,0009,NFC,ATL,Atlanta Falcons,,,2026-08-03T14:02:05Z,,AUCTION_INIT,,11706|1.10| 0009 1785765725 AUCTION_INIT NA NA NA NA NA NA NA NA NA NA NA NA NA NA,,,,,,,nomination,FALSE,ATL
transactions,0021,AFC,BAL,Baltimore Ravens,,,2026-08-03T20:09:42Z,,AUCTION_INIT,,17410|1.10| 0021 1785787782 AUCTION_INIT NA NA NA NA NA NA NA NA NA NA NA NA NA NA,,,,,,,nomination,FALSE,BAL
transactions,0019,AFC,NEP,New England Patriots,,,2026-08-04T03:19:02Z,,AUCTION_INIT,,14592|1.10| 0019 1785813542 AUCTION_INIT NA NA NA NA NA NA NA NA NA NA NA NA NA NA,,,,,,,nomination,FALSE,NEP
transactions,0008,NFC,MIN,Minnesota Vikings,,,2026-08-04T14:24:27Z,,AUCTION_WON,,17180|1.10| 0008 1785853467 AUCTION_WON NA NA NA NA NA NA NA NA NA NA NA NA NA NA,,,,,,,win,FALSE,MIN
transactions,0009,NFC,ATL,Atlanta Falcons,,,2026-08-04T14:24:27Z,,AUCTION_WON,,11706|1.10| 0009 1785853467 AUCTION_WON NA NA NA NA NA NA NA NA NA NA NA NA NA NA,,,,,,,win,FALSE,ATL
transactions,0022,AFC,CIN,Cincinnati Bengals,,,2026-08-04T20:06:08Z,,AUCTION_INIT,,15814|1.10| 0022 1785873968 AUCTION_INIT NA NA NA NA NA NA NA NA NA NA NA NA NA NA,,,,,,,nomination,FALSE,CIN
transactions,0021,AFC,BAL,Baltimore Ravens,,,2026-08-04T20:12:16Z,,AUCTION_WON,,17410|1.10| 0021 1785874336 AUCTION_WON NA NA NA NA NA NA NA NA NA NA NA NA NA NA,,,,,,,win,FALSE,BAL
transactions,0019,AFC,NEP,New England Patriots,,,2026-08-05T14:32:38Z,,AUCTION_WON,,14592|1.10| 0019 1785940358 AUCTION_WON NA NA NA NA NA NA NA NA NA NA NA NA NA NA,,,,,,,win,FALSE,NEP
transactions,0030,AFC,KCC,Kansas City Chiefs,,,2026-08-05T14:38:17Z,,AUCTION_INIT,,17162|1.10| 0030 1785940697 AUCTION_INIT NA NA NA NA NA NA NA NA NA NA NA NA NA NA,,,,,,,nomination,FALSE,KCC
transactions,0022,AFC,CIN,Cincinnati Bengals,,,2026-08-05T22:21:05Z,,AUCTION_WON,,15814|1.10| 0022 1785968465 AUCTION_WON NA NA NA NA NA NA NA NA NA NA NA NA NA NA,,,,,,,win,FALSE,CIN
transactions,0006,NFC,DET,Detroit Lions,,,2026-08-05T23:27:23Z,,AUCTION_INIT,,16153|1.10| 0006 1785972443 AUCTION_INIT NA NA NA NA NA NA NA NA NA NA NA NA NA NA,,,,,,,nomination,FALSE,DET
transactions,0006,NFC,DET,Detroit Lions,,,2026-08-07T04:46:36Z,,AUCTION_WON,,16153|1.10| 0006 1786077996 AUCTION_WON NA NA NA NA NA NA NA NA NA NA NA NA NA NA,,,,,,,win,FALSE,DET
transactions,0030,AFC,KCC,Kansas City Chiefs,,,2026-08-07T04:58:42Z,,AUCTION_WON,,17162|1.10| 0030 1786078722 AUCTION_WON NA NA NA NA NA NA NA NA NA NA NA NA NA NA,,,,,,,win,FALSE,KCC
transactions,0018,AFC,MIA,Miami Dolphins,,,2026-08-07T12:33:14Z,,AUCTION_INIT,,17097|1.10| 0018 1786105994 AUCTION_INIT NA NA NA NA NA NA NA NA NA NA NA NA NA NA,,,,,,,nomination,FALSE,MIA
transactions,0018,AFC,MIA,Miami Dolphins,,,2026-08-08T18:15:58Z,,AUCTION_WON,,17097|1.10| 0018 1786212958 AUCTION_WON NA NA NA NA NA NA NA NA NA NA NA NA NA NA,,,,,,,win,FALSE,MIA
transactions,0008,NFC,MIN,Minnesota Vikings,,,2026-08-08T20:26:34Z,,AUCTION_INIT,,13230|1.10| 0008 1786220794 AUCTION_INIT NA NA NA NA NA NA NA NA NA NA NA NA NA NA,,,,,,,nomination,FALSE,MIN
transactions,0008,NFC,MIN,Minnesota Vikings,,,2026-08-10T12:23:44Z,,AUCTION_WON,,13230|1.10| 0008 1786364624 AUCTION_WON NA NA NA NA NA NA NA NA NA NA NA NA NA NA,,,,,,,win,FALSE,MIN
transactions,0030,AFC,KCC,Kansas City Chiefs,,,2026-08-11T19:09:44Z,,AUCTION_INIT,,15676|1.10| 0030 1786475384 AUCTION_INIT NA NA NA NA NA NA NA NA NA NA NA NA NA NA,,,,,,,nomination,FALSE,KCC
transactions,0030,AFC,KCC,Kansas City Chiefs,,,2026-08-11T19:54:47Z,,AUCTION_INIT,,13325|1.10| 0030 1786478087 AUCTION_INIT NA NA NA NA NA NA NA NA NA NA NA NA NA NA,,,,,,,nomination,FALSE,KCC
transactions,0009,NFC,ATL,Atlanta Falcons,,,2026-08-12T00:48:02Z,,AUCTION_INIT,,17162|1.10| 0009 1786495682 AUCTION_INIT NA NA NA NA NA NA NA NA NA NA NA NA NA NA,,,,,,,nomination,FALSE,ATL
transactions,0007,NFC,GBP,Green Bay Packers,,,2026-08-12T02:28:14Z,,AUCTION_INIT,,17077|1.10| 0007 1786501694 AUCTION_INIT NA NA NA NA NA NA NA NA NA NA NA NA NA NA,,,,,,,nomination,FALSE,GBP
transactions,0030,AFC,KCC,Kansas City Chiefs,,,2026-08-12T21:06:44Z,,AUCTION_WON,,15676|1.10| 0030 1786568804 AUCTION_WON NA NA NA NA NA NA NA NA NA NA NA NA NA NA,,,,,,,win,FALSE,KCC
transactions,0030,AFC,KCC,Kansas City Chiefs,,,2026-08-12T21:06:44Z,,AUCTION_WON,,13325|1.10| 0030 1786568804 AUCTION_WON NA NA NA NA NA NA NA NA NA NA NA NA NA NA,,,,,,,win,FALSE,KCC
transactions,0009,NFC,ATL,Atlanta Falcons,,,2026-08-13T02:17:18Z,,AUCTION_WON,,17162|1.10| 0009 1786587438 AUCTION_WON NA NA NA NA NA NA NA NA NA NA NA NA NA NA,,,,,,,win,FALSE,ATL
transactions,0007,NFC,GBP,Green Bay Packers,,,2026-08-13T14:39:06Z,,AUCTION_WON,,17077|1.10| 0007 1786631946 AUCTION_WON NA NA NA NA NA NA NA NA NA NA NA NA NA NA,,,,,,,win,FALSE,GBP
transactions,0007,NFC,GBP,Green Bay Packers,,,2026-08-13T14:41:37Z,,AUCTION_INIT,,16492|1.10| 0007 1786632097 AUCTION_INIT NA NA NA NA NA NA NA NA NA NA NA NA NA NA,,,,,,,nomination,FALSE,GBP
transactions,0021,AFC,BAL,Baltimore Ravens,,,2026-08-13T14:56:16Z,,AUCTION_INIT,,14434|1.10| 0021 1786632976 AUCTION_INIT NA NA NA NA NA NA NA NA NA NA NA NA NA NA,,,,,,,nomination,FALSE,BAL
transactions,0021,AFC,BAL,Baltimore Ravens,,,2026-08-14T02:30:32Z,,AUCTION_INIT,,17653|1.10| 0021 1786674632 AUCTION_INIT NA NA NA NA NA NA NA NA NA NA NA NA NA NA,,,,,,,nomination,FALSE,BAL
transactions,0021,AFC,BAL,Baltimore Ravens,,,2026-08-14T15:07:45Z,,AUCTION_WON,,14434|1.10| 0021 1786720065 AUCTION_WON NA NA NA NA NA NA NA NA NA NA NA NA NA NA,,,,,,,win,FALSE,BAL
transactions,0007,NFC,GBP,Green Bay Packers,,,2026-08-14T16:02:14Z,,AUCTION_WON,,16492|1.10| 0007 1786723334 AUCTION_WON NA NA NA NA NA NA NA NA NA NA NA NA NA NA,,,,,,,win,FALSE,GBP
transactions,0021,AFC,BAL,Baltimore Ravens,,,2026-08-14T20:28:10Z,,AUCTION_INIT,,17207|1.10| 0021 1786739290 AUCTION_INIT NA NA NA NA NA NA NA NA NA NA NA NA NA NA,,,,,,,nomination,FALSE,BAL
transactions,0006,NFC,DET,Detroit Lions,,,2026-08-15T01:20:22Z,,AUCTION_INIT,,17226|1.10| 0006 1786756822 AUCTION_INIT NA NA NA NA NA NA NA NA NA NA NA NA NA NA,,,,,,,nomination,FALSE,DET
transactions,0021,AFC,BAL,Baltimore Ravens,,,2026-08-15T13:46:36Z,,AUCTION_WON,,17653|1.10| 0021 1786801596 AUCTION_WON NA NA NA NA NA NA NA NA NA NA NA NA NA NA,,,,,,,win,FALSE,BAL
transactions,0021,AFC,BAL,Baltimore Ravens,,,2026-08-15T13:47:28Z,,AUCTION_INIT,,17709|1.10| 0021 1786801648 AUCTION_INIT NA NA NA NA NA NA NA NA NA NA NA NA NA NA,,,,,,,nomination,FALSE,BAL
transactions,0021,AFC,BAL,Baltimore Ravens,,,2026-08-15T22:08:07Z,,AUCTION_WON,,17207|1.10| 0021 1786831687 AUCTION_WON NA NA NA NA NA NA NA NA NA NA NA NA NA NA,,,,,,,win,FALSE,BAL
transactions,0006,NFC,DET,Detroit Lions,,,2026-08-16T06:05:09Z,,AUCTION_WON,,17226|1.10| 0006 1786860309 AUCTION_WON NA NA NA NA NA NA NA NA NA NA NA NA NA NA,,,,,,,win,FALSE,DET
transactions,0021,AFC,BAL,Baltimore Ravens,,,2026-08-16T15:00:40Z,,AUCTION_WON,,17709|1.10| 0021 1786892440 AUCTION_WON NA NA NA NA NA NA NA NA NA NA NA NA NA NA,,,,,,,win,FALSE,BAL
transactions,0016,NFC,SEA,Seattle Seahawks,,,2026-08-20T19:13:27Z,,AUCTION_INIT,,15254|1.10| 0016 1787253207 AUCTION_INIT NA NA NA NA NA NA NA NA NA NA NA NA NA NA,,,,,,,nomination,FALSE,SEA
transactions,0016,NFC,SEA,Seattle Seahawks,,,2026-08-20T19:17:17Z,,AUCTION_INIT,,17750|1.10| 0016 1787253437 AUCTION_INIT NA NA NA NA NA NA NA NA NA NA NA NA NA NA,,,,,,,nomination,FALSE,SEA
transactions,0016,NFC,SEA,Seattle Seahawks,,,2026-08-20T20:05:10Z,,AUCTION_INIT,,17530|1.10| 0016 1787256310 AUCTION_INIT NA NA NA NA NA NA NA NA NA NA NA NA NA NA,,,,,,,nomination,FALSE,SEA
transactions,0015,NFC,SFO,San Francisco 49ers,,,2026-08-21T14:14:38Z,,AUCTION_INIT,,17726|1.10| 0015 1787321678 AUCTION_INIT NA NA NA NA NA NA NA NA NA NA NA NA NA NA,,,,,,,nomination,FALSE,SFO
transactions,0021,AFC,BAL,Baltimore Ravens,,,2026-08-21T19:02:09Z,,AUCTION_INIT,,0802|1.10| 0021 1787338929 AUCTION_INIT NA NA NA NA NA NA NA NA NA NA NA NA NA NA,,,,,,,nomination,FALSE,BAL
transactions,0016,NFC,SEA,Seattle Seahawks,,,2026-08-21T19:50:53Z,,AUCTION_WON,,17750|1.10| 0016 1787341853 AUCTION_WON NA NA NA NA NA NA NA NA NA NA NA NA NA NA,,,,,,,win,FALSE,SEA
transactions,0016,NFC,SEA,Seattle Seahawks,,,2026-08-21T19:50:53Z,,AUCTION_WON,,15254|1.10| 0016 1787341853 AUCTION_WON NA NA NA NA NA NA NA NA NA NA NA NA NA NA,,,,,,,win,FALSE,SEA
transactions,0016,NFC,SEA,Seattle Seahawks,,,2026-08-21T20:30:19Z,,AUCTION_WON,,17530|1.10| 0016 1787344219 AUCTION_WON NA NA NA NA NA NA NA NA NA NA NA NA NA NA,,,,,,,win,FALSE,SEA
transactions,0021,AFC,BAL,Baltimore Ravens,,,2026-08-22T00:35:43Z,,AUCTION_INIT,,14328|1.10| 0021 1787358943 AUCTION_INIT NA NA NA NA NA NA NA NA NA NA NA NA NA NA,,,,,,,nomination,FALSE,BAL
transactions,0015,NFC,SFO,San Francisco 49ers,,,2026-08-22T16:55:22Z,,AUCTION_WON,,17726|1.10| 0015 1787417722 AUCTION_WON NA NA NA NA NA NA NA NA NA NA NA NA NA NA,,,,,,,win,FALSE,SFO
transactions,0021,AFC,BAL,Baltimore Ravens,,,2026-08-22T21:23:26Z,,AUCTION_WON,,0802|1.10| 0021 1787433806 AUCTION_WON NA NA NA NA NA NA NA NA NA NA NA NA NA NA,,,,,,,win,FALSE,BAL
transactions,0021,AFC,BAL,Baltimore Ravens,,,2026-08-23T16:11:55Z,,AUCTION_WON,,14328|1.10| 0021 1787501515 AUCTION_WON NA NA NA NA NA NA NA NA NA NA NA NA NA NA,,,,,,,win,FALSE,BAL
transactions,0021,AFC,BAL,Baltimore Ravens,,,2026-08-23T17:15:51Z,,AUCTION_INIT,,13201|1.10| 0021 1787505351 AUCTION_INIT NA NA NA NA NA NA NA NA NA NA NA NA NA NA,,,,,,,nomination,FALSE,BAL
transactions,0016,NFC,SEA,Seattle Seahawks,,,2026-08-23T17:53:48Z,,AUCTION_INIT,,16300|1.10| 0016 1787507628 AUCTION_INIT NA NA NA NA NA NA NA NA NA NA NA NA NA NA,,,,,,,nomination,FALSE,SEA
transactions,0016,NFC,SEA,Seattle Seahawks,,,2026-08-23T23:06:40Z,,AUCTION_INIT,,16613|1.10| 0016 1787526400 AUCTION_INIT NA NA NA NA NA NA NA NA NA NA NA NA NA NA,,,,,,,nomination,FALSE,SEA
transactions,0009,NFC,ATL,Atlanta Falcons,,,2026-08-24T16:08:55Z,,AUCTION_INIT,,12218|1.10| 0009 1787587735 AUCTION_INIT NA NA NA NA NA NA NA NA NA NA NA NA NA NA,,,,,,,nomination,FALSE,ATL
transactions,0009,NFC,ATL,Atlanta Falcons,,,2026-08-24T16:10:16Z,,AUCTION_INIT,,16662|1.10| 0009 1787587816 AUCTION_INIT NA NA NA NA NA NA NA NA NA NA NA NA NA NA,,,,,,,nomination,FALSE,ATL
transactions,0016,NFC,SEA,Seattle Seahawks,,,2026-08-24T18:43:41Z,,AUCTION_WON,,16300|1.10| 0016 1787597021 AUCTION_WON NA NA NA NA NA NA NA NA NA NA NA NA NA NA,,,,,,,win,FALSE,SEA
transactions,0021,AFC,BAL,Baltimore Ravens,,,2026-08-24T18:45:13Z,,AUCTION_WON,,13201|1.10| 0021 1787597113 AUCTION_WON NA NA NA NA NA NA NA NA NA NA NA NA NA NA,,,,,,,win,FALSE,BAL
transactions,0016,NFC,SEA,Seattle Seahawks,,,2026-08-24T23:31:38Z,,AUCTION_WON,,16613|1.10| 0016 1787614298 AUCTION_WON NA NA NA NA NA NA NA NA NA NA NA NA NA NA,,,,,,,win,FALSE,SEA
transactions,0006,NFC,DET,Detroit Lions,,,2026-08-25T02:08:06Z,,AUCTION_INIT,,17672|1.10| 0006 1787623686 AUCTION_INIT NA NA NA NA NA NA NA NA NA NA NA NA NA NA,,,,,,,nomination,FALSE,DET
transactions,0013,NFC,ARI,Arizona Cardinals,,,2026-08-25T03:59:48Z,,AUCTION_INIT,,15173|1.10| 0013 1787630388 AUCTION_INIT NA NA NA NA NA NA NA NA NA NA NA NA NA NA,,,,,,,nomination,FALSE,ARI
transactions,0025,AFC,HOU,Houston Texans,,,2026-08-25T13:33:32Z,,AUCTION_INIT,,10775|1.10| 0025 1787664812 AUCTION_INIT NA NA NA NA NA NA NA NA NA NA NA NA NA NA,,,,,,,nomination,FALSE,HOU
transactions,0025,AFC,HOU,Houston Texans,,,2026-08-25T14:01:35Z,,AUCTION_INIT,,15395|1.10| 0025 1787666495 AUCTION_INIT NA NA NA NA NA NA NA NA NA NA NA NA NA NA,,,,,,,nomination,FALSE,HOU
transactions,0025,AFC,HOU,Houston Texans,,,2026-08-25T16:44:12Z,,AUCTION_INIT,,15795|1.10| 0025 1787676252 AUCTION_INIT NA NA NA NA NA NA NA NA NA NA NA NA NA NA,,,,,,,nomination,FALSE,HOU
transactions,0009,NFC,ATL,Atlanta Falcons,,,2026-08-25T16:48:15Z,,AUCTION_WON,,16662|1.10| 0009 1787676495 AUCTION_WON NA NA NA NA NA NA NA NA NA NA NA NA NA NA,,,,,,,win,FALSE,ATL
transactions,0009,NFC,ATL,Atlanta Falcons,,,2026-08-25T16:48:15Z,,AUCTION_WON,,12218|1.10| 0009 1787676495 AUCTION_WON NA NA NA NA NA NA NA NA NA NA NA NA NA NA,,,,,,,win,FALSE,ATL
transactions,0021,AFC,BAL,Baltimore Ravens,,,2026-08-25T18:46:59Z,,AUCTION_BID,,10775|2.1| 0021 1787683619 AUCTION_BID NA NA NA NA NA NA NA NA NA NA NA NA NA NA,,,,,,,bid,FALSE,BAL
transactions,0006,NFC,DET,Detroit Lions,,,2026-08-26T05:33:42Z,,AUCTION_WON,,17672|1.10| 0006 1787722422 AUCTION_WON NA NA NA NA NA NA NA NA NA NA NA NA NA NA,,,,,,,win,FALSE,DET
transactions,0013,NFC,ARI,Arizona Cardinals,,,2026-08-26T05:33:42Z,,AUCTION_WON,,15173|1.10| 0013 1787722422 AUCTION_WON NA NA NA NA NA NA NA NA NA NA NA NA NA NA,,,,,,,win,FALSE,ARI
transactions,0016,NFC,SEA,Seattle Seahawks,,,2026-08-26T16:59:18Z,,AUCTION_INIT,,17743|1.10| 0016 1787763558 AUCTION_INIT NA NA NA NA NA NA NA NA NA NA NA NA NA NA,,,,,,,nomination,FALSE,SEA
transactions,0025,AFC,HOU,Houston Texans,,,2026-08-26T17:09:35Z,,AUCTION_WON,,15795|1.10| 0025 1787764175 AUCTION_WON NA NA NA NA NA NA NA NA NA NA NA NA NA NA,,,,,,,win,FALSE,HOU
transactions,0025,AFC,HOU,Houston Texans,,,2026-08-26T17:09:35Z,,AUCTION_WON,,15395|1.10| 0025 1787764175 AUCTION_WON NA NA NA NA NA NA NA NA NA NA NA NA NA NA,,,,,,,win,FALSE,HOU
transactions,0021,AFC,BAL,Baltimore Ravens,,,2026-08-26T20:08:59Z,,AUCTION_WON,,10775|2.1| 0021 1787774939 AUCTION_WON NA NA NA NA NA NA NA NA NA NA NA NA NA NA,,,,,,,win,FALSE,BAL
transactions,0017,AFC,BUF,Buffalo Bills,,,2026-08-27T07:44:52Z,,AUCTION_INIT,,12218|1.10| 0017 1787816692 AUCTION_INIT NA NA NA NA NA NA NA NA NA NA NA NA NA NA,,,,,,,nomination,FALSE,BUF
transactions,0008,NFC,MIN,Minnesota Vikings,,,2026-08-27T14:19:37Z,,AUCTION_INIT,,17753|1.10| 0008 1787840377 AUCTION_INIT NA NA NA NA NA NA NA NA NA NA NA NA NA NA,,,,,,,nomination,FALSE,MIN
transactions,0016,NFC,SEA,Seattle Seahawks,,,2026-08-27T17:46:45Z,,AUCTION_WON,,17743|1.10| 0016 1787852805 AUCTION_WON NA NA NA NA NA NA NA NA NA NA NA NA NA NA,,,,,,,win,FALSE,SEA
transactions,0017,AFC,BUF,Buffalo Bills,,,2026-08-28T15:04:19Z,,AUCTION_WON,,12218|1.10| 0017 1787929459 AUCTION_WON NA NA NA NA NA NA NA NA NA NA NA NA NA NA,,,,,,,win,FALSE,BUF
transactions,0008,NFC,MIN,Minnesota Vikings,,,2026-08-28T15:46:31Z,,AUCTION_WON,,17753|1.10| 0008 1787931991 AUCTION_WON NA NA NA NA NA NA NA NA NA NA NA NA NA NA,,,,,,,win,FALSE,MIN
transactions,0025,AFC,HOU,Houston Texans,,,2026-08-28T18:04:41Z,,AUCTION_INIT,,15895|1.10| 0025 1787940281 AUCTION_INIT NA NA NA NA NA NA NA NA NA NA NA NA NA NA,,,,,,,nomination,FALSE,HOU
transactions,0025,AFC,HOU,Houston Texans,,,2026-08-28T18:04:51Z,,AUCTION_INIT,,15445|1.10| 0025 1787940291 AUCTION_INIT NA NA NA NA NA NA NA NA NA NA NA NA NA NA,,,,,,,nomination,FALSE,HOU
transactions,0021,AFC,BAL,Baltimore Ravens,,,2026-08-28T18:30:43Z,,AUCTION_INIT,,16342|1.10| 0021 1787941843 AUCTION_INIT NA NA NA NA NA NA NA NA NA NA NA NA NA NA,,,,,,,nomination,FALSE,BAL
transactions,0025,AFC,HOU,Houston Texans,,,2026-08-29T00:47:43Z,,AUCTION_INIT,,14983|1.10| 0025 1787964463 AUCTION_INIT NA NA NA NA NA NA NA NA NA NA NA NA NA NA,,,,,,,nomination,FALSE,HOU
transactions,0009,NFC,ATL,Atlanta Falcons,,,2026-08-29T12:23:59Z,,AUCTION_INIT,,13718|1.10| 0009 1788006239 AUCTION_INIT NA NA NA NA NA NA NA NA NA NA NA NA NA NA,,,,,,,nomination,FALSE,ATL
transactions,0021,AFC,BAL,Baltimore Ravens,,,2026-08-29T21:23:11Z,,AUCTION_WON,,16342|1.10| 0021 1788038591 AUCTION_WON NA NA NA NA NA NA NA NA NA NA NA NA NA NA,,,,,,,win,FALSE,BAL
transactions,0025,AFC,HOU,Houston Texans,,,2026-08-29T21:23:11Z,,AUCTION_WON,,15895|1.10| 0025 1788038591 AUCTION_WON NA NA NA NA NA NA NA NA NA NA NA NA NA NA,,,,,,,win,FALSE,HOU
transactions,0025,AFC,HOU,Houston Texans,,,2026-08-29T21:23:11Z,,AUCTION_WON,,15445|1.10| 0025 1788038591 AUCTION_WON NA NA NA NA NA NA NA NA NA NA NA NA NA NA,,,,,,,win,FALSE,HOU
transactions,0025,AFC,HOU,Houston Texans,,,2026-08-30T03:16:56Z,,AUCTION_WON,,14983|1.10| 0025 1788059816 AUCTION_WON NA NA NA NA NA NA NA NA NA NA NA NA NA NA,,,,,,,win,FALSE,HOU
transactions,0009,NFC,ATL,Atlanta Falcons,,,2026-08-30T13:11:26Z,,AUCTION_WON,,13718|1.10| 0009 1788095486 AUCTION_WON NA NA NA NA NA NA NA NA NA NA NA NA NA NA,,,,,,,win,FALSE,ATL
transactions,0009,NFC,ATL,Atlanta Falcons,,,2026-08-30T19:16:45Z,,AUCTION_INIT,,16293|1.10| 0009 1788117405 AUCTION_INIT NA NA NA NA NA NA NA NA NA NA NA NA NA NA,,,,,,,nomination,FALSE,ATL
transactions,0030,AFC,KCC,Kansas City Chiefs,,,2026-08-30T21:03:47Z,,AUCTION_INIT,,16896|1.10| 0030 1788123827 AUCTION_INIT NA NA NA NA NA NA NA NA NA NA NA NA NA NA,,,,,,,nomination,FALSE,KCC
transactions,0002,NFC,NYG,New York Giants,,,2026-08-31T00:48:40Z,,AUCTION_INIT,,16923|1.10| 0002 1788137320 AUCTION_INIT NA NA NA NA NA NA NA NA NA NA NA NA NA NA,,,,,,,nomination,FALSE,NYG
transactions,0030,AFC,KCC,Kansas City Chiefs,,,2026-08-31T02:36:09Z,,AUCTION_INIT,,17666|1.10| 0030 1788143769 AUCTION_INIT NA NA NA NA NA NA NA NA NA NA NA NA NA NA,,,,,,,nomination,FALSE,KCC
transactions,0008,NFC,MIN,Minnesota Vikings,,,2026-08-31T02:38:31Z,,AUCTION_INIT,,15676|1.10| 0008 1788143911 AUCTION_INIT NA NA NA NA NA NA NA NA NA NA NA NA NA NA,,,,,,,nomination,FALSE,MIN
transactions,0009,NFC,ATL,Atlanta Falcons,,,2026-08-31T19:28:09Z,,AUCTION_WON,,16293|1.10| 0009 1788204489 AUCTION_WON NA NA NA NA NA NA NA NA NA NA NA NA NA NA,,,,,,,win,FALSE,ATL
transactions,0002,NFC,NYG,New York Giants,,,2026-09-01T02:08:37Z,,AUCTION_WON,,16923|1.10| 0002 1788228517 AUCTION_WON NA NA NA NA NA NA NA NA NA NA NA NA NA NA,,,,,,,win,FALSE,NYG
transactions,0008,NFC,MIN,Minnesota Vikings,,,2026-09-01T02:58:25Z,,AUCTION_WON,,15676|1.10| 0008 1788231505 AUCTION_WON NA NA NA NA NA NA NA NA NA NA NA NA NA NA,,,,,,,win,FALSE,MIN
transactions,0030,AFC,KCC,Kansas City Chiefs,,,2026-09-01T08:31:45Z,,AUCTION_WON,,17666|1.10| 0030 1788251505 AUCTION_WON NA NA NA NA NA NA NA NA NA NA NA NA NA NA,,,,,,,win,FALSE,KCC
transactions,0030,AFC,KCC,Kansas City Chiefs,,,2026-09-01T08:31:45Z,,AUCTION_WON,,16896|1.10| 0030 1788251505 AUCTION_WON NA NA NA NA NA NA NA NA NA NA NA NA NA NA,,,,,,,win,FALSE,KCC
transactions,0001,NFC,DAL,Dallas Cowboys,,,2026-09-01T20:20:28Z,,AUCTION_INIT,,16850|1.10| 0001 1788294028 AUCTION_INIT NA NA NA NA NA NA NA NA NA NA NA NA NA NA,,,,,,,nomination,FALSE,DAL
transactions,0002,NFC,NYG,New York Giants,,,2026-09-02T11:03:21Z,,AUCTION_INIT,,17196|1.10| 0002 1788347001 AUCTION_INIT NA NA NA NA NA NA NA NA NA NA NA NA NA NA,,,,,,,nomination,FALSE,NYG
transactions,0003,NFC,PHI,Philadelphia Eagles,,,2026-09-02T13:20:02Z,,AUCTION_INIT,,15921|1.10| 0003 1788355202 AUCTION_INIT NA NA NA NA NA NA NA NA NA NA NA NA NA NA,,,,,,,nomination,FALSE,PHI
transactions,0010,NFC,CAR,Carolina Panthers,,,2026-09-02T14:48:29Z,,AUCTION_INIT,,16603|1.10| 0010 1788360509 AUCTION_INIT NA NA NA NA NA NA NA NA NA NA NA NA NA NA,,,,,,,nomination,FALSE,CAR
transactions,0003,NFC,PHI,Philadelphia Eagles,,,2026-09-02T20:16:48Z,,AUCTION_INIT,,15871|1.10| 0003 1788380208 AUCTION_INIT NA NA NA NA NA NA NA NA NA NA NA NA NA NA,,,,,,,nomination,FALSE,PHI
transactions,0003,NFC,PHI,Philadelphia Eagles,,,2026-09-02T20:17:40Z,,AUCTION_INIT,,14888|1.10| 0003 1788380260 AUCTION_INIT NA NA NA NA NA NA NA NA NA NA NA NA NA NA,,,,,,,nomination,FALSE,PHI
transactions,0001,NFC,DAL,Dallas Cowboys,,,2026-09-02T20:38:27Z,,AUCTION_WON,,16850|1.10| 0001 1788381507 AUCTION_WON NA NA NA NA NA NA NA NA NA NA NA NA NA NA,,,,,,,win,FALSE,DAL
transactions,0004,NFC,WAS,Washington Commanders,,,2026-09-03T03:03:34Z,,AUCTION_BID,,15871|1.2| 0004 1788404614 AUCTION_BID NA NA NA NA NA NA NA NA NA NA NA NA NA NA,,,,,,,bid,FALSE,WAS
transactions,0002,NFC,NYG,New York Giants,,,2026-09-03T13:37:10Z,,AUCTION_WON,,17196|1.10| 0002 1788442630 AUCTION_WON NA NA NA NA NA NA NA NA NA NA NA NA NA NA,,,,,,,win,FALSE,NYG
transactions,0003,NFC,PHI,Philadelphia Eagles,,,2026-09-03T13:37:10Z,,AUCTION_WON,,15921|1.10| 0003 1788442630 AUCTION_WON NA NA NA NA NA NA NA NA NA NA NA NA NA NA,,,,,,,win,FALSE,PHI
transactions,0010,NFC,CAR,Carolina Panthers,,,2026-09-03T15:04:46Z,,AUCTION_WON,,16603|1.10| 0010 1788447886 AUCTION_WON NA NA NA NA NA NA NA NA NA NA NA NA NA NA,,,,,,,win,FALSE,CAR
transactions,0002,NFC,NYG,New York Giants,,,2026-09-03T15:45:56Z,,AUCTION_INIT,,14867|1.10| 0002 1788450356 AUCTION_INIT NA NA NA NA NA NA NA NA NA NA NA NA NA NA,,,,,,,nomination,FALSE,NYG
transactions,0004,NFC,WAS,Washington Commanders,,,2026-09-03T16:52:29Z,,AUCTION_BID,,15871|2|Dallas Cowboys forced bid increase 0004 1788454349 AUCTION_BID NA NA NA NA NA NA NA NA NA NA NA NA NA NA,,,,,,Dallas Cowboys,bid,FALSE,DAL
transactions,0001,NFC,DAL,Dallas Cowboys,,,2026-09-03T19:30:09Z,,AUCTION_BID,,15871|2.1| 0001 1788463809 AUCTION_BID NA NA NA NA NA NA NA NA NA NA NA 1 NA NA,,,,,,,bid,FALSE,DAL
transactions,0003,NFC,PHI,Philadelphia Eagles,,,2026-09-03T19:40:53Z,,AUCTION_INIT,,15871|1.10| 0003 1788464453 AUCTION_INIT NA NA NA NA NA NA NA NA NA NA NA 1 NA NA,,,,,,,nomination,FALSE,PHI
transactions,0004,NFC,WAS,Washington Commanders,,,2026-09-03T19:41:05Z,,AUCTION_BID,,15871|2.1| 0004 1788464465 AUCTION_BID NA NA NA NA NA NA NA NA NA NA NA 1 NA NA,,,,,,,bid,FALSE,WAS
transactions,0003,NFC,PHI,Philadelphia Eagles,,,2026-09-03T20:21:51Z,,AUCTION_WON,,14888|1.10| 0003 1788466911 AUCTION_WON NA NA NA NA NA NA NA NA NA NA NA NA NA NA,,,,,,,win,FALSE,PHI
transactions,0006,NFC,DET,Detroit Lions,,,2026-09-03T23:47:45Z,,AUCTION_INIT,,16175|1.10| 0006 1788479265 AUCTION_INIT NA NA NA NA NA NA NA NA NA NA NA NA NA NA,,,,,,,nomination,FALSE,DET
transactions,0013,NFC,ARI,Arizona Cardinals,,,2026-09-04T03:12:51Z,,AUCTION_INIT,,13303|1.10| 0013 1788491571 AUCTION_INIT NA NA NA NA NA NA NA NA NA NA NA NA NA NA,,,,,,,nomination,FALSE,ARI
transactions,0013,NFC,ARI,Arizona Cardinals,,,2026-09-04T03:13:34Z,,AUCTION_INIT,,13869|1.10| 0013 1788491614 AUCTION_INIT NA NA NA NA NA NA NA NA NA NA NA NA NA NA,,,,,,,nomination,FALSE,ARI
transactions,0032,AFC,LAC,Los Angeles Chargers,,,2026-09-04T15:47:28Z,,AUCTION_INIT,,17639|1.10| 0032 1788536848 AUCTION_INIT NA NA NA NA NA NA NA NA NA NA NA NA NA NA,,,,,,,nomination,FALSE,LAC
transactions,0002,NFC,NYG,New York Giants,,,2026-09-04T15:59:39Z,,AUCTION_WON,,14867|1.10| 0002 1788537579 AUCTION_WON NA NA NA NA NA NA NA NA NA NA NA NA NA NA,,,,,,,win,FALSE,NYG
transactions,0004,NFC,WAS,Washington Commanders,,,2026-09-04T19:47:02Z,,AUCTION_WON,,15871|2.1| 0004 1788551222 AUCTION_WON NA NA NA NA NA NA NA NA NA NA NA NA NA NA,,,,,,,win,FALSE,WAS
transactions,0006,NFC,DET,Detroit Lions,,,2026-09-05T02:20:39Z,,AUCTION_WON,,16175|1.10| 0006 1788574839 AUCTION_WON NA NA NA NA NA NA NA NA NA NA NA NA NA NA,,,,,,,win,FALSE,DET
transactions,0013,NFC,ARI,Arizona Cardinals,,,2026-09-05T11:31:18Z,,AUCTION_WON,,13869|1.10| 0013 1788607878 AUCTION_WON NA NA NA NA NA NA NA NA NA NA NA NA NA NA,,,,,,,win,FALSE,ARI
transactions,0013,NFC,ARI,Arizona Cardinals,,,2026-09-05T11:31:18Z,,AUCTION_WON,,13303|1.10| 0013 1788607878 AUCTION_WON NA NA NA NA NA NA NA NA NA NA NA NA NA NA,,,,,,,win,FALSE,ARI
transactions,0032,AFC,LAC,Los Angeles Chargers,,,2026-09-05T20:10:14Z,,AUCTION_WON,,17639|1.10| 0032 1788639014 AUCTION_WON NA NA NA NA NA NA NA NA NA NA NA NA NA NA,,,,,,,win,FALSE,LAC
transactions,0021,AFC,BAL,Baltimore Ravens,,,2026-09-05T21:30:01Z,,AUCTION_INIT,,12739|1.10| 0021 1788643801 AUCTION_INIT NA NA NA NA NA NA NA NA NA NA NA NA NA NA,,,,,,,nomination,FALSE,BAL
transactions,0002,NFC,NYG,New York Giants,,,2026-09-05T23:35:09Z,,AUCTION_INIT,,10783|1.10| 0002 1788651309 AUCTION_INIT NA NA NA NA NA NA NA NA NA NA NA NA NA NA,,,,,,,nomination,FALSE,NYG
transactions,0021,AFC,BAL,Baltimore Ravens,,,2026-09-06T00:16:34Z,,AUCTION_INIT,,10783|1.10| 0021 1788653794 AUCTION_INIT NA NA NA NA NA NA NA NA NA NA NA NA NA NA,,,,,,,nomination,FALSE,BAL
transactions,0025,AFC,HOU,Houston Texans,,,2026-09-06T01:08:53Z,,AUCTION_BID,,10783|1.2| 0025 1788656933 AUCTION_BID NA NA NA NA NA NA NA NA NA NA NA NA NA NA,,,,,,,bid,FALSE,HOU
transactions,0025,AFC,HOU,Houston Texans,,,2026-09-06T03:01:38Z,,AUCTION_BID,,10783|2.00|Baltimore Ravens forced bid increase 0025 1788663698 AUCTION_BID NA NA NA NA NA NA NA NA NA NA NA NA NA NA,,,,,,Baltimore Ravens,bid,FALSE,BAL
transactions,0021,AFC,BAL,Baltimore Ravens,,,2026-09-06T03:01:45Z,,AUCTION_BID,,10783|2.1| 0021 1788663705 AUCTION_BID NA NA NA NA NA NA NA NA NA NA NA NA NA NA,,,,,,,bid,FALSE,BAL
transactions,0025,AFC,HOU,Houston Texans,,,2026-09-06T03:25:43Z,,AUCTION_INIT,,10783|1.10| 0025 1788665143 AUCTION_INIT NA NA NA NA NA NA NA NA NA NA NA 1 NA NA,,,,,,,nomination,FALSE,HOU
transactions,0025,AFC,HOU,Houston Texans,,,2026-09-06T04:51:14Z,,AUCTION_BID,,10783|2.10|Baltimore Ravens forced bid increase 0025 1788670274 AUCTION_BID NA NA NA NA NA NA NA NA NA NA NA 1 NA NA,,,,,,Baltimore Ravens,bid,FALSE,BAL
transactions,0008,NFC,MIN,Minnesota Vikings,,,2026-09-06T15:24:24Z,,AUCTION_INIT,,13767|1.10| 0008 1788708264 AUCTION_INIT NA NA NA NA NA NA NA NA NA NA NA NA NA NA,,,,,,,nomination,FALSE,MIN
transactions,0008,NFC,MIN,Minnesota Vikings,,,2026-09-06T15:24:30Z,,AUCTION_INIT,,13288|1.10| 0008 1788708270 AUCTION_INIT NA NA NA NA NA NA NA NA NA NA NA NA NA NA,,,,,,,nomination,FALSE,MIN
transactions,0021,AFC,BAL,Baltimore Ravens,,,2026-09-06T22:23:56Z,,AUCTION_WON,,12739|1.10| 0021 1788733436 AUCTION_WON NA NA NA NA NA NA NA NA NA NA NA NA NA NA,,,,,,,win,FALSE,BAL
transactions,0011,NFC,NOS,New Orleans Saints,,,2026-09-06T22:27:12Z,,AUCTION_INIT,,16671|1.10| 0011 1788733632 AUCTION_INIT NA NA NA NA NA NA NA NA NA NA NA NA NA NA,,,,,,,nomination,FALSE,NOS
transactions,0011,NFC,NOS,New Orleans Saints,,,2026-09-06T22:28:16Z,,AUCTION_INIT,,13146|1.10| 0011 1788733696 AUCTION_INIT NA NA NA NA NA NA NA NA NA NA NA NA NA NA,,,,,,,nomination,FALSE,NOS
transactions,0002,NFC,NYG,New York Giants,,,2026-09-07T00:19:19Z,,AUCTION_WON,,10783|1.10| 0002 1788740359 AUCTION_WON NA NA NA NA NA NA NA NA NA NA NA NA NA NA,,,,,,,win,FALSE,NYG
transactions,0027,AFC,JAC,Jacksonville Jaguars,,,2026-09-07T01:09:40Z,,AUCTION_INIT,,13844|1.10| 0027 1788743380 AUCTION_INIT NA NA NA NA NA NA NA NA NA NA NA NA NA NA,,,,,,,nomination,FALSE,JAC
transactions,0021,AFC,BAL,Baltimore Ravens,,,2026-09-07T01:20:32Z,,AUCTION_INIT,,13189|1.10| 0021 1788744032 AUCTION_INIT NA NA NA NA NA NA NA NA NA NA NA NA NA NA,,,,,,,nomination,FALSE,BAL
transactions,0025,AFC,HOU,Houston Texans,,,2026-09-07T04:15:54Z,,AUCTION_WON,,10783|2.10| 0025 1788754554 AUCTION_WON NA NA NA NA NA NA NA NA NA NA NA NA NA NA,,,,,,,win,FALSE,HOU
transactions,0020,AFC,NYJ,New York Jets,,,2026-09-07T11:21:36Z,,AUCTION_INIT,,13933|1.10| 0020 1788780096 AUCTION_INIT NA NA NA NA NA NA NA NA NA NA NA NA NA NA,,,,,,,nomination,FALSE,NYJ
transactions,0020,AFC,NYJ,New York Jets,,,2026-09-07T11:23:01Z,,AUCTION_INIT,,13322|1.10| 0020 1788780181 AUCTION_INIT NA NA NA NA NA NA NA NA NA NA NA NA NA NA,,,,,,,nomination,FALSE,NYJ
transactions,0020,AFC,NYJ,New York Jets,,,2026-09-07T11:24:35Z,,AUCTION_INIT,,15076|1.10| 0020 1788780275 AUCTION_INIT NA NA NA NA NA NA NA NA NA NA NA NA NA NA,,,,,,,nomination,FALSE,NYJ
transactions,0018,AFC,MIA,Miami Dolphins,,,2026-09-07T15:19:57Z,,AUCTION_BID,,13322|1.2| 0018 1788794397 AUCTION_BID NA NA NA NA NA NA NA NA NA NA NA NA NA NA,,,,,,,bid,FALSE,MIA
transactions,0008,NFC,MIN,Minnesota Vikings,,,2026-09-07T15:24:34Z,,AUCTION_WON,,13767|1.10| 0008 1788794674 AUCTION_WON NA NA NA NA NA NA NA NA NA NA NA NA NA NA,,,,,,,win,FALSE,MIN
transactions,0008,NFC,MIN,Minnesota Vikings,,,2026-09-07T15:24:34Z,,AUCTION_WON,,13288|1.10| 0008 1788794674 AUCTION_WON NA NA NA NA NA NA NA NA NA NA NA NA NA NA,,,,,,,win,FALSE,MIN
