poll_id,poll_question,poll_closed_date,answer,votes,voter_name,voter_franchise
988705,Which ADL GMs got the best value at their draft slots? (1 per conf; exclude trades; don't pick yourself),2026-05-11,New York Giants,3,Dallas Cowboys,DAL
988705,Which ADL GMs got the best value at their draft slots? (1 per conf; exclude trades; don't pick yourself),2026-05-11,New York Giants,3,New York Giants,NYG
988705,Which ADL GMs got the best value at their draft slots? (1 per conf; exclude trades; don't pick yourself),2026-05-11,New York Giants,3,Tennessee Titans,TEN
988705,Which ADL GMs got the best value at their draft slots? (1 per conf; exclude trades; don't pick yourself),2026-05-11,Philadelphia Eagles,3,New Orleans Saints,NOS
988705,Which ADL GMs got the best value at their draft slots? (1 per conf; exclude trades; don't pick yourself),2026-05-11,Philadelphia Eagles,3,Indianapolis Colts,IND
988705,Which ADL GMs got the best value at their draft slots? (1 per conf; exclude trades; don't pick yourself),2026-05-11,Philadelphia Eagles,3,Denver Broncos,DEN
988705,Which ADL GMs got the best value at their draft slots? (1 per conf; exclude trades; don't pick yourself),2026-05-11,Washington Commanders,4,Minnesota Vikings,MIN
988705,Which ADL GMs got the best value at their draft slots? (1 per conf; exclude trades; don't pick yourself),2026-05-11,Washington Commanders,4,Tampa Bay Buccaneers,TBB
988705,Which ADL GMs got the best value at their draft slots? (1 per conf; exclude trades; don't pick yourself),2026-05-11,Washington Commanders,4,Arizona Cardinals,ARI
988705,Which ADL GMs got the best value at their draft slots? (1 per conf; exclude trades; don't pick yourself),2026-05-11,Washington Commanders,4,Kansas City Chiefs,KCC
988705,Which ADL GMs got the best value at their draft slots? (1 per conf; exclude trades; don't pick yourself),2026-05-11,Chicago Bears,1,Miami Dolphins,MIA
988705,Which ADL GMs got the best value at their draft slots? (1 per conf; exclude trades; don't pick yourself),2026-05-11,Detroit Lions,1,Detroit Lions,DET
988705,Which ADL GMs got the best value at their draft slots? (1 per conf; exclude trades; don't pick yourself),2026-05-11,Green Bay Packers,3,Philadelphia Eagles,PHI
988705,Which ADL GMs got the best value at their draft slots? (1 per conf; exclude trades; don't pick yourself),2026-05-11,Green Bay Packers,3,Chicago Bears,CHI
988705,Which ADL GMs got the best value at their draft slots? (1 per conf; exclude trades; don't pick yourself),2026-05-11,Green Bay Packers,3,Baltimore Ravens,BAL
988705,Which ADL GMs got the best value at their draft slots? (1 per conf; exclude trades; don't pick yourself),2026-05-11,Atlanta Falcons,1,Washington Commanders,WAS
988705,Which ADL GMs got the best value at their draft slots? (1 per conf; exclude trades; don't pick yourself),2026-05-11,Arizona Cardinals,4,Washington Commanders,WAS
988705,Which ADL GMs got the best value at their draft slots? (1 per conf; exclude trades; don't pick yourself),2026-05-11,Arizona Cardinals,4,San Francisco 49ers,SFO
988705,Which ADL GMs got the best value at their draft slots? (1 per conf; exclude trades; don't pick yourself),2026-05-11,Arizona Cardinals,4,Cleveland Browns,CLE
988705,Which ADL GMs got the best value at their draft slots? (1 per conf; exclude trades; don't pick yourself),2026-05-11,Arizona Cardinals,4,Los Angeles Chargers,LAC
988705,Which ADL GMs got the best value at their draft slots? (1 per conf; exclude trades; don't pick yourself),2026-05-11,San Francisco 49ers,3,Green Bay Packers,GBP
988705,Which ADL GMs got the best value at their draft slots? (1 per conf; exclude trades; don't pick yourself),2026-05-11,San Francisco 49ers,3,Seattle Seahawks,SEA
988705,Which ADL GMs got the best value at their draft slots? (1 per conf; exclude trades; don't pick yourself),2026-05-11,San Francisco 49ers,3,New England Patriots,NEP
988705,Which ADL GMs got the best value at their draft slots? (1 per conf; exclude trades; don't pick yourself),2026-05-11,Seattle Seahawks,2,Atlanta Falcons,ATL
988705,Which ADL GMs got the best value at their draft slots? (1 per conf; exclude trades; don't pick yourself),2026-05-11,Seattle Seahawks,2,Los Angeles Rams,LAR
988705,Which ADL GMs got the best value at their draft slots? (1 per conf; exclude trades; don't pick yourself),2026-05-11,Buffalo Bills,1,Buffalo Bills,BUF
988705,Which ADL GMs got the best value at their draft slots? (1 per conf; exclude trades; don't pick yourself),2026-05-11,Miami Dolphins,1,Washington Commanders,WAS
988705,Which ADL GMs got the best value at their draft slots? (1 per conf; exclude trades; don't pick yourself),2026-05-11,Cincinnati Bengals,2,New England Patriots,NEP
988705,Which ADL GMs got the best value at their draft slots? (1 per conf; exclude trades; don't pick yourself),2026-05-11,Cincinnati Bengals,2,Los Angeles Chargers,LAC
988705,Which ADL GMs got the best value at their draft slots? (1 per conf; exclude trades; don't pick yourself),2026-05-11,Pittsburgh Steelers,2,Tampa Bay Buccaneers,TBB
988705,Which ADL GMs got the best value at their draft slots? (1 per conf; exclude trades; don't pick yourself),2026-05-11,Pittsburgh Steelers,2,Seattle Seahawks,SEA
988705,Which ADL GMs got the best value at their draft slots? (1 per conf; exclude trades; don't pick yourself),2026-05-11,Tennessee Titans,4,Cincinnati Bengals,CIN
988705,Which ADL GMs got the best value at their draft slots? (1 per conf; exclude trades; don't pick yourself),2026-05-11,Tennessee Titans,4,Pittsburgh Steelers,PIT
988705,Which ADL GMs got the best value at their draft slots? (1 per conf; exclude trades; don't pick yourself),2026-05-11,Tennessee Titans,4,Indianapolis Colts,IND
988705,Which ADL GMs got the best value at their draft slots? (1 per conf; exclude trades; don't pick yourself),2026-05-11,Tennessee Titans,4,Kansas City Chiefs,KCC
988705,Which ADL GMs got the best value at their draft slots? (1 per conf; exclude trades; don't pick yourself),2026-05-11,Kansas City Chiefs,9,Philadelphia Eagles,PHI
988705,Which ADL GMs got the best value at their draft slots? (1 per conf; exclude trades; don't pick yourself),2026-05-11,Kansas City Chiefs,9,Chicago Bears,CHI
988705,Which ADL GMs got the best value at their draft slots? (1 per conf; exclude trades; don't pick yourself),2026-05-11,Kansas City Chiefs,9,Detroit Lions,DET
988705,Which ADL GMs got the best value at their draft slots? (1 per conf; exclude trades; don't pick yourself),2026-05-11,Kansas City Chiefs,9,Green Bay Packers,GBP
988705,Which ADL GMs got the best value at their draft slots? (1 per conf; exclude trades; don't pick yourself),2026-05-11,Kansas City Chiefs,9,Minnesota Vikings,MIN
988705,Which ADL GMs got the best value at their draft slots? (1 per conf; exclude trades; don't pick yourself),2026-05-11,Kansas City Chiefs,9,New Orleans Saints,NOS
988705,Which ADL GMs got the best value at their draft slots? (1 per conf; exclude trades; don't pick yourself),2026-05-11,Kansas City Chiefs,9,Los Angeles Rams,LAR
988705,Which ADL GMs got the best value at their draft slots? (1 per conf; exclude trades; don't pick yourself),2026-05-11,Kansas City Chiefs,9,Baltimore Ravens,BAL
988705,Which ADL GMs got the best value at their draft slots? (1 per conf; exclude trades; don't pick yourself),2026-05-11,Kansas City Chiefs,9,Houston Texans,HOU
988705,Which ADL GMs got the best value at their draft slots? (1 per conf; exclude trades; don't pick yourself),2026-05-11,Los Angeles Chargers,5,Dallas Cowboys,DAL
988705,Which ADL GMs got the best value at their draft slots? (1 per conf; exclude trades; don't pick yourself),2026-05-11,Los Angeles Chargers,5,Atlanta Falcons,ATL
988705,Which ADL GMs got the best value at their draft slots? (1 per conf; exclude trades; don't pick yourself),2026-05-11,Los Angeles Chargers,5,San Francisco 49ers,SFO
988705,Which ADL GMs got the best value at their draft slots? (1 per conf; exclude trades; don't pick yourself),2026-05-11,Los Angeles Chargers,5,Tennessee Titans,TEN
988705,Which ADL GMs got the best value at their draft slots? (1 per conf; exclude trades; don't pick yourself),2026-05-11,Los Angeles Chargers,5,Denver Broncos,DEN
987719,V3-4: Should we set ADL Draft Order for Picks 10-14 By:,2026-03-19,Inverse of Playoff Round Eliminated + ties broken by All-Play Record (earlier proposal),16,Dallas Cowboys,DAL
987719,V3-4: Should we set ADL Draft Order for Picks 10-14 By:,2026-03-19,Inverse of Playoff Round Eliminated + ties broken by All-Play Record (earlier proposal),16,Washington Commanders,WAS
987719,V3-4: Should we set ADL Draft Order for Picks 10-14 By:,2026-03-19,Inverse of Playoff Round Eliminated + ties broken by All-Play Record (earlier proposal),16,Chicago Bears,CHI
987719,V3-4: Should we set ADL Draft Order for Picks 10-14 By:,2026-03-19,Inverse of Playoff Round Eliminated + ties broken by All-Play Record (earlier proposal),16,Detroit Lions,DET
987719,V3-4: Should we set ADL Draft Order for Picks 10-14 By:,2026-03-19,Inverse of Playoff Round Eliminated + ties broken by All-Play Record (earlier proposal),16,Green Bay Packers,GBP
987719,V3-4: Should we set ADL Draft Order for Picks 10-14 By:,2026-03-19,Inverse of Playoff Round Eliminated + ties broken by All-Play Record (earlier proposal),16,Minnesota Vikings,MIN
987719,V3-4: Should we set ADL Draft Order for Picks 10-14 By:,2026-03-19,Inverse of Playoff Round Eliminated + ties broken by All-Play Record (earlier proposal),16,Carolina Panthers,CAR
987719,V3-4: Should we set ADL Draft Order for Picks 10-14 By:,2026-03-19,Inverse of Playoff Round Eliminated + ties broken by All-Play Record (earlier proposal),16,New Orleans Saints,NOS
987719,V3-4: Should we set ADL Draft Order for Picks 10-14 By:,2026-03-19,Inverse of Playoff Round Eliminated + ties broken by All-Play Record (earlier proposal),16,Los Angeles Rams,LAR
987719,V3-4: Should we set ADL Draft Order for Picks 10-14 By:,2026-03-19,Inverse of Playoff Round Eliminated + ties broken by All-Play Record (earlier proposal),16,New England Patriots,NEP
987719,V3-4: Should we set ADL Draft Order for Picks 10-14 By:,2026-03-19,Inverse of Playoff Round Eliminated + ties broken by All-Play Record (earlier proposal),16,New York Jets,NYJ
987719,V3-4: Should we set ADL Draft Order for Picks 10-14 By:,2026-03-19,Inverse of Playoff Round Eliminated + ties broken by All-Play Record (earlier proposal),16,Baltimore Ravens,BAL
987719,V3-4: Should we set ADL Draft Order for Picks 10-14 By:,2026-03-19,Inverse of Playoff Round Eliminated + ties broken by All-Play Record (earlier proposal),16,Pittsburgh Steelers,PIT
987719,V3-4: Should we set ADL Draft Order for Picks 10-14 By:,2026-03-19,Inverse of Playoff Round Eliminated + ties broken by All-Play Record (earlier proposal),16,Houston Texans,HOU
987719,V3-4: Should we set ADL Draft Order for Picks 10-14 By:,2026-03-19,Inverse of Playoff Round Eliminated + ties broken by All-Play Record (earlier proposal),16,Denver Broncos,DEN
987719,V3-4: Should we set ADL Draft Order for Picks 10-14 By:,2026-03-19,Inverse of Playoff Round Eliminated + ties broken by All-Play Record (earlier proposal),16,Kansas City Chiefs,KCC
987719,V3-4: Should we set ADL Draft Order for Picks 10-14 By:,2026-03-19,Inverse of Regular Season Potential Points (same as Consolation Ladder),6,New York Giants,NYG
987719,V3-4: Should we set ADL Draft Order for Picks 10-14 By:,2026-03-19,Inverse of Regular Season Potential Points (same as Consolation Ladder),6,Arizona Cardinals,ARI
987719,V3-4: Should we set ADL Draft Order for Picks 10-14 By:,2026-03-19,Inverse of Regular Season Potential Points (same as Consolation Ladder),6,Seattle Seahawks,SEA
987719,V3-4: Should we set ADL Draft Order for Picks 10-14 By:,2026-03-19,Inverse of Regular Season Potential Points (same as Consolation Ladder),6,Cincinnati Bengals,CIN
987719,V3-4: Should we set ADL Draft Order for Picks 10-14 By:,2026-03-19,Inverse of Regular Season Potential Points (same as Consolation Ladder),6,Cleveland Browns,CLE
987719,V3-4: Should we set ADL Draft Order for Picks 10-14 By:,2026-03-19,Inverse of Regular Season Potential Points (same as Consolation Ladder),6,Los Angeles Chargers,LAC
987719,V3-4: Should we set ADL Draft Order for Picks 10-14 By:,2026-03-19,Abstain,5,Philadelphia Eagles,PHI
987719,V3-4: Should we set ADL Draft Order for Picks 10-14 By:,2026-03-19,Abstain,5,Atlanta Falcons,ATL
987719,V3-4: Should we set ADL Draft Order for Picks 10-14 By:,2026-03-19,Abstain,5,San Francisco 49ers,SFO
987719,V3-4: Should we set ADL Draft Order for Picks 10-14 By:,2026-03-19,Abstain,5,Miami Dolphins,MIA
987719,V3-4: Should we set ADL Draft Order for Picks 10-14 By:,2026-03-19,Abstain,5,Tennessee Titans,TEN
987694,V3-3: What should break ties in ADL draft order for teams eliminated in the same round of the playoffs?,2026-03-18,Playoff Seed Entering Eliminated Round (W13 All -Play/Seed for 3 WC losers; W15 All-Play/Seed for 2 Divisional losers) ,10,Dallas Cowboys,DAL
987694,V3-3: What should break ties in ADL draft order for teams eliminated in the same round of the playoffs?,2026-03-18,Playoff Seed Entering Eliminated Round (W13 All -Play/Seed for 3 WC losers; W15 All-Play/Seed for 2 Divisional losers) ,10,New York Giants,NYG
987694,V3-3: What should break ties in ADL draft order for teams eliminated in the same round of the playoffs?,2026-03-18,Playoff Seed Entering Eliminated Round (W13 All -Play/Seed for 3 WC losers; W15 All-Play/Seed for 2 Divisional losers) ,10,Philadelphia Eagles,PHI
987694,V3-3: What should break ties in ADL draft order for teams eliminated in the same round of the playoffs?,2026-03-18,Playoff Seed Entering Eliminated Round (W13 All -Play/Seed for 3 WC losers; W15 All-Play/Seed for 2 Divisional losers) ,10,Detroit Lions,DET
987694,V3-3: What should break ties in ADL draft order for teams eliminated in the same round of the playoffs?,2026-03-18,Playoff Seed Entering Eliminated Round (W13 All -Play/Seed for 3 WC losers; W15 All-Play/Seed for 2 Divisional losers) ,10,Atlanta Falcons,ATL
987694,V3-3: What should break ties in ADL draft order for teams eliminated in the same round of the playoffs?,2026-03-18,Playoff Seed Entering Eliminated Round (W13 All -Play/Seed for 3 WC losers; W15 All-Play/Seed for 2 Divisional losers) ,10,Arizona Cardinals,ARI
987694,V3-3: What should break ties in ADL draft order for teams eliminated in the same round of the playoffs?,2026-03-18,Playoff Seed Entering Eliminated Round (W13 All -Play/Seed for 3 WC losers; W15 All-Play/Seed for 2 Divisional losers) ,10,Seattle Seahawks,SEA
987694,V3-3: What should break ties in ADL draft order for teams eliminated in the same round of the playoffs?,2026-03-18,Playoff Seed Entering Eliminated Round (W13 All -Play/Seed for 3 WC losers; W15 All-Play/Seed for 2 Divisional losers) ,10,New England Patriots,NEP
987694,V3-3: What should break ties in ADL draft order for teams eliminated in the same round of the playoffs?,2026-03-18,Playoff Seed Entering Eliminated Round (W13 All -Play/Seed for 3 WC losers; W15 All-Play/Seed for 2 Divisional losers) ,10,Houston Texans,HOU
987694,V3-3: What should break ties in ADL draft order for teams eliminated in the same round of the playoffs?,2026-03-18,Playoff Seed Entering Eliminated Round (W13 All -Play/Seed for 3 WC losers; W15 All-Play/Seed for 2 Divisional losers) ,10,Denver Broncos,DEN
987694,V3-3: What should break ties in ADL draft order for teams eliminated in the same round of the playoffs?,2026-03-18,Playoff Seed After Eliminated Round Result (W15 All -Play/Seed for 3 WC losers; W16 All-Play/Seed for 2 Divisional losers),11,Washington Commanders,WAS
987694,V3-3: What should break ties in ADL draft order for teams eliminated in the same round of the playoffs?,2026-03-18,Playoff Seed After Eliminated Round Result (W15 All -Play/Seed for 3 WC losers; W16 All-Play/Seed for 2 Divisional losers),11,Chicago Bears,CHI
987694,V3-3: What should break ties in ADL draft order for teams eliminated in the same round of the playoffs?,2026-03-18,Playoff Seed After Eliminated Round Result (W15 All -Play/Seed for 3 WC losers; W16 All-Play/Seed for 2 Divisional losers),11,Minnesota Vikings,MIN
987694,V3-3: What should break ties in ADL draft order for teams eliminated in the same round of the playoffs?,2026-03-18,Playoff Seed After Eliminated Round Result (W15 All -Play/Seed for 3 WC losers; W16 All-Play/Seed for 2 Divisional losers),11,Carolina Panthers,CAR
987694,V3-3: What should break ties in ADL draft order for teams eliminated in the same round of the playoffs?,2026-03-18,Playoff Seed After Eliminated Round Result (W15 All -Play/Seed for 3 WC losers; W16 All-Play/Seed for 2 Divisional losers),11,New Orleans Saints,NOS
987694,V3-3: What should break ties in ADL draft order for teams eliminated in the same round of the playoffs?,2026-03-18,Playoff Seed After Eliminated Round Result (W15 All -Play/Seed for 3 WC losers; W16 All-Play/Seed for 2 Divisional losers),11,Tampa Bay Buccaneers,TBB
987694,V3-3: What should break ties in ADL draft order for teams eliminated in the same round of the playoffs?,2026-03-18,Playoff Seed After Eliminated Round Result (W15 All -Play/Seed for 3 WC losers; W16 All-Play/Seed for 2 Divisional losers),11,Los Angeles Rams,LAR
987694,V3-3: What should break ties in ADL draft order for teams eliminated in the same round of the playoffs?,2026-03-18,Playoff Seed After Eliminated Round Result (W15 All -Play/Seed for 3 WC losers; W16 All-Play/Seed for 2 Divisional losers),11,New York Jets,NYJ
987694,V3-3: What should break ties in ADL draft order for teams eliminated in the same round of the playoffs?,2026-03-18,Playoff Seed After Eliminated Round Result (W15 All -Play/Seed for 3 WC losers; W16 All-Play/Seed for 2 Divisional losers),11,Baltimore Ravens,BAL
987694,V3-3: What should break ties in ADL draft order for teams eliminated in the same round of the playoffs?,2026-03-18,Playoff Seed After Eliminated Round Result (W15 All -Play/Seed for 3 WC losers; W16 All-Play/Seed for 2 Divisional losers),11,Cincinnati Bengals,CIN
987694,V3-3: What should break ties in ADL draft order for teams eliminated in the same round of the playoffs?,2026-03-18,Playoff Seed After Eliminated Round Result (W15 All -Play/Seed for 3 WC losers; W16 All-Play/Seed for 2 Divisional losers),11,Kansas City Chiefs,KCC
987694,V3-3: What should break ties in ADL draft order for teams eliminated in the same round of the playoffs?,2026-03-18,Abstain,3,Green Bay Packers,GBP
987694,V3-3: What should break ties in ADL draft order for teams eliminated in the same round of the playoffs?,2026-03-18,Abstain,3,San Francisco 49ers,SFO
987694,V3-3: What should break ties in ADL draft order for teams eliminated in the same round of the playoffs?,2026-03-18,Abstain,3,Miami Dolphins,MIA
987678,V3-2: What should break ties in ADL draft order for teams eliminated in the same round of the playoffs?,2026-03-17,Playoff Seed Entering Playoffs (W13 All-Play/Seed for all),11,New York Giants,NYG
987678,V3-2: What should break ties in ADL draft order for teams eliminated in the same round of the playoffs?,2026-03-17,Playoff Seed Entering Playoffs (W13 All-Play/Seed for all),11,Philadelphia Eagles,PHI
987678,V3-2: What should break ties in ADL draft order for teams eliminated in the same round of the playoffs?,2026-03-17,Playoff Seed Entering Playoffs (W13 All-Play/Seed for all),11,Detroit Lions,DET
987678,V3-2: What should break ties in ADL draft order for teams eliminated in the same round of the playoffs?,2026-03-17,Playoff Seed Entering Playoffs (W13 All-Play/Seed for all),11,Green Bay Packers,GBP
987678,V3-2: What should break ties in ADL draft order for teams eliminated in the same round of the playoffs?,2026-03-17,Playoff Seed Entering Playoffs (W13 All-Play/Seed for all),11,Atlanta Falcons,ATL
987678,V3-2: What should break ties in ADL draft order for teams eliminated in the same round of the playoffs?,2026-03-17,Playoff Seed Entering Playoffs (W13 All-Play/Seed for all),11,Arizona Cardinals,ARI
987678,V3-2: What should break ties in ADL draft order for teams eliminated in the same round of the playoffs?,2026-03-17,Playoff Seed Entering Playoffs (W13 All-Play/Seed for all),11,Miami Dolphins,MIA
987678,V3-2: What should break ties in ADL draft order for teams eliminated in the same round of the playoffs?,2026-03-17,Playoff Seed Entering Playoffs (W13 All-Play/Seed for all),11,Cincinnati Bengals,CIN
987678,V3-2: What should break ties in ADL draft order for teams eliminated in the same round of the playoffs?,2026-03-17,Playoff Seed Entering Playoffs (W13 All-Play/Seed for all),11,Houston Texans,HOU
987678,V3-2: What should break ties in ADL draft order for teams eliminated in the same round of the playoffs?,2026-03-17,Playoff Seed Entering Playoffs (W13 All-Play/Seed for all),11,Tennessee Titans,TEN
987678,V3-2: What should break ties in ADL draft order for teams eliminated in the same round of the playoffs?,2026-03-17,Playoff Seed Entering Playoffs (W13 All-Play/Seed for all),11,Las Vegas Raiders,LVR
987678,V3-2: What should break ties in ADL draft order for teams eliminated in the same round of the playoffs?,2026-03-17,Playoff Seed Entering Eliminated Round (W13 All-Play/Seed for 3 WC losers; W15 All-Play/Seed for 2 Divisional losers),17,Dallas Cowboys,DAL
987678,V3-2: What should break ties in ADL draft order for teams eliminated in the same round of the playoffs?,2026-03-17,Playoff Seed Entering Eliminated Round (W13 All-Play/Seed for 3 WC losers; W15 All-Play/Seed for 2 Divisional losers),17,Washington Commanders,WAS
987678,V3-2: What should break ties in ADL draft order for teams eliminated in the same round of the playoffs?,2026-03-17,Playoff Seed Entering Eliminated Round (W13 All-Play/Seed for 3 WC losers; W15 All-Play/Seed for 2 Divisional losers),17,Chicago Bears,CHI
987678,V3-2: What should break ties in ADL draft order for teams eliminated in the same round of the playoffs?,2026-03-17,Playoff Seed Entering Eliminated Round (W13 All-Play/Seed for 3 WC losers; W15 All-Play/Seed for 2 Divisional losers),17,Minnesota Vikings,MIN
987678,V3-2: What should break ties in ADL draft order for teams eliminated in the same round of the playoffs?,2026-03-17,Playoff Seed Entering Eliminated Round (W13 All-Play/Seed for 3 WC losers; W15 All-Play/Seed for 2 Divisional losers),17,Carolina Panthers,CAR
987678,V3-2: What should break ties in ADL draft order for teams eliminated in the same round of the playoffs?,2026-03-17,Playoff Seed Entering Eliminated Round (W13 All-Play/Seed for 3 WC losers; W15 All-Play/Seed for 2 Divisional losers),17,New Orleans Saints,NOS
987678,V3-2: What should break ties in ADL draft order for teams eliminated in the same round of the playoffs?,2026-03-17,Playoff Seed Entering Eliminated Round (W13 All-Play/Seed for 3 WC losers; W15 All-Play/Seed for 2 Divisional losers),17,Tampa Bay Buccaneers,TBB
987678,V3-2: What should break ties in ADL draft order for teams eliminated in the same round of the playoffs?,2026-03-17,Playoff Seed Entering Eliminated Round (W13 All-Play/Seed for 3 WC losers; W15 All-Play/Seed for 2 Divisional losers),17,Los Angeles Rams,LAR
987678,V3-2: What should break ties in ADL draft order for teams eliminated in the same round of the playoffs?,2026-03-17,Playoff Seed Entering Eliminated Round (W13 All-Play/Seed for 3 WC losers; W15 All-Play/Seed for 2 Divisional losers),17,Seattle Seahawks,SEA
987678,V3-2: What should break ties in ADL draft order for teams eliminated in the same round of the playoffs?,2026-03-17,Playoff Seed Entering Eliminated Round (W13 All-Play/Seed for 3 WC losers; W15 All-Play/Seed for 2 Divisional losers),17,Buffalo Bills,BUF
987678,V3-2: What should break ties in ADL draft order for teams eliminated in the same round of the playoffs?,2026-03-17,Playoff Seed Entering Eliminated Round (W13 All-Play/Seed for 3 WC losers; W15 All-Play/Seed for 2 Divisional losers),17,New England Patriots,NEP
987678,V3-2: What should break ties in ADL draft order for teams eliminated in the same round of the playoffs?,2026-03-17,Playoff Seed Entering Eliminated Round (W13 All-Play/Seed for 3 WC losers; W15 All-Play/Seed for 2 Divisional losers),17,New York Jets,NYJ
987678,V3-2: What should break ties in ADL draft order for teams eliminated in the same round of the playoffs?,2026-03-17,Playoff Seed Entering Eliminated Round (W13 All-Play/Seed for 3 WC losers; W15 All-Play/Seed for 2 Divisional losers),17,Baltimore Ravens,BAL
987678,V3-2: What should break ties in ADL draft order for teams eliminated in the same round of the playoffs?,2026-03-17,Playoff Seed Entering Eliminated Round (W13 All-Play/Seed for 3 WC losers; W15 All-Play/Seed for 2 Divisional losers),17,Cleveland Browns,CLE
987678,V3-2: What should break ties in ADL draft order for teams eliminated in the same round of the playoffs?,2026-03-17,Playoff Seed Entering Eliminated Round (W13 All-Play/Seed for 3 WC losers; W15 All-Play/Seed for 2 Divisional losers),17,Pittsburgh Steelers,PIT
987678,V3-2: What should break ties in ADL draft order for teams eliminated in the same round of the playoffs?,2026-03-17,Playoff Seed Entering Eliminated Round (W13 All-Play/Seed for 3 WC losers; W15 All-Play/Seed for 2 Divisional losers),17,Indianapolis Colts,IND
987678,V3-2: What should break ties in ADL draft order for teams eliminated in the same round of the playoffs?,2026-03-17,Playoff Seed Entering Eliminated Round (W13 All-Play/Seed for 3 WC losers; W15 All-Play/Seed for 2 Divisional losers),17,Los Angeles Chargers,LAC
987678,V3-2: What should break ties in ADL draft order for teams eliminated in the same round of the playoffs?,2026-03-17,Abstain,3,San Francisco 49ers,SFO
987678,V3-2: What should break ties in ADL draft order for teams eliminated in the same round of the playoffs?,2026-03-17,Abstain,3,Denver Broncos,DEN
987678,V3-2: What should break ties in ADL draft order for teams eliminated in the same round of the playoffs?,2026-03-17,Abstain,3,Kansas City Chiefs,KCC
987677,"V8-2: Should we adopt the ""New 2"" Payout Structure in place of our current one?",2026-03-18,Yes,8,Dallas Cowboys,DAL
987677,"V8-2: Should we adopt the ""New 2"" Payout Structure in place of our current one?",2026-03-18,Yes,8,Washington Commanders,WAS
987677,"V8-2: Should we adopt the ""New 2"" Payout Structure in place of our current one?",2026-03-18,Yes,8,Chicago Bears,CHI
987677,"V8-2: Should we adopt the ""New 2"" Payout Structure in place of our current one?",2026-03-18,Yes,8,New Orleans Saints,NOS
987677,"V8-2: Should we adopt the ""New 2"" Payout Structure in place of our current one?",2026-03-18,Yes,8,Buffalo Bills,BUF
987677,"V8-2: Should we adopt the ""New 2"" Payout Structure in place of our current one?",2026-03-18,Yes,8,Pittsburgh Steelers,PIT
987677,"V8-2: Should we adopt the ""New 2"" Payout Structure in place of our current one?",2026-03-18,Yes,8,Houston Texans,HOU
987677,"V8-2: Should we adopt the ""New 2"" Payout Structure in place of our current one?",2026-03-18,Yes,8,Las Vegas Raiders,LVR
987677,"V8-2: Should we adopt the ""New 2"" Payout Structure in place of our current one?",2026-03-18,No,18,Philadelphia Eagles,PHI
987677,"V8-2: Should we adopt the ""New 2"" Payout Structure in place of our current one?",2026-03-18,No,18,Detroit Lions,DET
987677,"V8-2: Should we adopt the ""New 2"" Payout Structure in place of our current one?",2026-03-18,No,18,Green Bay Packers,GBP
987677,"V8-2: Should we adopt the ""New 2"" Payout Structure in place of our current one?",2026-03-18,No,18,Minnesota Vikings,MIN
987677,"V8-2: Should we adopt the ""New 2"" Payout Structure in place of our current one?",2026-03-18,No,18,Tampa Bay Buccaneers,TBB
987677,"V8-2: Should we adopt the ""New 2"" Payout Structure in place of our current one?",2026-03-18,No,18,Arizona Cardinals,ARI
987677,"V8-2: Should we adopt the ""New 2"" Payout Structure in place of our current one?",2026-03-18,No,18,Los Angeles Rams,LAR
987677,"V8-2: Should we adopt the ""New 2"" Payout Structure in place of our current one?",2026-03-18,No,18,San Francisco 49ers,SFO
987677,"V8-2: Should we adopt the ""New 2"" Payout Structure in place of our current one?",2026-03-18,No,18,Seattle Seahawks,SEA
987677,"V8-2: Should we adopt the ""New 2"" Payout Structure in place of our current one?",2026-03-18,No,18,New York Jets,NYJ
987677,"V8-2: Should we adopt the ""New 2"" Payout Structure in place of our current one?",2026-03-18,No,18,Baltimore Ravens,BAL
987677,"V8-2: Should we adopt the ""New 2"" Payout Structure in place of our current one?",2026-03-18,No,18,Cincinnati Bengals,CIN
987677,"V8-2: Should we adopt the ""New 2"" Payout Structure in place of our current one?",2026-03-18,No,18,Cleveland Browns,CLE
987677,"V8-2: Should we adopt the ""New 2"" Payout Structure in place of our current one?",2026-03-18,No,18,Indianapolis Colts,IND
987677,"V8-2: Should we adopt the ""New 2"" Payout Structure in place of our current one?",2026-03-18,No,18,Tennessee Titans,TEN
987677,"V8-2: Should we adopt the ""New 2"" Payout Structure in place of our current one?",2026-03-18,No,18,Denver Broncos,DEN
987677,"V8-2: Should we adopt the ""New 2"" Payout Structure in place of our current one?",2026-03-18,No,18,Kansas City Chiefs,KCC
987677,"V8-2: Should we adopt the ""New 2"" Payout Structure in place of our current one?",2026-03-18,No,18,Los Angeles Chargers,LAC
987677,"V8-2: Should we adopt the ""New 2"" Payout Structure in place of our current one?",2026-03-18,Abstain,5,New York Giants,NYG
987677,"V8-2: Should we adopt the ""New 2"" Payout Structure in place of our current one?",2026-03-18,Abstain,5,Atlanta Falcons,ATL
987677,"V8-2: Should we adopt the ""New 2"" Payout Structure in place of our current one?",2026-03-18,Abstain,5,Carolina Panthers,CAR
987677,"V8-2: Should we adopt the ""New 2"" Payout Structure in place of our current one?",2026-03-18,Abstain,5,Miami Dolphins,MIA
987677,"V8-2: Should we adopt the ""New 2"" Payout Structure in place of our current one?",2026-03-18,Abstain,5,New England Patriots,NEP
987585,V1: Should we add a Head Coach position to ADL rosters and starting lineups?,2026-03-16,Yes,3,Washington Commanders,WAS
987585,V1: Should we add a Head Coach position to ADL rosters and starting lineups?,2026-03-16,Yes,3,Chicago Bears,CHI
987585,V1: Should we add a Head Coach position to ADL rosters and starting lineups?,2026-03-16,Yes,3,Atlanta Falcons,ATL
987585,V1: Should we add a Head Coach position to ADL rosters and starting lineups?,2026-03-16,No,27,Dallas Cowboys,DAL
987585,V1: Should we add a Head Coach position to ADL rosters and starting lineups?,2026-03-16,No,27,New York Giants,NYG
987585,V1: Should we add a Head Coach position to ADL rosters and starting lineups?,2026-03-16,No,27,Philadelphia Eagles,PHI
987585,V1: Should we add a Head Coach position to ADL rosters and starting lineups?,2026-03-16,No,27,Detroit Lions,DET
987585,V1: Should we add a Head Coach position to ADL rosters and starting lineups?,2026-03-16,No,27,Green Bay Packers,GBP
987585,V1: Should we add a Head Coach position to ADL rosters and starting lineups?,2026-03-16,No,27,Carolina Panthers,CAR
987585,V1: Should we add a Head Coach position to ADL rosters and starting lineups?,2026-03-16,No,27,New Orleans Saints,NOS
987585,V1: Should we add a Head Coach position to ADL rosters and starting lineups?,2026-03-16,No,27,Tampa Bay Buccaneers,TBB
987585,V1: Should we add a Head Coach position to ADL rosters and starting lineups?,2026-03-16,No,27,Arizona Cardinals,ARI
987585,V1: Should we add a Head Coach position to ADL rosters and starting lineups?,2026-03-16,No,27,Los Angeles Rams,LAR
987585,V1: Should we add a Head Coach position to ADL rosters and starting lineups?,2026-03-16,No,27,San Francisco 49ers,SFO
987585,V1: Should we add a Head Coach position to ADL rosters and starting lineups?,2026-03-16,No,27,Seattle Seahawks,SEA
987585,V1: Should we add a Head Coach position to ADL rosters and starting lineups?,2026-03-16,No,27,Buffalo Bills,BUF
987585,V1: Should we add a Head Coach position to ADL rosters and starting lineups?,2026-03-16,No,27,Miami Dolphins,MIA
987585,V1: Should we add a Head Coach position to ADL rosters and starting lineups?,2026-03-16,No,27,New England Patriots,NEP
987585,V1: Should we add a Head Coach position to ADL rosters and starting lineups?,2026-03-16,No,27,New York Jets,NYJ
987585,V1: Should we add a Head Coach position to ADL rosters and starting lineups?,2026-03-16,No,27,Cincinnati Bengals,CIN
987585,V1: Should we add a Head Coach position to ADL rosters and starting lineups?,2026-03-16,No,27,Cleveland Browns,CLE
987585,V1: Should we add a Head Coach position to ADL rosters and starting lineups?,2026-03-16,No,27,Pittsburgh Steelers,PIT
987585,V1: Should we add a Head Coach position to ADL rosters and starting lineups?,2026-03-16,No,27,Houston Texans,HOU
987585,V1: Should we add a Head Coach position to ADL rosters and starting lineups?,2026-03-16,No,27,Indianapolis Colts,IND
987585,V1: Should we add a Head Coach position to ADL rosters and starting lineups?,2026-03-16,No,27,Jacksonville Jaguars,JAC
987585,V1: Should we add a Head Coach position to ADL rosters and starting lineups?,2026-03-16,No,27,Tennessee Titans,TEN
987585,V1: Should we add a Head Coach position to ADL rosters and starting lineups?,2026-03-16,No,27,Denver Broncos,DEN
987585,V1: Should we add a Head Coach position to ADL rosters and starting lineups?,2026-03-16,No,27,Kansas City Chiefs,KCC
987585,V1: Should we add a Head Coach position to ADL rosters and starting lineups?,2026-03-16,No,27,Las Vegas Raiders,LVR
987585,V1: Should we add a Head Coach position to ADL rosters and starting lineups?,2026-03-16,No,27,Los Angeles Chargers,LAC
987585,V1: Should we add a Head Coach position to ADL rosters and starting lineups?,2026-03-16,Abstain,2,Minnesota Vikings,MIN
987585,V1: Should we add a Head Coach position to ADL rosters and starting lineups?,2026-03-16,Abstain,2,Baltimore Ravens,BAL
987584,V2: Should we allow teams to use two mEXT designations in place of 1 B/R?,2026-03-16,Yes,13,Dallas Cowboys,DAL
987584,V2: Should we allow teams to use two mEXT designations in place of 1 B/R?,2026-03-16,Yes,13,New York Giants,NYG
987584,V2: Should we allow teams to use two mEXT designations in place of 1 B/R?,2026-03-16,Yes,13,Washington Commanders,WAS
987584,V2: Should we allow teams to use two mEXT designations in place of 1 B/R?,2026-03-16,Yes,13,Green Bay Packers,GBP
987584,V2: Should we allow teams to use two mEXT designations in place of 1 B/R?,2026-03-16,Yes,13,New Orleans Saints,NOS
987584,V2: Should we allow teams to use two mEXT designations in place of 1 B/R?,2026-03-16,Yes,13,Tampa Bay Buccaneers,TBB
987584,V2: Should we allow teams to use two mEXT designations in place of 1 B/R?,2026-03-16,Yes,13,Los Angeles Rams,LAR
987584,V2: Should we allow teams to use two mEXT designations in place of 1 B/R?,2026-03-16,Yes,13,New York Jets,NYJ
987584,V2: Should we allow teams to use two mEXT designations in place of 1 B/R?,2026-03-16,Yes,13,Houston Texans,HOU
987584,V2: Should we allow teams to use two mEXT designations in place of 1 B/R?,2026-03-16,Yes,13,Indianapolis Colts,IND
987584,V2: Should we allow teams to use two mEXT designations in place of 1 B/R?,2026-03-16,Yes,13,Tennessee Titans,TEN
987584,V2: Should we allow teams to use two mEXT designations in place of 1 B/R?,2026-03-16,Yes,13,Denver Broncos,DEN
987584,V2: Should we allow teams to use two mEXT designations in place of 1 B/R?,2026-03-16,Yes,13,Los Angeles Chargers,LAC
987584,V2: Should we allow teams to use two mEXT designations in place of 1 B/R?,2026-03-16,No,12,Philadelphia Eagles,PHI
987584,V2: Should we allow teams to use two mEXT designations in place of 1 B/R?,2026-03-16,No,12,Detroit Lions,DET
987584,V2: Should we allow teams to use two mEXT designations in place of 1 B/R?,2026-03-16,No,12,Atlanta Falcons,ATL
987584,V2: Should we allow teams to use two mEXT designations in place of 1 B/R?,2026-03-16,No,12,Carolina Panthers,CAR
987584,V2: Should we allow teams to use two mEXT designations in place of 1 B/R?,2026-03-16,No,12,Arizona Cardinals,ARI
987584,V2: Should we allow teams to use two mEXT designations in place of 1 B/R?,2026-03-16,No,12,San Francisco 49ers,SFO
987584,V2: Should we allow teams to use two mEXT designations in place of 1 B/R?,2026-03-16,No,12,Seattle Seahawks,SEA
987584,V2: Should we allow teams to use two mEXT designations in place of 1 B/R?,2026-03-16,No,12,Buffalo Bills,BUF
987584,V2: Should we allow teams to use two mEXT designations in place of 1 B/R?,2026-03-16,No,12,Baltimore Ravens,BAL
987584,V2: Should we allow teams to use two mEXT designations in place of 1 B/R?,2026-03-16,No,12,Cincinnati Bengals,CIN
987584,V2: Should we allow teams to use two mEXT designations in place of 1 B/R?,2026-03-16,No,12,Pittsburgh Steelers,PIT
987584,V2: Should we allow teams to use two mEXT designations in place of 1 B/R?,2026-03-16,No,12,Kansas City Chiefs,KCC
987584,V2: Should we allow teams to use two mEXT designations in place of 1 B/R?,2026-03-16,Abstain,7,Chicago Bears,CHI
987584,V2: Should we allow teams to use two mEXT designations in place of 1 B/R?,2026-03-16,Abstain,7,Minnesota Vikings,MIN
987584,V2: Should we allow teams to use two mEXT designations in place of 1 B/R?,2026-03-16,Abstain,7,Miami Dolphins,MIA
987584,V2: Should we allow teams to use two mEXT designations in place of 1 B/R?,2026-03-16,Abstain,7,New England Patriots,NEP
987584,V2: Should we allow teams to use two mEXT designations in place of 1 B/R?,2026-03-16,Abstain,7,Cleveland Browns,CLE
987584,V2: Should we allow teams to use two mEXT designations in place of 1 B/R?,2026-03-16,Abstain,7,Jacksonville Jaguars,JAC
987584,V2: Should we allow teams to use two mEXT designations in place of 1 B/R?,2026-03-16,Abstain,7,Las Vegas Raiders,LVR
987583,V3: Should we award draft picks for playoff teams by Losing Round then Seeding rather than 3rd/5th Place Game Result?,2026-03-16,Yes,27,Dallas Cowboys,DAL
987583,V3: Should we award draft picks for playoff teams by Losing Round then Seeding rather than 3rd/5th Place Game Result?,2026-03-16,Yes,27,New York Giants,NYG
987583,V3: Should we award draft picks for playoff teams by Losing Round then Seeding rather than 3rd/5th Place Game Result?,2026-03-16,Yes,27,Philadelphia Eagles,PHI
987583,V3: Should we award draft picks for playoff teams by Losing Round then Seeding rather than 3rd/5th Place Game Result?,2026-03-16,Yes,27,Washington Commanders,WAS
987583,V3: Should we award draft picks for playoff teams by Losing Round then Seeding rather than 3rd/5th Place Game Result?,2026-03-16,Yes,27,Chicago Bears,CHI
987583,V3: Should we award draft picks for playoff teams by Losing Round then Seeding rather than 3rd/5th Place Game Result?,2026-03-16,Yes,27,Detroit Lions,DET
987583,V3: Should we award draft picks for playoff teams by Losing Round then Seeding rather than 3rd/5th Place Game Result?,2026-03-16,Yes,27,Green Bay Packers,GBP
987583,V3: Should we award draft picks for playoff teams by Losing Round then Seeding rather than 3rd/5th Place Game Result?,2026-03-16,Yes,27,Minnesota Vikings,MIN
987583,V3: Should we award draft picks for playoff teams by Losing Round then Seeding rather than 3rd/5th Place Game Result?,2026-03-16,Yes,27,Atlanta Falcons,ATL
987583,V3: Should we award draft picks for playoff teams by Losing Round then Seeding rather than 3rd/5th Place Game Result?,2026-03-16,Yes,27,Carolina Panthers,CAR
987583,V3: Should we award draft picks for playoff teams by Losing Round then Seeding rather than 3rd/5th Place Game Result?,2026-03-16,Yes,27,New Orleans Saints,NOS
987583,V3: Should we award draft picks for playoff teams by Losing Round then Seeding rather than 3rd/5th Place Game Result?,2026-03-16,Yes,27,Tampa Bay Buccaneers,TBB
987583,V3: Should we award draft picks for playoff teams by Losing Round then Seeding rather than 3rd/5th Place Game Result?,2026-03-16,Yes,27,Arizona Cardinals,ARI
987583,V3: Should we award draft picks for playoff teams by Losing Round then Seeding rather than 3rd/5th Place Game Result?,2026-03-16,Yes,27,Los Angeles Rams,LAR
987583,V3: Should we award draft picks for playoff teams by Losing Round then Seeding rather than 3rd/5th Place Game Result?,2026-03-16,Yes,27,San Francisco 49ers,SFO
987583,V3: Should we award draft picks for playoff teams by Losing Round then Seeding rather than 3rd/5th Place Game Result?,2026-03-16,Yes,27,Seattle Seahawks,SEA
987583,V3: Should we award draft picks for playoff teams by Losing Round then Seeding rather than 3rd/5th Place Game Result?,2026-03-16,Yes,27,New England Patriots,NEP
987583,V3: Should we award draft picks for playoff teams by Losing Round then Seeding rather than 3rd/5th Place Game Result?,2026-03-16,Yes,27,New York Jets,NYJ
987583,V3: Should we award draft picks for playoff teams by Losing Round then Seeding rather than 3rd/5th Place Game Result?,2026-03-16,Yes,27,Baltimore Ravens,BAL
987583,V3: Should we award draft picks for playoff teams by Losing Round then Seeding rather than 3rd/5th Place Game Result?,2026-03-16,Yes,27,Cincinnati Bengals,CIN
987583,V3: Should we award draft picks for playoff teams by Losing Round then Seeding rather than 3rd/5th Place Game Result?,2026-03-16,Yes,27,Pittsburgh Steelers,PIT
987583,V3: Should we award draft picks for playoff teams by Losing Round then Seeding rather than 3rd/5th Place Game Result?,2026-03-16,Yes,27,Houston Texans,HOU
987583,V3: Should we award draft picks for playoff teams by Losing Round then Seeding rather than 3rd/5th Place Game Result?,2026-03-16,Yes,27,Indianapolis Colts,IND
987583,V3: Should we award draft picks for playoff teams by Losing Round then Seeding rather than 3rd/5th Place Game Result?,2026-03-16,Yes,27,Tennessee Titans,TEN
987583,V3: Should we award draft picks for playoff teams by Losing Round then Seeding rather than 3rd/5th Place Game Result?,2026-03-16,Yes,27,Denver Broncos,DEN
987583,V3: Should we award draft picks for playoff teams by Losing Round then Seeding rather than 3rd/5th Place Game Result?,2026-03-16,Yes,27,Las Vegas Raiders,LVR
987583,V3: Should we award draft picks for playoff teams by Losing Round then Seeding rather than 3rd/5th Place Game Result?,2026-03-16,Yes,27,Los Angeles Chargers,LAC
987583,V3: Should we award draft picks for playoff teams by Losing Round then Seeding rather than 3rd/5th Place Game Result?,2026-03-16,No,2,Buffalo Bills,BUF
987583,V3: Should we award draft picks for playoff teams by Losing Round then Seeding rather than 3rd/5th Place Game Result?,2026-03-16,No,2,Kansas City Chiefs,KCC
987583,V3: Should we award draft picks for playoff teams by Losing Round then Seeding rather than 3rd/5th Place Game Result?,2026-03-16,Abstain,3,Miami Dolphins,MIA
987583,V3: Should we award draft picks for playoff teams by Losing Round then Seeding rather than 3rd/5th Place Game Result?,2026-03-16,Abstain,3,Cleveland Browns,CLE
987583,V3: Should we award draft picks for playoff teams by Losing Round then Seeding rather than 3rd/5th Place Game Result?,2026-03-16,Abstain,3,Jacksonville Jaguars,JAC
987582,V4: Should we institute a 40-player Active Roster Minimum?,2026-03-16,Yes,25,Dallas Cowboys,DAL
987582,V4: Should we institute a 40-player Active Roster Minimum?,2026-03-16,Yes,25,Philadelphia Eagles,PHI
987582,V4: Should we institute a 40-player Active Roster Minimum?,2026-03-16,Yes,25,Chicago Bears,CHI
987582,V4: Should we institute a 40-player Active Roster Minimum?,2026-03-16,Yes,25,Detroit Lions,DET
987582,V4: Should we institute a 40-player Active Roster Minimum?,2026-03-16,Yes,25,Green Bay Packers,GBP
987582,V4: Should we institute a 40-player Active Roster Minimum?,2026-03-16,Yes,25,Minnesota Vikings,MIN
987582,V4: Should we institute a 40-player Active Roster Minimum?,2026-03-16,Yes,25,Atlanta Falcons,ATL
987582,V4: Should we institute a 40-player Active Roster Minimum?,2026-03-16,Yes,25,Carolina Panthers,CAR
987582,V4: Should we institute a 40-player Active Roster Minimum?,2026-03-16,Yes,25,New Orleans Saints,NOS
987582,V4: Should we institute a 40-player Active Roster Minimum?,2026-03-16,Yes,25,Tampa Bay Buccaneers,TBB
987582,V4: Should we institute a 40-player Active Roster Minimum?,2026-03-16,Yes,25,Arizona Cardinals,ARI
987582,V4: Should we institute a 40-player Active Roster Minimum?,2026-03-16,Yes,25,San Francisco 49ers,SFO
987582,V4: Should we institute a 40-player Active Roster Minimum?,2026-03-16,Yes,25,Seattle Seahawks,SEA
987582,V4: Should we institute a 40-player Active Roster Minimum?,2026-03-16,Yes,25,Buffalo Bills,BUF
987582,V4: Should we institute a 40-player Active Roster Minimum?,2026-03-16,Yes,25,Miami Dolphins,MIA
987582,V4: Should we institute a 40-player Active Roster Minimum?,2026-03-16,Yes,25,New England Patriots,NEP
987582,V4: Should we institute a 40-player Active Roster Minimum?,2026-03-16,Yes,25,Baltimore Ravens,BAL
987582,V4: Should we institute a 40-player Active Roster Minimum?,2026-03-16,Yes,25,Cincinnati Bengals,CIN
987582,V4: Should we institute a 40-player Active Roster Minimum?,2026-03-16,Yes,25,Pittsburgh Steelers,PIT
987582,V4: Should we institute a 40-player Active Roster Minimum?,2026-03-16,Yes,25,Houston Texans,HOU
987582,V4: Should we institute a 40-player Active Roster Minimum?,2026-03-16,Yes,25,Indianapolis Colts,IND
987582,V4: Should we institute a 40-player Active Roster Minimum?,2026-03-16,Yes,25,Denver Broncos,DEN
987582,V4: Should we institute a 40-player Active Roster Minimum?,2026-03-16,Yes,25,Kansas City Chiefs,KCC
987582,V4: Should we institute a 40-player Active Roster Minimum?,2026-03-16,Yes,25,Las Vegas Raiders,LVR
987582,V4: Should we institute a 40-player Active Roster Minimum?,2026-03-16,Yes,25,Los Angeles Chargers,LAC
987582,V4: Should we institute a 40-player Active Roster Minimum?,2026-03-16,No,5,New York Giants,NYG
987582,V4: Should we institute a 40-player Active Roster Minimum?,2026-03-16,No,5,Washington Commanders,WAS
987582,V4: Should we institute a 40-player Active Roster Minimum?,2026-03-16,No,5,Cleveland Browns,CLE
987582,V4: Should we institute a 40-player Active Roster Minimum?,2026-03-16,No,5,Jacksonville Jaguars,JAC
987582,V4: Should we institute a 40-player Active Roster Minimum?,2026-03-16,No,5,Tennessee Titans,TEN
987582,V4: Should we institute a 40-player Active Roster Minimum?,2026-03-16,Abstain,2,Los Angeles Rams,LAR
987582,V4: Should we institute a 40-player Active Roster Minimum?,2026-03-16,Abstain,2,New York Jets,NYJ
987581,V5: Should we begin In-Season UFA auctions at Noon ET on Tuesdays?,2026-03-16,Yes,25,Dallas Cowboys,DAL
987581,V5: Should we begin In-Season UFA auctions at Noon ET on Tuesdays?,2026-03-16,Yes,25,New York Giants,NYG
987581,V5: Should we begin In-Season UFA auctions at Noon ET on Tuesdays?,2026-03-16,Yes,25,Philadelphia Eagles,PHI
987581,V5: Should we begin In-Season UFA auctions at Noon ET on Tuesdays?,2026-03-16,Yes,25,Chicago Bears,CHI
987581,V5: Should we begin In-Season UFA auctions at Noon ET on Tuesdays?,2026-03-16,Yes,25,Detroit Lions,DET
987581,V5: Should we begin In-Season UFA auctions at Noon ET on Tuesdays?,2026-03-16,Yes,25,Green Bay Packers,GBP
987581,V5: Should we begin In-Season UFA auctions at Noon ET on Tuesdays?,2026-03-16,Yes,25,Minnesota Vikings,MIN
987581,V5: Should we begin In-Season UFA auctions at Noon ET on Tuesdays?,2026-03-16,Yes,25,Atlanta Falcons,ATL
987581,V5: Should we begin In-Season UFA auctions at Noon ET on Tuesdays?,2026-03-16,Yes,25,Carolina Panthers,CAR
987581,V5: Should we begin In-Season UFA auctions at Noon ET on Tuesdays?,2026-03-16,Yes,25,Tampa Bay Buccaneers,TBB
987581,V5: Should we begin In-Season UFA auctions at Noon ET on Tuesdays?,2026-03-16,Yes,25,Los Angeles Rams,LAR
987581,V5: Should we begin In-Season UFA auctions at Noon ET on Tuesdays?,2026-03-16,Yes,25,San Francisco 49ers,SFO
987581,V5: Should we begin In-Season UFA auctions at Noon ET on Tuesdays?,2026-03-16,Yes,25,Seattle Seahawks,SEA
987581,V5: Should we begin In-Season UFA auctions at Noon ET on Tuesdays?,2026-03-16,Yes,25,Buffalo Bills,BUF
987581,V5: Should we begin In-Season UFA auctions at Noon ET on Tuesdays?,2026-03-16,Yes,25,Miami Dolphins,MIA
987581,V5: Should we begin In-Season UFA auctions at Noon ET on Tuesdays?,2026-03-16,Yes,25,New England Patriots,NEP
987581,V5: Should we begin In-Season UFA auctions at Noon ET on Tuesdays?,2026-03-16,Yes,25,Baltimore Ravens,BAL
987581,V5: Should we begin In-Season UFA auctions at Noon ET on Tuesdays?,2026-03-16,Yes,25,Cincinnati Bengals,CIN
987581,V5: Should we begin In-Season UFA auctions at Noon ET on Tuesdays?,2026-03-16,Yes,25,Cleveland Browns,CLE
987581,V5: Should we begin In-Season UFA auctions at Noon ET on Tuesdays?,2026-03-16,Yes,25,Pittsburgh Steelers,PIT
987581,V5: Should we begin In-Season UFA auctions at Noon ET on Tuesdays?,2026-03-16,Yes,25,Houston Texans,HOU
987581,V5: Should we begin In-Season UFA auctions at Noon ET on Tuesdays?,2026-03-16,Yes,25,Indianapolis Colts,IND
987581,V5: Should we begin In-Season UFA auctions at Noon ET on Tuesdays?,2026-03-16,Yes,25,Tennessee Titans,TEN
987581,V5: Should we begin In-Season UFA auctions at Noon ET on Tuesdays?,2026-03-16,Yes,25,Denver Broncos,DEN
987581,V5: Should we begin In-Season UFA auctions at Noon ET on Tuesdays?,2026-03-16,Yes,25,Los Angeles Chargers,LAC
987581,V5: Should we begin In-Season UFA auctions at Noon ET on Tuesdays?,2026-03-16,No,3,New Orleans Saints,NOS
987581,V5: Should we begin In-Season UFA auctions at Noon ET on Tuesdays?,2026-03-16,No,3,Arizona Cardinals,ARI
987581,V5: Should we begin In-Season UFA auctions at Noon ET on Tuesdays?,2026-03-16,No,3,Kansas City Chiefs,KCC
987581,V5: Should we begin In-Season UFA auctions at Noon ET on Tuesdays?,2026-03-16,Abstain,4,Washington Commanders,WAS
987581,V5: Should we begin In-Season UFA auctions at Noon ET on Tuesdays?,2026-03-16,Abstain,4,New York Jets,NYJ
987581,V5: Should we begin In-Season UFA auctions at Noon ET on Tuesdays?,2026-03-16,Abstain,4,Jacksonville Jaguars,JAC
987581,V5: Should we begin In-Season UFA auctions at Noon ET on Tuesdays?,2026-03-16,Abstain,4,Las Vegas Raiders,LVR
987580,V6: Should we prohibit Future-Season RFA Compensation?,2026-03-16,Yes,7,New York Giants,NYG
987580,V6: Should we prohibit Future-Season RFA Compensation?,2026-03-16,Yes,7,Detroit Lions,DET
987580,V6: Should we prohibit Future-Season RFA Compensation?,2026-03-16,Yes,7,Minnesota Vikings,MIN
987580,V6: Should we prohibit Future-Season RFA Compensation?,2026-03-16,Yes,7,Seattle Seahawks,SEA
987580,V6: Should we prohibit Future-Season RFA Compensation?,2026-03-16,Yes,7,Miami Dolphins,MIA
987580,V6: Should we prohibit Future-Season RFA Compensation?,2026-03-16,Yes,7,Houston Texans,HOU
987580,V6: Should we prohibit Future-Season RFA Compensation?,2026-03-16,Yes,7,Denver Broncos,DEN
987580,V6: Should we prohibit Future-Season RFA Compensation?,2026-03-16,No,14,Dallas Cowboys,DAL
987580,V6: Should we prohibit Future-Season RFA Compensation?,2026-03-16,No,14,Philadelphia Eagles,PHI
987580,V6: Should we prohibit Future-Season RFA Compensation?,2026-03-16,No,14,Washington Commanders,WAS
987580,V6: Should we prohibit Future-Season RFA Compensation?,2026-03-16,No,14,Chicago Bears,CHI
987580,V6: Should we prohibit Future-Season RFA Compensation?,2026-03-16,No,14,Atlanta Falcons,ATL
987580,V6: Should we prohibit Future-Season RFA Compensation?,2026-03-16,No,14,New Orleans Saints,NOS
987580,V6: Should we prohibit Future-Season RFA Compensation?,2026-03-16,No,14,Tampa Bay Buccaneers,TBB
987580,V6: Should we prohibit Future-Season RFA Compensation?,2026-03-16,No,14,Arizona Cardinals,ARI
987580,V6: Should we prohibit Future-Season RFA Compensation?,2026-03-16,No,14,Buffalo Bills,BUF
987580,V6: Should we prohibit Future-Season RFA Compensation?,2026-03-16,No,14,Baltimore Ravens,BAL
987580,V6: Should we prohibit Future-Season RFA Compensation?,2026-03-16,No,14,Pittsburgh Steelers,PIT
987580,V6: Should we prohibit Future-Season RFA Compensation?,2026-03-16,No,14,Indianapolis Colts,IND
987580,V6: Should we prohibit Future-Season RFA Compensation?,2026-03-16,No,14,Tennessee Titans,TEN
987580,V6: Should we prohibit Future-Season RFA Compensation?,2026-03-16,No,14,Los Angeles Chargers,LAC
987580,V6: Should we prohibit Future-Season RFA Compensation?,2026-03-16,Abstain,11,Green Bay Packers,GBP
987580,V6: Should we prohibit Future-Season RFA Compensation?,2026-03-16,Abstain,11,Carolina Panthers,CAR
987580,V6: Should we prohibit Future-Season RFA Compensation?,2026-03-16,Abstain,11,Los Angeles Rams,LAR
987580,V6: Should we prohibit Future-Season RFA Compensation?,2026-03-16,Abstain,11,San Francisco 49ers,SFO
987580,V6: Should we prohibit Future-Season RFA Compensation?,2026-03-16,Abstain,11,New England Patriots,NEP
987580,V6: Should we prohibit Future-Season RFA Compensation?,2026-03-16,Abstain,11,New York Jets,NYJ
987580,V6: Should we prohibit Future-Season RFA Compensation?,2026-03-16,Abstain,11,Cincinnati Bengals,CIN
987580,V6: Should we prohibit Future-Season RFA Compensation?,2026-03-16,Abstain,11,Cleveland Browns,CLE
987580,V6: Should we prohibit Future-Season RFA Compensation?,2026-03-16,Abstain,11,Jacksonville Jaguars,JAC
987580,V6: Should we prohibit Future-Season RFA Compensation?,2026-03-16,Abstain,11,Kansas City Chiefs,KCC
987580,V6: Should we prohibit Future-Season RFA Compensation?,2026-03-16,Abstain,11,Las Vegas Raiders,LVR
987579,V7: Should we push back Final Roster Cutdowns from Monday at Noon ET to Tuesday at Noon ET?,2026-03-16,Yes,8,Buffalo Bills,BUF
987579,V7: Should we push back Final Roster Cutdowns from Monday at Noon ET to Tuesday at Noon ET?,2026-03-16,Yes,8,Miami Dolphins,MIA
987579,V7: Should we push back Final Roster Cutdowns from Monday at Noon ET to Tuesday at Noon ET?,2026-03-16,Yes,8,Cincinnati Bengals,CIN
987579,V7: Should we push back Final Roster Cutdowns from Monday at Noon ET to Tuesday at Noon ET?,2026-03-16,Yes,8,Cleveland Browns,CLE
987579,V7: Should we push back Final Roster Cutdowns from Monday at Noon ET to Tuesday at Noon ET?,2026-03-16,Yes,8,Houston Texans,HOU
987579,V7: Should we push back Final Roster Cutdowns from Monday at Noon ET to Tuesday at Noon ET?,2026-03-16,Yes,8,Tennessee Titans,TEN
987579,V7: Should we push back Final Roster Cutdowns from Monday at Noon ET to Tuesday at Noon ET?,2026-03-16,Yes,8,Las Vegas Raiders,LVR
987579,V7: Should we push back Final Roster Cutdowns from Monday at Noon ET to Tuesday at Noon ET?,2026-03-16,Yes,8,Los Angeles Chargers,LAC
987579,V7: Should we push back Final Roster Cutdowns from Monday at Noon ET to Tuesday at Noon ET?,2026-03-16,No,17,Dallas Cowboys,DAL
987579,V7: Should we push back Final Roster Cutdowns from Monday at Noon ET to Tuesday at Noon ET?,2026-03-16,No,17,Philadelphia Eagles,PHI
987579,V7: Should we push back Final Roster Cutdowns from Monday at Noon ET to Tuesday at Noon ET?,2026-03-16,No,17,Chicago Bears,CHI
987579,V7: Should we push back Final Roster Cutdowns from Monday at Noon ET to Tuesday at Noon ET?,2026-03-16,No,17,Detroit Lions,DET
987579,V7: Should we push back Final Roster Cutdowns from Monday at Noon ET to Tuesday at Noon ET?,2026-03-16,No,17,Green Bay Packers,GBP
987579,V7: Should we push back Final Roster Cutdowns from Monday at Noon ET to Tuesday at Noon ET?,2026-03-16,No,17,Minnesota Vikings,MIN
987579,V7: Should we push back Final Roster Cutdowns from Monday at Noon ET to Tuesday at Noon ET?,2026-03-16,No,17,Atlanta Falcons,ATL
987579,V7: Should we push back Final Roster Cutdowns from Monday at Noon ET to Tuesday at Noon ET?,2026-03-16,No,17,New Orleans Saints,NOS
987579,V7: Should we push back Final Roster Cutdowns from Monday at Noon ET to Tuesday at Noon ET?,2026-03-16,No,17,Tampa Bay Buccaneers,TBB
987579,V7: Should we push back Final Roster Cutdowns from Monday at Noon ET to Tuesday at Noon ET?,2026-03-16,No,17,Arizona Cardinals,ARI
987579,V7: Should we push back Final Roster Cutdowns from Monday at Noon ET to Tuesday at Noon ET?,2026-03-16,No,17,Los Angeles Rams,LAR
987579,V7: Should we push back Final Roster Cutdowns from Monday at Noon ET to Tuesday at Noon ET?,2026-03-16,No,17,San Francisco 49ers,SFO
987579,V7: Should we push back Final Roster Cutdowns from Monday at Noon ET to Tuesday at Noon ET?,2026-03-16,No,17,Seattle Seahawks,SEA
987579,V7: Should we push back Final Roster Cutdowns from Monday at Noon ET to Tuesday at Noon ET?,2026-03-16,No,17,Pittsburgh Steelers,PIT
987579,V7: Should we push back Final Roster Cutdowns from Monday at Noon ET to Tuesday at Noon ET?,2026-03-16,No,17,Indianapolis Colts,IND
987579,V7: Should we push back Final Roster Cutdowns from Monday at Noon ET to Tuesday at Noon ET?,2026-03-16,No,17,Denver Broncos,DEN
987579,V7: Should we push back Final Roster Cutdowns from Monday at Noon ET to Tuesday at Noon ET?,2026-03-16,No,17,Kansas City Chiefs,KCC
987579,V7: Should we push back Final Roster Cutdowns from Monday at Noon ET to Tuesday at Noon ET?,2026-03-16,Abstain,7,New York Giants,NYG
987579,V7: Should we push back Final Roster Cutdowns from Monday at Noon ET to Tuesday at Noon ET?,2026-03-16,Abstain,7,Washington Commanders,WAS
987579,V7: Should we push back Final Roster Cutdowns from Monday at Noon ET to Tuesday at Noon ET?,2026-03-16,Abstain,7,Carolina Panthers,CAR
987579,V7: Should we push back Final Roster Cutdowns from Monday at Noon ET to Tuesday at Noon ET?,2026-03-16,Abstain,7,New England Patriots,NEP
987579,V7: Should we push back Final Roster Cutdowns from Monday at Noon ET to Tuesday at Noon ET?,2026-03-16,Abstain,7,New York Jets,NYJ
987579,V7: Should we push back Final Roster Cutdowns from Monday at Noon ET to Tuesday at Noon ET?,2026-03-16,Abstain,7,Baltimore Ravens,BAL
987579,V7: Should we push back Final Roster Cutdowns from Monday at Noon ET to Tuesday at Noon ET?,2026-03-16,Abstain,7,Jacksonville Jaguars,JAC
987578,"V8: Should we adopt the ""New 1"" Payout Structure in place of our current one?",2026-03-16,Yes,14,Dallas Cowboys,DAL
987578,"V8: Should we adopt the ""New 1"" Payout Structure in place of our current one?",2026-03-16,Yes,14,Philadelphia Eagles,PHI
987578,"V8: Should we adopt the ""New 1"" Payout Structure in place of our current one?",2026-03-16,Yes,14,Washington Commanders,WAS
987578,"V8: Should we adopt the ""New 1"" Payout Structure in place of our current one?",2026-03-16,Yes,14,Chicago Bears,CHI
987578,"V8: Should we adopt the ""New 1"" Payout Structure in place of our current one?",2026-03-16,Yes,14,New Orleans Saints,NOS
987578,"V8: Should we adopt the ""New 1"" Payout Structure in place of our current one?",2026-03-16,Yes,14,Buffalo Bills,BUF
987578,"V8: Should we adopt the ""New 1"" Payout Structure in place of our current one?",2026-03-16,Yes,14,Miami Dolphins,MIA
987578,"V8: Should we adopt the ""New 1"" Payout Structure in place of our current one?",2026-03-16,Yes,14,New England Patriots,NEP
987578,"V8: Should we adopt the ""New 1"" Payout Structure in place of our current one?",2026-03-16,Yes,14,New York Jets,NYJ
987578,"V8: Should we adopt the ""New 1"" Payout Structure in place of our current one?",2026-03-16,Yes,14,Cincinnati Bengals,CIN
987578,"V8: Should we adopt the ""New 1"" Payout Structure in place of our current one?",2026-03-16,Yes,14,Pittsburgh Steelers,PIT
987578,"V8: Should we adopt the ""New 1"" Payout Structure in place of our current one?",2026-03-16,Yes,14,Indianapolis Colts,IND
987578,"V8: Should we adopt the ""New 1"" Payout Structure in place of our current one?",2026-03-16,Yes,14,Denver Broncos,DEN
987578,"V8: Should we adopt the ""New 1"" Payout Structure in place of our current one?",2026-03-16,Yes,14,Las Vegas Raiders,LVR
987578,"V8: Should we adopt the ""New 1"" Payout Structure in place of our current one?",2026-03-16,No,14,Green Bay Packers,GBP
987578,"V8: Should we adopt the ""New 1"" Payout Structure in place of our current one?",2026-03-16,No,14,Minnesota Vikings,MIN
987578,"V8: Should we adopt the ""New 1"" Payout Structure in place of our current one?",2026-03-16,No,14,Atlanta Falcons,ATL
987578,"V8: Should we adopt the ""New 1"" Payout Structure in place of our current one?",2026-03-16,No,14,Tampa Bay Buccaneers,TBB
987578,"V8: Should we adopt the ""New 1"" Payout Structure in place of our current one?",2026-03-16,No,14,Arizona Cardinals,ARI
987578,"V8: Should we adopt the ""New 1"" Payout Structure in place of our current one?",2026-03-16,No,14,Los Angeles Rams,LAR
987578,"V8: Should we adopt the ""New 1"" Payout Structure in place of our current one?",2026-03-16,No,14,San Francisco 49ers,SFO
987578,"V8: Should we adopt the ""New 1"" Payout Structure in place of our current one?",2026-03-16,No,14,Seattle Seahawks,SEA
987578,"V8: Should we adopt the ""New 1"" Payout Structure in place of our current one?",2026-03-16,No,14,Baltimore Ravens,BAL
987578,"V8: Should we adopt the ""New 1"" Payout Structure in place of our current one?",2026-03-16,No,14,Cleveland Browns,CLE
987578,"V8: Should we adopt the ""New 1"" Payout Structure in place of our current one?",2026-03-16,No,14,Houston Texans,HOU
987578,"V8: Should we adopt the ""New 1"" Payout Structure in place of our current one?",2026-03-16,No,14,Tennessee Titans,TEN
987578,"V8: Should we adopt the ""New 1"" Payout Structure in place of our current one?",2026-03-16,No,14,Kansas City Chiefs,KCC
987578,"V8: Should we adopt the ""New 1"" Payout Structure in place of our current one?",2026-03-16,No,14,Los Angeles Chargers,LAC
987578,"V8: Should we adopt the ""New 1"" Payout Structure in place of our current one?",2026-03-16,Abstain,4,New York Giants,NYG
987578,"V8: Should we adopt the ""New 1"" Payout Structure in place of our current one?",2026-03-16,Abstain,4,Detroit Lions,DET
987578,"V8: Should we adopt the ""New 1"" Payout Structure in place of our current one?",2026-03-16,Abstain,4,Carolina Panthers,CAR
987578,"V8: Should we adopt the ""New 1"" Payout Structure in place of our current one?",2026-03-16,Abstain,4,Jacksonville Jaguars,JAC
987555,V9: Should we transition to the “Blue Mesh” MFL Skin?,2026-03-13,Yes,6,Detroit Lions,DET
987555,V9: Should we transition to the “Blue Mesh” MFL Skin?,2026-03-13,Yes,6,Tampa Bay Buccaneers,TBB
987555,V9: Should we transition to the “Blue Mesh” MFL Skin?,2026-03-13,Yes,6,Arizona Cardinals,ARI
987555,V9: Should we transition to the “Blue Mesh” MFL Skin?,2026-03-13,Yes,6,Miami Dolphins,MIA
987555,V9: Should we transition to the “Blue Mesh” MFL Skin?,2026-03-13,Yes,6,Pittsburgh Steelers,PIT
987555,V9: Should we transition to the “Blue Mesh” MFL Skin?,2026-03-13,Yes,6,Denver Broncos,DEN
987555,V9: Should we transition to the “Blue Mesh” MFL Skin?,2026-03-13,No,19,Dallas Cowboys,DAL
987555,V9: Should we transition to the “Blue Mesh” MFL Skin?,2026-03-13,No,19,New York Giants,NYG
987555,V9: Should we transition to the “Blue Mesh” MFL Skin?,2026-03-13,No,19,Philadelphia Eagles,PHI
987555,V9: Should we transition to the “Blue Mesh” MFL Skin?,2026-03-13,No,19,Washington Commanders,WAS
987555,V9: Should we transition to the “Blue Mesh” MFL Skin?,2026-03-13,No,19,Chicago Bears,CHI
987555,V9: Should we transition to the “Blue Mesh” MFL Skin?,2026-03-13,No,19,Green Bay Packers,GBP
987555,V9: Should we transition to the “Blue Mesh” MFL Skin?,2026-03-13,No,19,Atlanta Falcons,ATL
987555,V9: Should we transition to the “Blue Mesh” MFL Skin?,2026-03-13,No,19,New Orleans Saints,NOS
987555,V9: Should we transition to the “Blue Mesh” MFL Skin?,2026-03-13,No,19,San Francisco 49ers,SFO
987555,V9: Should we transition to the “Blue Mesh” MFL Skin?,2026-03-13,No,19,Seattle Seahawks,SEA
987555,V9: Should we transition to the “Blue Mesh” MFL Skin?,2026-03-13,No,19,Buffalo Bills,BUF
987555,V9: Should we transition to the “Blue Mesh” MFL Skin?,2026-03-13,No,19,New England Patriots,NEP
987555,V9: Should we transition to the “Blue Mesh” MFL Skin?,2026-03-13,No,19,Cleveland Browns,CLE
987555,V9: Should we transition to the “Blue Mesh” MFL Skin?,2026-03-13,No,19,Houston Texans,HOU
987555,V9: Should we transition to the “Blue Mesh” MFL Skin?,2026-03-13,No,19,Indianapolis Colts,IND
987555,V9: Should we transition to the “Blue Mesh” MFL Skin?,2026-03-13,No,19,Tennessee Titans,TEN
987555,V9: Should we transition to the “Blue Mesh” MFL Skin?,2026-03-13,No,19,Kansas City Chiefs,KCC
987555,V9: Should we transition to the “Blue Mesh” MFL Skin?,2026-03-13,No,19,Las Vegas Raiders,LVR
987555,V9: Should we transition to the “Blue Mesh” MFL Skin?,2026-03-13,No,19,Los Angeles Chargers,LAC
987555,V9: Should we transition to the “Blue Mesh” MFL Skin?,2026-03-13,Abstain,4,Minnesota Vikings,MIN
987555,V9: Should we transition to the “Blue Mesh” MFL Skin?,2026-03-13,Abstain,4,Los Angeles Rams,LAR
987555,V9: Should we transition to the “Blue Mesh” MFL Skin?,2026-03-13,Abstain,4,New York Jets,NYJ
987555,V9: Should we transition to the “Blue Mesh” MFL Skin?,2026-03-13,Abstain,4,Baltimore Ravens,BAL
987241,S6: Should remove the CB Penalty decrease (and stay at 1.2 pts per CB Solo)?,2026-02-28,Yes,6,Miami Dolphins,MIA
987241,S6: Should remove the CB Penalty decrease (and stay at 1.2 pts per CB Solo)?,2026-02-28,Yes,6,New England Patriots,NEP
987241,S6: Should remove the CB Penalty decrease (and stay at 1.2 pts per CB Solo)?,2026-02-28,Yes,6,Cleveland Browns,CLE
987241,S6: Should remove the CB Penalty decrease (and stay at 1.2 pts per CB Solo)?,2026-02-28,Yes,6,Indianapolis Colts,IND
987241,S6: Should remove the CB Penalty decrease (and stay at 1.2 pts per CB Solo)?,2026-02-28,Yes,6,Tennessee Titans,TEN
987241,S6: Should remove the CB Penalty decrease (and stay at 1.2 pts per CB Solo)?,2026-02-28,Yes,6,Los Angeles Chargers,LAC
987241,S6: Should remove the CB Penalty decrease (and stay at 1.2 pts per CB Solo)?,2026-02-28,No,14,Dallas Cowboys,DAL
987241,S6: Should remove the CB Penalty decrease (and stay at 1.2 pts per CB Solo)?,2026-02-28,No,14,Philadelphia Eagles,PHI
987241,S6: Should remove the CB Penalty decrease (and stay at 1.2 pts per CB Solo)?,2026-02-28,No,14,Chicago Bears,CHI
987241,S6: Should remove the CB Penalty decrease (and stay at 1.2 pts per CB Solo)?,2026-02-28,No,14,Detroit Lions,DET
987241,S6: Should remove the CB Penalty decrease (and stay at 1.2 pts per CB Solo)?,2026-02-28,No,14,Green Bay Packers,GBP
987241,S6: Should remove the CB Penalty decrease (and stay at 1.2 pts per CB Solo)?,2026-02-28,No,14,Carolina Panthers,CAR
987241,S6: Should remove the CB Penalty decrease (and stay at 1.2 pts per CB Solo)?,2026-02-28,No,14,New Orleans Saints,NOS
987241,S6: Should remove the CB Penalty decrease (and stay at 1.2 pts per CB Solo)?,2026-02-28,No,14,Arizona Cardinals,ARI
987241,S6: Should remove the CB Penalty decrease (and stay at 1.2 pts per CB Solo)?,2026-02-28,No,14,Los Angeles Rams,LAR
987241,S6: Should remove the CB Penalty decrease (and stay at 1.2 pts per CB Solo)?,2026-02-28,No,14,Seattle Seahawks,SEA
987241,S6: Should remove the CB Penalty decrease (and stay at 1.2 pts per CB Solo)?,2026-02-28,No,14,Cincinnati Bengals,CIN
987241,S6: Should remove the CB Penalty decrease (and stay at 1.2 pts per CB Solo)?,2026-02-28,No,14,Pittsburgh Steelers,PIT
987241,S6: Should remove the CB Penalty decrease (and stay at 1.2 pts per CB Solo)?,2026-02-28,No,14,Denver Broncos,DEN
987241,S6: Should remove the CB Penalty decrease (and stay at 1.2 pts per CB Solo)?,2026-02-28,No,14,Kansas City Chiefs,KCC
987241,S6: Should remove the CB Penalty decrease (and stay at 1.2 pts per CB Solo)?,2026-02-28,Abstain,6,New York Giants,NYG
987241,S6: Should remove the CB Penalty decrease (and stay at 1.2 pts per CB Solo)?,2026-02-28,Abstain,6,Minnesota Vikings,MIN
987241,S6: Should remove the CB Penalty decrease (and stay at 1.2 pts per CB Solo)?,2026-02-28,Abstain,6,Atlanta Falcons,ATL
987241,S6: Should remove the CB Penalty decrease (and stay at 1.2 pts per CB Solo)?,2026-02-28,Abstain,6,San Francisco 49ers,SFO
987241,S6: Should remove the CB Penalty decrease (and stay at 1.2 pts per CB Solo)?,2026-02-28,Abstain,6,Baltimore Ravens,BAL
987241,S6: Should remove the CB Penalty decrease (and stay at 1.2 pts per CB Solo)?,2026-02-28,Abstain,6,Houston Texans,HOU
987219,S5.2:Should we remove the CB-specific Penalty decrease (-0.5 instead of -1) and increase to 1.3 points per CB Solo Tackle?,2026-02-27,Yes,10,Minnesota Vikings,MIN
987219,S5.2:Should we remove the CB-specific Penalty decrease (-0.5 instead of -1) and increase to 1.3 points per CB Solo Tackle?,2026-02-27,Yes,10,Atlanta Falcons,ATL
987219,S5.2:Should we remove the CB-specific Penalty decrease (-0.5 instead of -1) and increase to 1.3 points per CB Solo Tackle?,2026-02-27,Yes,10,Tampa Bay Buccaneers,TBB
987219,S5.2:Should we remove the CB-specific Penalty decrease (-0.5 instead of -1) and increase to 1.3 points per CB Solo Tackle?,2026-02-27,Yes,10,Arizona Cardinals,ARI
987219,S5.2:Should we remove the CB-specific Penalty decrease (-0.5 instead of -1) and increase to 1.3 points per CB Solo Tackle?,2026-02-27,Yes,10,San Francisco 49ers,SFO
987219,S5.2:Should we remove the CB-specific Penalty decrease (-0.5 instead of -1) and increase to 1.3 points per CB Solo Tackle?,2026-02-27,Yes,10,Buffalo Bills,BUF
987219,S5.2:Should we remove the CB-specific Penalty decrease (-0.5 instead of -1) and increase to 1.3 points per CB Solo Tackle?,2026-02-27,Yes,10,Miami Dolphins,MIA
987219,S5.2:Should we remove the CB-specific Penalty decrease (-0.5 instead of -1) and increase to 1.3 points per CB Solo Tackle?,2026-02-27,Yes,10,Pittsburgh Steelers,PIT
987219,S5.2:Should we remove the CB-specific Penalty decrease (-0.5 instead of -1) and increase to 1.3 points per CB Solo Tackle?,2026-02-27,Yes,10,Indianapolis Colts,IND
987219,S5.2:Should we remove the CB-specific Penalty decrease (-0.5 instead of -1) and increase to 1.3 points per CB Solo Tackle?,2026-02-27,Yes,10,Tennessee Titans,TEN
987219,S5.2:Should we remove the CB-specific Penalty decrease (-0.5 instead of -1) and increase to 1.3 points per CB Solo Tackle?,2026-02-27,No,14,Dallas Cowboys,DAL
987219,S5.2:Should we remove the CB-specific Penalty decrease (-0.5 instead of -1) and increase to 1.3 points per CB Solo Tackle?,2026-02-27,No,14,Philadelphia Eagles,PHI
987219,S5.2:Should we remove the CB-specific Penalty decrease (-0.5 instead of -1) and increase to 1.3 points per CB Solo Tackle?,2026-02-27,No,14,Washington Commanders,WAS
987219,S5.2:Should we remove the CB-specific Penalty decrease (-0.5 instead of -1) and increase to 1.3 points per CB Solo Tackle?,2026-02-27,No,14,Detroit Lions,DET
987219,S5.2:Should we remove the CB-specific Penalty decrease (-0.5 instead of -1) and increase to 1.3 points per CB Solo Tackle?,2026-02-27,No,14,Green Bay Packers,GBP
987219,S5.2:Should we remove the CB-specific Penalty decrease (-0.5 instead of -1) and increase to 1.3 points per CB Solo Tackle?,2026-02-27,No,14,Carolina Panthers,CAR
987219,S5.2:Should we remove the CB-specific Penalty decrease (-0.5 instead of -1) and increase to 1.3 points per CB Solo Tackle?,2026-02-27,No,14,New Orleans Saints,NOS
987219,S5.2:Should we remove the CB-specific Penalty decrease (-0.5 instead of -1) and increase to 1.3 points per CB Solo Tackle?,2026-02-27,No,14,Los Angeles Rams,LAR
987219,S5.2:Should we remove the CB-specific Penalty decrease (-0.5 instead of -1) and increase to 1.3 points per CB Solo Tackle?,2026-02-27,No,14,New England Patriots,NEP
987219,S5.2:Should we remove the CB-specific Penalty decrease (-0.5 instead of -1) and increase to 1.3 points per CB Solo Tackle?,2026-02-27,No,14,Cleveland Browns,CLE
987219,S5.2:Should we remove the CB-specific Penalty decrease (-0.5 instead of -1) and increase to 1.3 points per CB Solo Tackle?,2026-02-27,No,14,Denver Broncos,DEN
987219,S5.2:Should we remove the CB-specific Penalty decrease (-0.5 instead of -1) and increase to 1.3 points per CB Solo Tackle?,2026-02-27,No,14,Kansas City Chiefs,KCC
987219,S5.2:Should we remove the CB-specific Penalty decrease (-0.5 instead of -1) and increase to 1.3 points per CB Solo Tackle?,2026-02-27,No,14,Las Vegas Raiders,LVR
987219,S5.2:Should we remove the CB-specific Penalty decrease (-0.5 instead of -1) and increase to 1.3 points per CB Solo Tackle?,2026-02-27,No,14,Los Angeles Chargers,LAC
987219,S5.2:Should we remove the CB-specific Penalty decrease (-0.5 instead of -1) and increase to 1.3 points per CB Solo Tackle?,2026-02-27,Abstain,4,Chicago Bears,CHI
987219,S5.2:Should we remove the CB-specific Penalty decrease (-0.5 instead of -1) and increase to 1.3 points per CB Solo Tackle?,2026-02-27,Abstain,4,Baltimore Ravens,BAL
987219,S5.2:Should we remove the CB-specific Penalty decrease (-0.5 instead of -1) and increase to 1.3 points per CB Solo Tackle?,2026-02-27,Abstain,4,Houston Texans,HOU
987219,S5.2:Should we remove the CB-specific Penalty decrease (-0.5 instead of -1) and increase to 1.3 points per CB Solo Tackle?,2026-02-27,Abstain,4,Jacksonville Jaguars,JAC
987218,S5.1: Should we implement this CB scoring change in 2026 or 2027?,2026-02-27,2026,19,Dallas Cowboys,DAL
987218,S5.1: Should we implement this CB scoring change in 2026 or 2027?,2026-02-27,2026,19,Philadelphia Eagles,PHI
987218,S5.1: Should we implement this CB scoring change in 2026 or 2027?,2026-02-27,2026,19,Washington Commanders,WAS
987218,S5.1: Should we implement this CB scoring change in 2026 or 2027?,2026-02-27,2026,19,Chicago Bears,CHI
987218,S5.1: Should we implement this CB scoring change in 2026 or 2027?,2026-02-27,2026,19,Green Bay Packers,GBP
987218,S5.1: Should we implement this CB scoring change in 2026 or 2027?,2026-02-27,2026,19,Atlanta Falcons,ATL
987218,S5.1: Should we implement this CB scoring change in 2026 or 2027?,2026-02-27,2026,19,Carolina Panthers,CAR
987218,S5.1: Should we implement this CB scoring change in 2026 or 2027?,2026-02-27,2026,19,New Orleans Saints,NOS
987218,S5.1: Should we implement this CB scoring change in 2026 or 2027?,2026-02-27,2026,19,Tampa Bay Buccaneers,TBB
987218,S5.1: Should we implement this CB scoring change in 2026 or 2027?,2026-02-27,2026,19,Arizona Cardinals,ARI
987218,S5.1: Should we implement this CB scoring change in 2026 or 2027?,2026-02-27,2026,19,Los Angeles Rams,LAR
987218,S5.1: Should we implement this CB scoring change in 2026 or 2027?,2026-02-27,2026,19,Miami Dolphins,MIA
987218,S5.1: Should we implement this CB scoring change in 2026 or 2027?,2026-02-27,2026,19,New England Patriots,NEP
987218,S5.1: Should we implement this CB scoring change in 2026 or 2027?,2026-02-27,2026,19,Pittsburgh Steelers,PIT
987218,S5.1: Should we implement this CB scoring change in 2026 or 2027?,2026-02-27,2026,19,Indianapolis Colts,IND
987218,S5.1: Should we implement this CB scoring change in 2026 or 2027?,2026-02-27,2026,19,Tennessee Titans,TEN
987218,S5.1: Should we implement this CB scoring change in 2026 or 2027?,2026-02-27,2026,19,Denver Broncos,DEN
987218,S5.1: Should we implement this CB scoring change in 2026 or 2027?,2026-02-27,2026,19,Las Vegas Raiders,LVR
987218,S5.1: Should we implement this CB scoring change in 2026 or 2027?,2026-02-27,2026,19,Los Angeles Chargers,LAC
987218,S5.1: Should we implement this CB scoring change in 2026 or 2027?,2026-02-27,2027,6,Detroit Lions,DET
987218,S5.1: Should we implement this CB scoring change in 2026 or 2027?,2026-02-27,2027,6,Minnesota Vikings,MIN
987218,S5.1: Should we implement this CB scoring change in 2026 or 2027?,2026-02-27,2027,6,San Francisco 49ers,SFO
987218,S5.1: Should we implement this CB scoring change in 2026 or 2027?,2026-02-27,2027,6,Buffalo Bills,BUF
987218,S5.1: Should we implement this CB scoring change in 2026 or 2027?,2026-02-27,2027,6,Cleveland Browns,CLE
987218,S5.1: Should we implement this CB scoring change in 2026 or 2027?,2026-02-27,2027,6,Kansas City Chiefs,KCC
987218,S5.1: Should we implement this CB scoring change in 2026 or 2027?,2026-02-27,Abstain,3,Baltimore Ravens,BAL
987218,S5.1: Should we implement this CB scoring change in 2026 or 2027?,2026-02-27,Abstain,3,Houston Texans,HOU
987218,S5.1: Should we implement this CB scoring change in 2026 or 2027?,2026-02-27,Abstain,3,Jacksonville Jaguars,JAC
987196,S4: Should we remove the CB Penalty decrease and increase from 1.2 to 1.5 points per CB Solo Tackle?,2026-02-26,Yes,8,New York Giants,NYG
987196,S4: Should we remove the CB Penalty decrease and increase from 1.2 to 1.5 points per CB Solo Tackle?,2026-02-26,Yes,8,Philadelphia Eagles,PHI
987196,S4: Should we remove the CB Penalty decrease and increase from 1.2 to 1.5 points per CB Solo Tackle?,2026-02-26,Yes,8,Minnesota Vikings,MIN
987196,S4: Should we remove the CB Penalty decrease and increase from 1.2 to 1.5 points per CB Solo Tackle?,2026-02-26,Yes,8,Arizona Cardinals,ARI
987196,S4: Should we remove the CB Penalty decrease and increase from 1.2 to 1.5 points per CB Solo Tackle?,2026-02-26,Yes,8,Miami Dolphins,MIA
987196,S4: Should we remove the CB Penalty decrease and increase from 1.2 to 1.5 points per CB Solo Tackle?,2026-02-26,Yes,8,Pittsburgh Steelers,PIT
987196,S4: Should we remove the CB Penalty decrease and increase from 1.2 to 1.5 points per CB Solo Tackle?,2026-02-26,Yes,8,Indianapolis Colts,IND
987196,S4: Should we remove the CB Penalty decrease and increase from 1.2 to 1.5 points per CB Solo Tackle?,2026-02-26,Yes,8,Los Angeles Chargers,LAC
987196,S4: Should we remove the CB Penalty decrease and increase from 1.2 to 1.5 points per CB Solo Tackle?,2026-02-26,No,14,Dallas Cowboys,DAL
987196,S4: Should we remove the CB Penalty decrease and increase from 1.2 to 1.5 points per CB Solo Tackle?,2026-02-26,No,14,Chicago Bears,CHI
987196,S4: Should we remove the CB Penalty decrease and increase from 1.2 to 1.5 points per CB Solo Tackle?,2026-02-26,No,14,Green Bay Packers,GBP
987196,S4: Should we remove the CB Penalty decrease and increase from 1.2 to 1.5 points per CB Solo Tackle?,2026-02-26,No,14,Carolina Panthers,CAR
987196,S4: Should we remove the CB Penalty decrease and increase from 1.2 to 1.5 points per CB Solo Tackle?,2026-02-26,No,14,New Orleans Saints,NOS
987196,S4: Should we remove the CB Penalty decrease and increase from 1.2 to 1.5 points per CB Solo Tackle?,2026-02-26,No,14,Los Angeles Rams,LAR
987196,S4: Should we remove the CB Penalty decrease and increase from 1.2 to 1.5 points per CB Solo Tackle?,2026-02-26,No,14,Seattle Seahawks,SEA
987196,S4: Should we remove the CB Penalty decrease and increase from 1.2 to 1.5 points per CB Solo Tackle?,2026-02-26,No,14,New England Patriots,NEP
987196,S4: Should we remove the CB Penalty decrease and increase from 1.2 to 1.5 points per CB Solo Tackle?,2026-02-26,No,14,Cincinnati Bengals,CIN
987196,S4: Should we remove the CB Penalty decrease and increase from 1.2 to 1.5 points per CB Solo Tackle?,2026-02-26,No,14,Cleveland Browns,CLE
987196,S4: Should we remove the CB Penalty decrease and increase from 1.2 to 1.5 points per CB Solo Tackle?,2026-02-26,No,14,Tennessee Titans,TEN
987196,S4: Should we remove the CB Penalty decrease and increase from 1.2 to 1.5 points per CB Solo Tackle?,2026-02-26,No,14,Denver Broncos,DEN
987196,S4: Should we remove the CB Penalty decrease and increase from 1.2 to 1.5 points per CB Solo Tackle?,2026-02-26,No,14,Kansas City Chiefs,KCC
987196,S4: Should we remove the CB Penalty decrease and increase from 1.2 to 1.5 points per CB Solo Tackle?,2026-02-26,No,14,Las Vegas Raiders,LVR
987196,S4: Should we remove the CB Penalty decrease and increase from 1.2 to 1.5 points per CB Solo Tackle?,2026-02-26,Abstain,5,Detroit Lions,DET
987196,S4: Should we remove the CB Penalty decrease and increase from 1.2 to 1.5 points per CB Solo Tackle?,2026-02-26,Abstain,5,Atlanta Falcons,ATL
987196,S4: Should we remove the CB Penalty decrease and increase from 1.2 to 1.5 points per CB Solo Tackle?,2026-02-26,Abstain,5,San Francisco 49ers,SFO
987196,S4: Should we remove the CB Penalty decrease and increase from 1.2 to 1.5 points per CB Solo Tackle?,2026-02-26,Abstain,5,Baltimore Ravens,BAL
987196,S4: Should we remove the CB Penalty decrease and increase from 1.2 to 1.5 points per CB Solo Tackle?,2026-02-26,Abstain,5,Houston Texans,HOU
987187,S3.2: Should we include Pick Six in our QB Scoring?,2026-02-25,Yes,17,Philadelphia Eagles,PHI
987187,S3.2: Should we include Pick Six in our QB Scoring?,2026-02-25,Yes,17,Chicago Bears,CHI
987187,S3.2: Should we include Pick Six in our QB Scoring?,2026-02-25,Yes,17,Atlanta Falcons,ATL
987187,S3.2: Should we include Pick Six in our QB Scoring?,2026-02-25,Yes,17,Carolina Panthers,CAR
987187,S3.2: Should we include Pick Six in our QB Scoring?,2026-02-25,Yes,17,New Orleans Saints,NOS
987187,S3.2: Should we include Pick Six in our QB Scoring?,2026-02-25,Yes,17,Los Angeles Rams,LAR
987187,S3.2: Should we include Pick Six in our QB Scoring?,2026-02-25,Yes,17,San Francisco 49ers,SFO
987187,S3.2: Should we include Pick Six in our QB Scoring?,2026-02-25,Yes,17,Seattle Seahawks,SEA
987187,S3.2: Should we include Pick Six in our QB Scoring?,2026-02-25,Yes,17,Miami Dolphins,MIA
987187,S3.2: Should we include Pick Six in our QB Scoring?,2026-02-25,Yes,17,New England Patriots,NEP
987187,S3.2: Should we include Pick Six in our QB Scoring?,2026-02-25,Yes,17,Cincinnati Bengals,CIN
987187,S3.2: Should we include Pick Six in our QB Scoring?,2026-02-25,Yes,17,Cleveland Browns,CLE
987187,S3.2: Should we include Pick Six in our QB Scoring?,2026-02-25,Yes,17,Pittsburgh Steelers,PIT
987187,S3.2: Should we include Pick Six in our QB Scoring?,2026-02-25,Yes,17,Indianapolis Colts,IND
987187,S3.2: Should we include Pick Six in our QB Scoring?,2026-02-25,Yes,17,Denver Broncos,DEN
987187,S3.2: Should we include Pick Six in our QB Scoring?,2026-02-25,Yes,17,Las Vegas Raiders,LVR
987187,S3.2: Should we include Pick Six in our QB Scoring?,2026-02-25,Yes,17,Los Angeles Chargers,LAC
987187,S3.2: Should we include Pick Six in our QB Scoring?,2026-02-25,No,10,Dallas Cowboys,DAL
987187,S3.2: Should we include Pick Six in our QB Scoring?,2026-02-25,No,10,New York Giants,NYG
987187,S3.2: Should we include Pick Six in our QB Scoring?,2026-02-25,No,10,Washington Commanders,WAS
987187,S3.2: Should we include Pick Six in our QB Scoring?,2026-02-25,No,10,Green Bay Packers,GBP
987187,S3.2: Should we include Pick Six in our QB Scoring?,2026-02-25,No,10,Tampa Bay Buccaneers,TBB
987187,S3.2: Should we include Pick Six in our QB Scoring?,2026-02-25,No,10,Arizona Cardinals,ARI
987187,S3.2: Should we include Pick Six in our QB Scoring?,2026-02-25,No,10,Buffalo Bills,BUF
987187,S3.2: Should we include Pick Six in our QB Scoring?,2026-02-25,No,10,New York Jets,NYJ
987187,S3.2: Should we include Pick Six in our QB Scoring?,2026-02-25,No,10,Baltimore Ravens,BAL
987187,S3.2: Should we include Pick Six in our QB Scoring?,2026-02-25,No,10,Tennessee Titans,TEN
987187,S3.2: Should we include Pick Six in our QB Scoring?,2026-02-25,Abstain,3,Minnesota Vikings,MIN
987187,S3.2: Should we include Pick Six in our QB Scoring?,2026-02-25,Abstain,3,Houston Texans,HOU
987187,S3.2: Should we include Pick Six in our QB Scoring?,2026-02-25,Abstain,3,Kansas City Chiefs,KCC
987186,S3.1: Should we increase to 1.2 points per CB Solo Tackle *on top of* the CB penalty reduction?,2026-02-25,Yes,26,Dallas Cowboys,DAL
987186,S3.1: Should we increase to 1.2 points per CB Solo Tackle *on top of* the CB penalty reduction?,2026-02-25,Yes,26,Philadelphia Eagles,PHI
987186,S3.1: Should we increase to 1.2 points per CB Solo Tackle *on top of* the CB penalty reduction?,2026-02-25,Yes,26,Washington Commanders,WAS
987186,S3.1: Should we increase to 1.2 points per CB Solo Tackle *on top of* the CB penalty reduction?,2026-02-25,Yes,26,Chicago Bears,CHI
987186,S3.1: Should we increase to 1.2 points per CB Solo Tackle *on top of* the CB penalty reduction?,2026-02-25,Yes,26,Green Bay Packers,GBP
987186,S3.1: Should we increase to 1.2 points per CB Solo Tackle *on top of* the CB penalty reduction?,2026-02-25,Yes,26,Minnesota Vikings,MIN
987186,S3.1: Should we increase to 1.2 points per CB Solo Tackle *on top of* the CB penalty reduction?,2026-02-25,Yes,26,Atlanta Falcons,ATL
987186,S3.1: Should we increase to 1.2 points per CB Solo Tackle *on top of* the CB penalty reduction?,2026-02-25,Yes,26,Carolina Panthers,CAR
987186,S3.1: Should we increase to 1.2 points per CB Solo Tackle *on top of* the CB penalty reduction?,2026-02-25,Yes,26,New Orleans Saints,NOS
987186,S3.1: Should we increase to 1.2 points per CB Solo Tackle *on top of* the CB penalty reduction?,2026-02-25,Yes,26,Tampa Bay Buccaneers,TBB
987186,S3.1: Should we increase to 1.2 points per CB Solo Tackle *on top of* the CB penalty reduction?,2026-02-25,Yes,26,Arizona Cardinals,ARI
987186,S3.1: Should we increase to 1.2 points per CB Solo Tackle *on top of* the CB penalty reduction?,2026-02-25,Yes,26,Los Angeles Rams,LAR
987186,S3.1: Should we increase to 1.2 points per CB Solo Tackle *on top of* the CB penalty reduction?,2026-02-25,Yes,26,Seattle Seahawks,SEA
987186,S3.1: Should we increase to 1.2 points per CB Solo Tackle *on top of* the CB penalty reduction?,2026-02-25,Yes,26,Buffalo Bills,BUF
987186,S3.1: Should we increase to 1.2 points per CB Solo Tackle *on top of* the CB penalty reduction?,2026-02-25,Yes,26,Miami Dolphins,MIA
987186,S3.1: Should we increase to 1.2 points per CB Solo Tackle *on top of* the CB penalty reduction?,2026-02-25,Yes,26,New England Patriots,NEP
987186,S3.1: Should we increase to 1.2 points per CB Solo Tackle *on top of* the CB penalty reduction?,2026-02-25,Yes,26,Baltimore Ravens,BAL
987186,S3.1: Should we increase to 1.2 points per CB Solo Tackle *on top of* the CB penalty reduction?,2026-02-25,Yes,26,Cincinnati Bengals,CIN
987186,S3.1: Should we increase to 1.2 points per CB Solo Tackle *on top of* the CB penalty reduction?,2026-02-25,Yes,26,Cleveland Browns,CLE
987186,S3.1: Should we increase to 1.2 points per CB Solo Tackle *on top of* the CB penalty reduction?,2026-02-25,Yes,26,Pittsburgh Steelers,PIT
987186,S3.1: Should we increase to 1.2 points per CB Solo Tackle *on top of* the CB penalty reduction?,2026-02-25,Yes,26,Indianapolis Colts,IND
987186,S3.1: Should we increase to 1.2 points per CB Solo Tackle *on top of* the CB penalty reduction?,2026-02-25,Yes,26,Tennessee Titans,TEN
987186,S3.1: Should we increase to 1.2 points per CB Solo Tackle *on top of* the CB penalty reduction?,2026-02-25,Yes,26,Denver Broncos,DEN
987186,S3.1: Should we increase to 1.2 points per CB Solo Tackle *on top of* the CB penalty reduction?,2026-02-25,Yes,26,Kansas City Chiefs,KCC
987186,S3.1: Should we increase to 1.2 points per CB Solo Tackle *on top of* the CB penalty reduction?,2026-02-25,Yes,26,Las Vegas Raiders,LVR
987186,S3.1: Should we increase to 1.2 points per CB Solo Tackle *on top of* the CB penalty reduction?,2026-02-25,Yes,26,Los Angeles Chargers,LAC
987186,S3.1: Should we increase to 1.2 points per CB Solo Tackle *on top of* the CB penalty reduction?,2026-02-25,Abstain,3,San Francisco 49ers,SFO
987186,S3.1: Should we increase to 1.2 points per CB Solo Tackle *on top of* the CB penalty reduction?,2026-02-25,Abstain,3,New York Jets,NYJ
987186,S3.1: Should we increase to 1.2 points per CB Solo Tackle *on top of* the CB penalty reduction?,2026-02-25,Abstain,3,Houston Texans,HOU
987168,S2.2: Should the Mid Package feature 1.2 or 1.25 points per Solo Tackle?,2026-02-24,1.2 points,12,Dallas Cowboys,DAL
987168,S2.2: Should the Mid Package feature 1.2 or 1.25 points per Solo Tackle?,2026-02-24,1.2 points,12,New York Giants,NYG
987168,S2.2: Should the Mid Package feature 1.2 or 1.25 points per Solo Tackle?,2026-02-24,1.2 points,12,Chicago Bears,CHI
987168,S2.2: Should the Mid Package feature 1.2 or 1.25 points per Solo Tackle?,2026-02-24,1.2 points,12,Atlanta Falcons,ATL
987168,S2.2: Should the Mid Package feature 1.2 or 1.25 points per Solo Tackle?,2026-02-24,1.2 points,12,Cleveland Browns,CLE
987168,S2.2: Should the Mid Package feature 1.2 or 1.25 points per Solo Tackle?,2026-02-24,1.2 points,12,Pittsburgh Steelers,PIT
987168,S2.2: Should the Mid Package feature 1.2 or 1.25 points per Solo Tackle?,2026-02-24,1.2 points,12,Houston Texans,HOU
987168,S2.2: Should the Mid Package feature 1.2 or 1.25 points per Solo Tackle?,2026-02-24,1.2 points,12,Tennessee Titans,TEN
987168,S2.2: Should the Mid Package feature 1.2 or 1.25 points per Solo Tackle?,2026-02-24,1.2 points,12,Denver Broncos,DEN
987168,S2.2: Should the Mid Package feature 1.2 or 1.25 points per Solo Tackle?,2026-02-24,1.2 points,12,Kansas City Chiefs,KCC
987168,S2.2: Should the Mid Package feature 1.2 or 1.25 points per Solo Tackle?,2026-02-24,1.2 points,12,Las Vegas Raiders,LVR
987168,S2.2: Should the Mid Package feature 1.2 or 1.25 points per Solo Tackle?,2026-02-24,1.2 points,12,Los Angeles Chargers,LAC
987168,S2.2: Should the Mid Package feature 1.2 or 1.25 points per Solo Tackle?,2026-02-24,1.25 points,10,Philadelphia Eagles,PHI
987168,S2.2: Should the Mid Package feature 1.2 or 1.25 points per Solo Tackle?,2026-02-24,1.25 points,10,Green Bay Packers,GBP
987168,S2.2: Should the Mid Package feature 1.2 or 1.25 points per Solo Tackle?,2026-02-24,1.25 points,10,Minnesota Vikings,MIN
987168,S2.2: Should the Mid Package feature 1.2 or 1.25 points per Solo Tackle?,2026-02-24,1.25 points,10,Tampa Bay Buccaneers,TBB
987168,S2.2: Should the Mid Package feature 1.2 or 1.25 points per Solo Tackle?,2026-02-24,1.25 points,10,Arizona Cardinals,ARI
987168,S2.2: Should the Mid Package feature 1.2 or 1.25 points per Solo Tackle?,2026-02-24,1.25 points,10,Los Angeles Rams,LAR
987168,S2.2: Should the Mid Package feature 1.2 or 1.25 points per Solo Tackle?,2026-02-24,1.25 points,10,Seattle Seahawks,SEA
987168,S2.2: Should the Mid Package feature 1.2 or 1.25 points per Solo Tackle?,2026-02-24,1.25 points,10,Miami Dolphins,MIA
987168,S2.2: Should the Mid Package feature 1.2 or 1.25 points per Solo Tackle?,2026-02-24,1.25 points,10,New England Patriots,NEP
987168,S2.2: Should the Mid Package feature 1.2 or 1.25 points per Solo Tackle?,2026-02-24,1.25 points,10,Indianapolis Colts,IND
987168,S2.2: Should the Mid Package feature 1.2 or 1.25 points per Solo Tackle?,2026-02-24,Abstain,3,Detroit Lions,DET
987168,S2.2: Should the Mid Package feature 1.2 or 1.25 points per Solo Tackle?,2026-02-24,Abstain,3,Baltimore Ravens,BAL
987168,S2.2: Should the Mid Package feature 1.2 or 1.25 points per Solo Tackle?,2026-02-24,Abstain,3,Cincinnati Bengals,CIN
987167,S2.1: Should we at least adopt the mildest CB benefit proposal (Penalty = -0.5?),2026-02-24,Yes,16,Dallas Cowboys,DAL
987167,S2.1: Should we at least adopt the mildest CB benefit proposal (Penalty = -0.5?),2026-02-24,Yes,16,Chicago Bears,CHI
987167,S2.1: Should we at least adopt the mildest CB benefit proposal (Penalty = -0.5?),2026-02-24,Yes,16,Minnesota Vikings,MIN
987167,S2.1: Should we at least adopt the mildest CB benefit proposal (Penalty = -0.5?),2026-02-24,Yes,16,Atlanta Falcons,ATL
987167,S2.1: Should we at least adopt the mildest CB benefit proposal (Penalty = -0.5?),2026-02-24,Yes,16,Tampa Bay Buccaneers,TBB
987167,S2.1: Should we at least adopt the mildest CB benefit proposal (Penalty = -0.5?),2026-02-24,Yes,16,Los Angeles Rams,LAR
987167,S2.1: Should we at least adopt the mildest CB benefit proposal (Penalty = -0.5?),2026-02-24,Yes,16,Seattle Seahawks,SEA
987167,S2.1: Should we at least adopt the mildest CB benefit proposal (Penalty = -0.5?),2026-02-24,Yes,16,Miami Dolphins,MIA
987167,S2.1: Should we at least adopt the mildest CB benefit proposal (Penalty = -0.5?),2026-02-24,Yes,16,New England Patriots,NEP
987167,S2.1: Should we at least adopt the mildest CB benefit proposal (Penalty = -0.5?),2026-02-24,Yes,16,Cincinnati Bengals,CIN
987167,S2.1: Should we at least adopt the mildest CB benefit proposal (Penalty = -0.5?),2026-02-24,Yes,16,Houston Texans,HOU
987167,S2.1: Should we at least adopt the mildest CB benefit proposal (Penalty = -0.5?),2026-02-24,Yes,16,Indianapolis Colts,IND
987167,S2.1: Should we at least adopt the mildest CB benefit proposal (Penalty = -0.5?),2026-02-24,Yes,16,Denver Broncos,DEN
987167,S2.1: Should we at least adopt the mildest CB benefit proposal (Penalty = -0.5?),2026-02-24,Yes,16,Kansas City Chiefs,KCC
987167,S2.1: Should we at least adopt the mildest CB benefit proposal (Penalty = -0.5?),2026-02-24,Yes,16,Las Vegas Raiders,LVR
987167,S2.1: Should we at least adopt the mildest CB benefit proposal (Penalty = -0.5?),2026-02-24,Yes,16,Los Angeles Chargers,LAC
987167,S2.1: Should we at least adopt the mildest CB benefit proposal (Penalty = -0.5?),2026-02-24,No,2,Philadelphia Eagles,PHI
987167,S2.1: Should we at least adopt the mildest CB benefit proposal (Penalty = -0.5?),2026-02-24,No,2,Pittsburgh Steelers,PIT
987167,S2.1: Should we at least adopt the mildest CB benefit proposal (Penalty = -0.5?),2026-02-24,Abstain,5,Detroit Lions,DET
987167,S2.1: Should we at least adopt the mildest CB benefit proposal (Penalty = -0.5?),2026-02-24,Abstain,5,Green Bay Packers,GBP
987167,S2.1: Should we at least adopt the mildest CB benefit proposal (Penalty = -0.5?),2026-02-24,Abstain,5,Arizona Cardinals,ARI
987167,S2.1: Should we at least adopt the mildest CB benefit proposal (Penalty = -0.5?),2026-02-24,Abstain,5,Baltimore Ravens,BAL
987167,S2.1: Should we at least adopt the mildest CB benefit proposal (Penalty = -0.5?),2026-02-24,Abstain,5,Tennessee Titans,TEN
987097,"S1: If we adopt 1.25 points per CB solo tackle, should we add a second decimal place to our player scoring?",2026-02-23,Yes,14,Dallas Cowboys,DAL
987097,"S1: If we adopt 1.25 points per CB solo tackle, should we add a second decimal place to our player scoring?",2026-02-23,Yes,14,Philadelphia Eagles,PHI
987097,"S1: If we adopt 1.25 points per CB solo tackle, should we add a second decimal place to our player scoring?",2026-02-23,Yes,14,Atlanta Falcons,ATL
987097,"S1: If we adopt 1.25 points per CB solo tackle, should we add a second decimal place to our player scoring?",2026-02-23,Yes,14,Carolina Panthers,CAR
987097,"S1: If we adopt 1.25 points per CB solo tackle, should we add a second decimal place to our player scoring?",2026-02-23,Yes,14,New Orleans Saints,NOS
987097,"S1: If we adopt 1.25 points per CB solo tackle, should we add a second decimal place to our player scoring?",2026-02-23,Yes,14,Arizona Cardinals,ARI
987097,"S1: If we adopt 1.25 points per CB solo tackle, should we add a second decimal place to our player scoring?",2026-02-23,Yes,14,Los Angeles Rams,LAR
987097,"S1: If we adopt 1.25 points per CB solo tackle, should we add a second decimal place to our player scoring?",2026-02-23,Yes,14,Seattle Seahawks,SEA
987097,"S1: If we adopt 1.25 points per CB solo tackle, should we add a second decimal place to our player scoring?",2026-02-23,Yes,14,Buffalo Bills,BUF
987097,"S1: If we adopt 1.25 points per CB solo tackle, should we add a second decimal place to our player scoring?",2026-02-23,Yes,14,Miami Dolphins,MIA
987097,"S1: If we adopt 1.25 points per CB solo tackle, should we add a second decimal place to our player scoring?",2026-02-23,Yes,14,New England Patriots,NEP
987097,"S1: If we adopt 1.25 points per CB solo tackle, should we add a second decimal place to our player scoring?",2026-02-23,Yes,14,Cincinnati Bengals,CIN
987097,"S1: If we adopt 1.25 points per CB solo tackle, should we add a second decimal place to our player scoring?",2026-02-23,Yes,14,Jacksonville Jaguars,JAC
987097,"S1: If we adopt 1.25 points per CB solo tackle, should we add a second decimal place to our player scoring?",2026-02-23,Yes,14,Denver Broncos,DEN
987097,"S1: If we adopt 1.25 points per CB solo tackle, should we add a second decimal place to our player scoring?",2026-02-23,"No, let MFL round up",7,Chicago Bears,CHI
987097,"S1: If we adopt 1.25 points per CB solo tackle, should we add a second decimal place to our player scoring?",2026-02-23,"No, let MFL round up",7,Baltimore Ravens,BAL
987097,"S1: If we adopt 1.25 points per CB solo tackle, should we add a second decimal place to our player scoring?",2026-02-23,"No, let MFL round up",7,Houston Texans,HOU
987097,"S1: If we adopt 1.25 points per CB solo tackle, should we add a second decimal place to our player scoring?",2026-02-23,"No, let MFL round up",7,Indianapolis Colts,IND
987097,"S1: If we adopt 1.25 points per CB solo tackle, should we add a second decimal place to our player scoring?",2026-02-23,"No, let MFL round up",7,Tennessee Titans,TEN
987097,"S1: If we adopt 1.25 points per CB solo tackle, should we add a second decimal place to our player scoring?",2026-02-23,"No, let MFL round up",7,Kansas City Chiefs,KCC
987097,"S1: If we adopt 1.25 points per CB solo tackle, should we add a second decimal place to our player scoring?",2026-02-23,"No, let MFL round up",7,Los Angeles Chargers,LAC
987097,"S1: If we adopt 1.25 points per CB solo tackle, should we add a second decimal place to our player scoring?",2026-02-23,Abstain,4,Detroit Lions,DET
987097,"S1: If we adopt 1.25 points per CB solo tackle, should we add a second decimal place to our player scoring?",2026-02-23,Abstain,4,Green Bay Packers,GBP
987097,"S1: If we adopt 1.25 points per CB solo tackle, should we add a second decimal place to our player scoring?",2026-02-23,Abstain,4,Minnesota Vikings,MIN
987097,"S1: If we adopt 1.25 points per CB solo tackle, should we add a second decimal place to our player scoring?",2026-02-23,Abstain,4,Cleveland Browns,CLE
