season,week,franchises,designation_source,report_rows,active_players,excluded_active_players,annual_team_fallback,membership_conflicts
2022,1,32,Archived MFL weekly injuries,423,1410,7,10,14
2022,2,32,Archived MFL weekly injuries,442,1408,10,10,6
2022,3,32,Archived MFL weekly injuries,457,1392,11,9,6
2022,4,32,Archived MFL weekly injuries,455,1402,10,9,6
2022,5,32,Archived MFL weekly injuries,478,1397,13,9,6
2022,6,32,Archived MFL weekly injuries,468,1400,17,8,6
2022,7,32,Archived MFL weekly injuries,452,1384,18,7,0
2022,8,32,Archived MFL weekly injuries,470,1376,17,7,0
2022,9,32,Archived MFL weekly injuries,465,1391,20,7,0
2022,10,32,Archived MFL weekly injuries,464,1378,21,7,0
2022,11,32,Archived MFL weekly injuries,462,1355,30,5,0
2022,12,32,Archived MFL weekly injuries,474,1359,28,6,0
2022,13,32,Archived MFL weekly injuries,469,1363,26,4,0
2022,14,32,Archived MFL weekly injuries,465,1370,27,6,0
2022,15,32,Archived MFL weekly injuries,476,1367,35,6,0
2022,16,32,Archived MFL weekly injuries,486,1329,39,5,0
2022,17,32,Archived MFL weekly injuries,517,1324,51,7,0
2023,1,32,Archived MFL weekly injuries,413,1426,1,4,16
2023,2,32,Archived MFL weekly injuries,438,1413,9,6,2
2023,3,32,Archived MFL weekly injuries,447,1394,9,4,0
2023,4,32,Archived MFL weekly injuries,458,1409,9,5,0
2023,5,32,Archived MFL weekly injuries,446,1417,3,5,0
2023,6,32,Archived MFL weekly injuries,441,1401,12,5,0
2023,7,32,Archived MFL weekly injuries,425,1402,10,5,0
2023,8,32,Archived MFL weekly injuries,428,1404,12,4,0
2023,9,32,Archived MFL weekly injuries,430,1402,13,4,0
2023,10,32,Archived MFL weekly injuries,442,1409,10,3,0
2023,11,32,Archived MFL weekly injuries,433,1394,7,2,0
2023,12,32,Archived MFL weekly injuries,452,1391,18,3,0
2023,13,32,Archived MFL weekly injuries,438,1397,11,3,0
2023,14,32,Archived MFL weekly injuries,454,1390,20,3,0
2023,15,32,Archived MFL weekly injuries,468,1374,22,4,0
2023,16,32,Archived MFL weekly injuries,478,1346,39,4,0
2023,17,32,Archived MFL weekly injuries,496,1325,54,4,0
2024,1,32,Archived MFL weekly injuries,391,1418,3,2,0
2024,2,32,Archived MFL weekly injuries,410,1415,3,2,0
2024,3,32,Archived MFL weekly injuries,426,1407,12,2,0
2024,4,32,Archived MFL weekly injuries,439,1407,14,1,0
2024,5,32,Archived MFL weekly injuries,441,1412,9,1,0
2024,6,32,Archived MFL weekly injuries,432,1393,16,2,0
2024,7,32,Archived MFL weekly injuries,451,1393,17,0,0
2024,8,32,Archived MFL weekly injuries,450,1385,15,2,0
2024,9,32,Archived MFL weekly injuries,458,1384,18,2,0
2024,10,32,Archived MFL weekly injuries,432,1398,10,1,0
2024,11,32,Archived MFL weekly injuries,433,1371,28,1,0
2024,12,32,Archived MFL weekly injuries,421,1397,11,0,0
2024,13,32,Archived MFL weekly injuries,440,1379,13,0,0
2024,14,32,Archived MFL weekly injuries,447,1378,19,0,0
2024,15,32,Archived MFL weekly injuries,459,1356,27,0,0
2024,16,32,Archived MFL weekly injuries,478,1312,55,0,0
2024,17,32,Archived MFL weekly injuries,485,1313,56,0,0
2025,1,32,Archived MFL weekly injuries,407,1427,6,7,9
2025,2,32,Archived MFL weekly injuries,419,1423,7,6,3
2025,3,32,Archived MFL weekly injuries,439,1410,8,6,0
2025,4,32,Archived MFL weekly injuries,445,1413,7,5,0
2025,5,32,Archived MFL weekly injuries,451,1415,7,5,0
2025,6,32,Archived MFL weekly injuries,468,1415,5,4,0
2025,7,32,Archived MFL weekly injuries,460,1400,13,3,0
2025,8,32,Archived MFL weekly injuries,464,1407,14,3,0
2025,9,32,Archived MFL weekly injuries,476,1407,11,3,0
2025,10,32,Archived MFL weekly injuries,470,1404,11,3,0
2025,11,32,Archived MFL weekly injuries,480,1388,10,3,0
2025,12,32,Archived MFL weekly injuries,481,1391,20,3,0
2025,13,32,Archived MFL weekly injuries,495,1388,15,4,0
2025,14,32,Archived MFL weekly injuries,488,1397,15,4,0
2025,15,32,Archived MFL weekly injuries,496,1375,29,4,0
2025,16,32,Archived MFL weekly injuries,510,1333,53,4,0
2025,17,32,Archived MFL weekly injuries,537,1315,80,4,0
