season,status,adl_position,mean_players,teams,team
2021,ACT,CB,5.1213235294117645,32,NFL
2021,ACT,DE,4.301470588235294,32,NFL
2021,ACT,DT,4.599264705882353,32,NFL
2021,ACT,LB,4.913602941176471,32,NFL
2021,ACT,LS,0.9981617647058824,32,NFL
2021,ACT,OL,7.994485294117647,32,NFL
2021,ACT,PK,1,32,NFL
2021,ACT,PN,1,32,NFL
2021,ACT,QB,2.0661764705882355,32,NFL
2021,ACT,RB,3.5698529411764706,32,NFL
2021,ACT,S,4.047794117647059,32,NFL
2021,ACT,TE,3.1158088235294117,32,NFL
2021,ACT,UNMAPPED,0,32,NFL
2021,ACT,WR,5.2536764705882355,32,NFL
2021,INA,CB,0.8345588235294118,32,NFL
2021,INA,DE,0.5643382352941176,32,NFL
2021,INA,DT,0.6911764705882353,32,NFL
2021,INA,LB,0.37683823529411764,32,NFL
2021,INA,LS,0.003676470588235294,32,NFL
2021,INA,OL,0.9448529411764706,32,NFL
2021,INA,PK,0.01838235294117647,32,NFL
2021,INA,PN,0.012867647058823529,32,NFL
2021,INA,QB,0.5275735294117647,32,NFL
2021,INA,RB,0.5091911764705882,32,NFL
2021,INA,S,0.3584558823529412,32,NFL
2021,INA,TE,0.33639705882352944,32,NFL
2021,INA,UNMAPPED,0,32,NFL
2021,INA,WR,0.6194852941176471,32,NFL
2022,ACT,CB,5.041819852941177,32,NFL
2022,ACT,DE,4.1599264705882355,32,NFL
2022,ACT,DT,4.645680147058823,32,NFL
2022,ACT,LB,5.079273897058823,32,NFL
2022,ACT,LS,1.0018382352941178,32,NFL
2022,ACT,OL,8.012867647058824,32,NFL
2022,ACT,PK,1.0091911764705883,32,NFL
2022,ACT,PN,1,32,NFL
2022,ACT,QB,2.0183823529411766,32,NFL
2022,ACT,RB,3.705997242647059,32,NFL
2022,ACT,S,4.137982536764706,32,NFL
2022,ACT,TE,3.104549632352941,32,NFL
2022,ACT,UNMAPPED,0,32,NFL
2022,ACT,WR,5.082490808823529,32,NFL
2022,INA,CB,0.8430606617647058,32,NFL
2022,INA,DE,0.6173023897058824,32,NFL
2022,INA,DT,0.6162683823529412,32,NFL
2022,INA,LB,0.439453125,32,NFL
2022,INA,LS,0.001838235294117647,32,NFL
2022,INA,OL,1.1122472426470589,32,NFL
2022,INA,PK,0.03676470588235294,32,NFL
2022,INA,PN,0.0076976102941176475,32,NFL
2022,INA,QB,0.46886488970588236,32,NFL
2022,INA,RB,0.49816176470588236,32,NFL
2022,INA,S,0.48092830882352944,32,NFL
2022,INA,TE,0.4032628676470588,32,NFL
2022,INA,UNMAPPED,0,32,NFL
2022,INA,WR,0.7571231617647058,32,NFL
2023,ACT,CB,5.270220588235294,32,NFL
2023,ACT,DE,4.428308823529411,32,NFL
2023,ACT,DT,4.676470588235294,32,NFL
2023,ACT,LB,4.803308823529412,32,NFL
2023,ACT,LS,1,32,NFL
2023,ACT,OL,8.025735294117647,32,NFL
2023,ACT,PK,1,32,NFL
2023,ACT,PN,1,32,NFL
2023,ACT,QB,2.014705882352941,32,NFL
2023,ACT,RB,3.452205882352941,32,NFL
2023,ACT,S,3.972426470588235,32,NFL
2023,ACT,TE,3.0955882352941178,32,NFL
2023,ACT,UNMAPPED,0,32,NFL
2023,ACT,WR,5.261029411764706,32,NFL
2023,INA,CB,0.7886029411764706,32,NFL
2023,INA,DE,0.5386029411764706,32,NFL
2023,INA,DT,0.6360294117647058,32,NFL
2023,INA,LB,0.5018382352941176,32,NFL
2023,INA,LS,0,32,NFL
2023,INA,OL,1.2849264705882353,32,NFL
2023,INA,PK,0.02022058823529412,32,NFL
2023,INA,PN,0.009191176470588236,32,NFL
2023,INA,QB,0.5147058823529411,32,NFL
2023,INA,RB,0.4742647058823529,32,NFL
2023,INA,S,0.4522058823529412,32,NFL
2023,INA,TE,0.3823529411764706,32,NFL
2023,INA,UNMAPPED,0,32,NFL
2023,INA,WR,0.6378676470588235,32,NFL
2024,ACT,CB,5.204044117647059,32,NFL
2024,ACT,DE,4.318014705882353,32,NFL
2024,ACT,DT,4.827205882352941,32,NFL
2024,ACT,LB,4.748161764705882,32,NFL
2024,ACT,LS,1,32,NFL
2024,ACT,OL,8.036764705882353,32,NFL
2024,ACT,PK,1,32,NFL
2024,ACT,PN,1,32,NFL
2024,ACT,QB,2.0183823529411766,32,NFL
2024,ACT,RB,3.3713235294117645,32,NFL
2024,ACT,S,4.106617647058823,32,NFL
2024,ACT,TE,3.1875,32,NFL
2024,ACT,UNMAPPED,0,32,NFL
2024,ACT,WR,5.198529411764706,32,NFL
2024,INA,CB,0.7591911764705882,32,NFL
2024,INA,DE,0.5863970588235294,32,NFL
2024,INA,DT,0.6783088235294118,32,NFL
2024,INA,LB,0.4577205882352941,32,NFL
2024,INA,LS,0.001838235294117647,32,NFL
2024,INA,OL,1.3731617647058822,32,NFL
2024,INA,PK,0.03125,32,NFL
2024,INA,PN,0.016544117647058824,32,NFL
2024,INA,QB,0.4852941176470588,32,NFL
2024,INA,RB,0.4577205882352941,32,NFL
2024,INA,S,0.45588235294117646,32,NFL
2024,INA,TE,0.375,32,NFL
2024,INA,UNMAPPED,0,32,NFL
2024,INA,WR,0.6415441176470589,32,NFL
2025,ACT,CB,5.145220588235294,32,NFL
2025,ACT,DE,4.450367647058823,32,NFL
2025,ACT,DT,4.66360294117647,32,NFL
2025,ACT,LB,4.852941176470588,32,NFL
2025,ACT,LS,1,32,NFL
2025,ACT,OL,8.029411764705882,32,NFL
2025,ACT,PK,1,32,NFL
2025,ACT,PN,1,32,NFL
2025,ACT,QB,2.0220588235294117,32,NFL
2025,ACT,RB,3.400735294117647,32,NFL
2025,ACT,S,4.077205882352941,32,NFL
2025,ACT,TE,3.21875,32,NFL
2025,ACT,UNMAPPED,0,32,NFL
2025,ACT,WR,5.170955882352941,32,NFL
2025,INA,CB,0.6617647058823529,32,NFL
2025,INA,DE,0.6011029411764706,32,NFL
2025,INA,DT,0.8327205882352942,32,NFL
2025,INA,LB,0.39705882352941174,32,NFL
2025,INA,LS,0.003676470588235294,32,NFL
2025,INA,OL,1.2113970588235294,32,NFL
2025,INA,PK,0.044117647058823525,32,NFL
2025,INA,PN,0.005514705882352941,32,NFL
2025,INA,QB,0.47610294117647056,32,NFL
2025,INA,RB,0.5091911764705882,32,NFL
2025,INA,S,0.3694852941176471,32,NFL
2025,INA,TE,0.4136029411764706,32,NFL
2025,INA,UNMAPPED,0,32,NFL
2025,INA,WR,0.7591911764705882,32,NFL
