season,status,status_description_abbr,player_games
2021,ACT,A01,25922
2021,ACT,E18,1
2021,ACT,P01,57
2021,ACT,P06,16
2021,ACT,P07,25
2021,ACT,P10,26
2021,ACT,P11,3
2021,ACT,P12,24
2021,ACT,R36,1
2021,ACT,R48,19
2021,ACT,R59,8
2021,CUT,A01,61
2021,CUT,I01,4
2021,CUT,P01,168
2021,CUT,P02,3
2021,CUT,P06,20
2021,CUT,P07,58
2021,CUT,P09,4
2021,CUT,P10,1
2021,CUT,P12,2
2021,CUT,R01,8
2021,CUT,R36,3
2021,CUT,W03,266
2021,DEV,P01,4619
2021,DEV,P02,215
2021,DEV,P03,143
2021,DEV,P04,9
2021,DEV,P06,715
2021,DEV,P07,1161
2021,DEV,P09,151
2021,DEV,P10,505
2021,DEV,P11,137
2021,DEV,P12,306
2021,DEV,P13,17
2021,DEV,W03,47
2021,E14,E14,24
2021,INA,A01,3065
2021,INA,E18,1
2021,INA,I01,83
2021,INA,P01,1
2021,INA,P10,1
2021,INA,R48,1
2021,INA,R59,2
2021,PUP,R04,1
2021,RES,A01,31
2021,RES,R01,4519
2021,RES,R03,45
2021,RES,R04,202
2021,RES,R05,229
2021,RES,R06,17
2021,RES,R27,37
2021,RES,R40,50
2021,RES,R48,228
2021,RES,R49,3
2021,RES,R59,725
2021,RES,W03,2
2021,RET,R02,517
2021,TRC,P01,8
2021,TRC,P06,1
2021,TRC,P07,4
2021,TRC,P09,2
2021,TRC,W03,2
2021,TRD,A01,1
2021,TRD,P01,4
2021,TRD,P06,1
2021,TRD,P07,3
2021,TRD,P09,1
2021,TRD,W03,1
2021,TRT,P01,2
2022,ACT,A01,25952
2022,ACT,P01,29
2022,ACT,P06,9
2022,ACT,P07,20
2022,ACT,R48,6
2022,CUT,A01,310
2022,CUT,E01,1
2022,CUT,I01,1
2022,CUT,P01,140
2022,CUT,P02,8
2022,CUT,P06,24
2022,CUT,P07,58
2022,CUT,R01,5
2022,CUT,R36,2
2022,CUT,R52,1
2022,CUT,W03,324
2022,DEV,P01,5076
2022,DEV,P02,270
2022,DEV,P03,197
2022,DEV,P04,5
2022,DEV,P06,1011
2022,DEV,P07,1562
2022,INA,A01,3376
2022,INA,I01,26
2022,INA,P01,1
2022,INA,P03,1
2022,INA,P07,2
2022,RES,A01,8
2022,RES,R01,4178
2022,RES,R03,3
2022,RES,R04,311
2022,RES,R05,136
2022,RES,R06,17
2022,RES,R27,72
2022,RES,R30,9
2022,RES,R33,2
2022,RES,R34,1
2022,RES,R36,1
2022,RES,R40,57
2022,RES,R42,1
2022,RES,R47,6
2022,RES,R48,137
2022,RES,R49,4
2022,RES,W03,22
2022,RET,R02,510
2022,SUS,A01,1
2022,TRC,P01,2
2022,TRC,P02,1
2022,TRC,P06,1
2022,TRC,P07,2
2022,TRC,W03,2
2022,TRD,P01,1
2022,TRD,P06,1
2022,TRD,W03,2
2022,TRT,P07,1
2023,ACT,A01,26061
2023,ACT,P01,18
2023,ACT,P06,4
2023,ACT,P07,21
2023,ACT,R04,2
2023,ACT,R48,6
2023,CUT,A01,90
2023,CUT,I01,2
2023,CUT,P01,139
2023,CUT,P02,8
2023,CUT,P06,29
2023,CUT,P07,70
2023,CUT,R01,3
2023,CUT,R04,2
2023,CUT,R27,1
2023,CUT,R36,3
2023,CUT,W03,514
2023,DEV,P01,4832
2023,DEV,P02,222
2023,DEV,P03,234
2023,DEV,P04,5
2023,DEV,P06,1021
2023,DEV,P07,1881
2023,E01,E01,2
2023,E14,E14,4
2023,EXE,E02,30
2023,INA,A01,3291
2023,INA,I01,96
2023,INA,I02,6
2023,INA,P01,1
2023,INA,P06,1
2023,PUP,W03,1
2023,RES,A01,2
2023,RES,R01,3954
2023,RES,R03,1
2023,RES,R04,172
2023,RES,R05,158
2023,RES,R06,17
2023,RES,R27,78
2023,RES,R30,51
2023,RES,R33,7
2023,RES,R40,68
2023,RES,R48,149
2023,RES,R49,3
2023,RES,W03,28
2023,RET,R02,241
2023,TRC,A01,1
2023,TRC,P01,6
2023,TRC,P06,1
2023,TRC,W03,2
2023,TRD,P01,2
2023,TRD,P06,1
2023,TRT,P06,2
2023,TRT,W03,1
2024,ACT,A01,26021
2024,ACT,I01,11
2024,ACT,I02,1
2024,ACT,P01,31
2024,ACT,P06,11
2024,ACT,P07,25
2024,ACT,R04,1
2024,ACT,R48,20
2024,CUT,A01,208
2024,CUT,I01,1
2024,CUT,P01,135
2024,CUT,P02,9
2024,CUT,P04,1
2024,CUT,P06,30
2024,CUT,P07,75
2024,CUT,R01,11
2024,CUT,R05,1
2024,CUT,R36,1
2024,CUT,R40,1
2024,CUT,R48,1
2024,CUT,W03,543
2024,CUT,W04,1
2024,DEV,A01,2
2024,DEV,P01,4827
2024,DEV,P02,167
2024,DEV,P03,482
2024,DEV,P04,14
2024,DEV,P06,1035
2024,DEV,P07,1779
2024,E01,E01,1
2024,EXE,E02,13
2024,INA,A01,1748
2024,INA,I01,1575
2024,INA,I02,109
2024,INA,P01,1
2024,INA,P06,2
2024,INA,P07,1
2024,INA,R01,1
2024,INA,W03,1
2024,RES,A01,17
2024,RES,R01,4145
2024,RES,R03,7
2024,RES,R04,339
2024,RES,R05,69
2024,RES,R06,15
2024,RES,R27,61
2024,RES,R33,5
2024,RES,R34,1
2024,RES,R40,56
2024,RES,R47,10
2024,RES,R48,451
2024,RES,R49,8
2024,RET,A01,1
2024,RET,R02,380
2024,TRC,P06,1
2024,TRC,P07,3
2024,TRC,W03,2
2024,TRD,P01,3
2024,TRD,P07,1
2024,TRD,W03,1
2025,ACT,A01,25949
2025,ACT,I01,11
2025,ACT,I02,2
2025,ACT,P01,50
2025,ACT,P03,1
2025,ACT,P06,20
2025,ACT,P07,73
2025,ACT,R04,4
2025,ACT,R48,19
2025,CUT,A01,110
2025,CUT,F01,1
2025,CUT,P01,141
2025,CUT,P02,7
2025,CUT,P03,4
2025,CUT,P06,34
2025,CUT,P07,72
2025,CUT,R01,14
2025,CUT,R36,4
2025,CUT,W03,544
2025,CUT,W04,1
2025,DEV,P01,4813
2025,DEV,P02,232
2025,DEV,P03,427
2025,DEV,P04,2
2025,DEV,P06,1023
2025,DEV,P07,1861
2025,EXE,E02,7
2025,INA,A01,3198
2025,INA,I01,201
2025,INA,I02,12
2025,INA,P01,3
2025,INA,P06,2
2025,INA,P07,1
2025,INA,R40,1
2025,INA,W03,1
2025,RES,A01,15
2025,RES,R01,4210
2025,RES,R03,5
2025,RES,R04,434
2025,RES,R05,156
2025,RES,R06,21
2025,RES,R09,3
2025,RES,R27,30
2025,RES,R40,53
2025,RES,R48,562
2025,RET,R02,349
2025,TRC,A01,1
2025,TRC,P01,4
2025,TRC,P07,2
2025,TRD,A01,1
2025,TRD,P01,2
2025,TRD,P07,3
2025,TRD,W03,1
