season,league,side,window,weeks,formation,frequency
2021,NFL,OFF,Available weeks,"1,2,3,4,5,6,7,8,9,10,11,12,13,14,15,16,17",1 QB / 1 RB / 3 WR / 2 TE,0.49869791666666663
2021,NFL,OFF,Available weeks,"1,2,3,4,5,6,7,8,9,10,11,12,13,14,15,16,17",1 QB / 2 RB / 3 WR / 1 TE,0.22200520833333334
2021,NFL,OFF,Available weeks,"1,2,3,4,5,6,7,8,9,10,11,12,13,14,15,16,17",1 QB / 1 RB / 4 WR / 1 TE,0.17317708333333334
2021,NFL,OFF,Available weeks,"1,2,3,4,5,6,7,8,9,10,11,12,13,14,15,16,17",1 QB / 2 RB / 2 WR / 2 TE,0.0361328125
2021,NFL,OFF,Available weeks,"1,2,3,4,5,6,7,8,9,10,11,12,13,14,15,16,17",1 QB / 1 RB / 2 WR / 3 TE,0.0244140625
2021,NFL,OFF,Available weeks,"1,2,3,4,5,6,7,8,9,10,11,12,13,14,15,16,17",2 QB / 1 RB / 3 WR / 1 TE,0.0126953125
2021,NFL,OFF,Available weeks,"1,2,3,4,5,6,7,8,9,10,11,12,13,14,15,16,17",2 QB / 2 RB / 2 WR / 1 TE,0.011393229166666668
2021,NFL,OFF,Available weeks,"1,2,3,4,5,6,7,8,9,10,11,12,13,14,15,16,17",2 QB / 1 RB / 2 WR / 2 TE,0.006184895833333333
2021,NFL,OFF,Available weeks,"1,2,3,4,5,6,7,8,9,10,11,12,13,14,15,16,17",1 QB / 3 RB / 2 WR / 1 TE,0.005859375
2021,NFL,OFF,Available weeks,"1,2,3,4,5,6,7,8,9,10,11,12,13,14,15,16,17",1 QB / 0 RB / 3 WR / 3 TE,0.00390625
2021,NFL,OFF,Available weeks,"1,2,3,4,5,6,7,8,9,10,11,12,13,14,15,16,17",1 QB / 0 RB / 4 WR / 2 TE,0.0029296875
2021,NFL,OFF,Available weeks,"1,2,3,4,5,6,7,8,9,10,11,12,13,14,15,16,17",1 QB / 2 RB / 4 WR / 0 TE,0.001953125
2021,NFL,OFF,Available weeks,"1,2,3,4,5,6,7,8,9,10,11,12,13,14,15,16,17",1 QB / 0 RB / 5 WR / 1 TE,0.0006510416666666666
2021,NFL,OFF,Same weeks as 2026,"1,2,3,4",1 QB / 1 RB / 3 WR / 2 TE,0.6171875
2021,NFL,OFF,Same weeks as 2026,"1,2,3,4",1 QB / 2 RB / 3 WR / 1 TE,0.21484375
2021,NFL,OFF,Same weeks as 2026,"1,2,3,4",1 QB / 1 RB / 4 WR / 1 TE,0.09375
2021,NFL,OFF,Same weeks as 2026,"1,2,3,4",2 QB / 2 RB / 2 WR / 1 TE,0.0234375
2021,NFL,OFF,Same weeks as 2026,"1,2,3,4",1 QB / 2 RB / 2 WR / 2 TE,0.01953125
2021,NFL,OFF,Same weeks as 2026,"1,2,3,4",2 QB / 1 RB / 2 WR / 2 TE,0.015625
2021,NFL,OFF,Same weeks as 2026,"1,2,3,4",1 QB / 1 RB / 2 WR / 3 TE,0.0078125
2021,NFL,OFF,Same weeks as 2026,"1,2,3,4",1 QB / 3 RB / 2 WR / 1 TE,0.0078125
2021,NFL,DEF,Available weeks,"1,2,3,4,5,6,7,8,9,10,11,12,13,14,15,16,17",3 DT / 2 DE / 2 LB / 3 CB / 2 S,0.3072916666666667
2021,NFL,DEF,Available weeks,"1,2,3,4,5,6,7,8,9,10,11,12,13,14,15,16,17",2 DT / 3 DE / 2 LB / 3 CB / 2 S,0.14778645833333331
2021,NFL,DEF,Available weeks,"1,2,3,4,5,6,7,8,9,10,11,12,13,14,15,16,17",3 DT / 2 DE / 2 LB / 2 CB / 3 S,0.0732421875
2021,NFL,DEF,Available weeks,"1,2,3,4,5,6,7,8,9,10,11,12,13,14,15,16,17",2 DT / 2 DE / 2 LB / 3 CB / 3 S,0.052734375
2021,NFL,DEF,Available weeks,"1,2,3,4,5,6,7,8,9,10,11,12,13,14,15,16,17",2 DT / 2 DE / 3 LB / 3 CB / 2 S,0.048502604166666664
2021,NFL,DEF,Available weeks,"1,2,3,4,5,6,7,8,9,10,11,12,13,14,15,16,17",3 DT / 3 DE / 2 LB / 2 CB / 2 S,0.0400390625
2021,NFL,DEF,Available weeks,"1,2,3,4,5,6,7,8,9,10,11,12,13,14,15,16,17",2 DT / 2 DE / 2 LB / 4 CB / 2 S,0.03125
2021,NFL,DEF,Available weeks,"1,2,3,4,5,6,7,8,9,10,11,12,13,14,15,16,17",4 DT / 2 DE / 2 LB / 2 CB / 2 S,0.021484375
2021,NFL,DEF,Available weeks,"1,2,3,4,5,6,7,8,9,10,11,12,13,14,15,16,17",2 DT / 3 DE / 2 LB / 2 CB / 3 S,0.0205078125
2021,NFL,DEF,Available weeks,"1,2,3,4,5,6,7,8,9,10,11,12,13,14,15,16,17",1 DT / 3 DE / 2 LB / 3 CB / 3 S,0.0205078125
2021,NFL,DEF,Available weeks,"1,2,3,4,5,6,7,8,9,10,11,12,13,14,15,16,17",3 DT / 2 DE / 1 LB / 3 CB / 3 S,0.019205729166666668
2021,NFL,DEF,Available weeks,"1,2,3,4,5,6,7,8,9,10,11,12,13,14,15,16,17",3 DT / 3 DE / 1 LB / 3 CB / 2 S,0.017578125
2021,NFL,DEF,Available weeks,"1,2,3,4,5,6,7,8,9,10,11,12,13,14,15,16,17",4 DT / 1 DE / 2 LB / 3 CB / 2 S,0.015625
2021,NFL,DEF,Available weeks,"1,2,3,4,5,6,7,8,9,10,11,12,13,14,15,16,17",3 DT / 2 DE / 3 LB / 2 CB / 2 S,0.0146484375
2021,NFL,DEF,Available weeks,"1,2,3,4,5,6,7,8,9,10,11,12,13,14,15,16,17",3 DT / 2 DE / 2 LB / 4 CB / 1 S,0.014322916666666666
2021,NFL,DEF,Available weeks,"1,2,3,4,5,6,7,8,9,10,11,12,13,14,15,16,17",3 DT / 1 DE / 3 LB / 3 CB / 2 S,0.013671875
2021,NFL,DEF,Available weeks,"1,2,3,4,5,6,7,8,9,10,11,12,13,14,15,16,17",2 DT / 2 DE / 2 LB / 2 CB / 4 S,0.013671875
2021,NFL,DEF,Available weeks,"1,2,3,4,5,6,7,8,9,10,11,12,13,14,15,16,17",2 DT / 3 DE / 2 LB / 4 CB / 1 S,0.012369791666666666
2021,NFL,DEF,Available weeks,"1,2,3,4,5,6,7,8,9,10,11,12,13,14,15,16,17",2 DT / 3 DE / 1 LB / 3 CB / 3 S,0.0107421875
2021,NFL,DEF,Available weeks,"1,2,3,4,5,6,7,8,9,10,11,12,13,14,15,16,17",3 DT / 3 DE / 1 LB / 2 CB / 3 S,0.009765625
2021,NFL,DEF,Available weeks,"1,2,3,4,5,6,7,8,9,10,11,12,13,14,15,16,17",1 DT / 4 DE / 2 LB / 3 CB / 2 S,0.0087890625
2021,NFL,DEF,Available weeks,"1,2,3,4,5,6,7,8,9,10,11,12,13,14,15,16,17",3 DT / 2 DE / 1 LB / 4 CB / 2 S,0.0078125
2021,NFL,DEF,Available weeks,"1,2,3,4,5,6,7,8,9,10,11,12,13,14,15,16,17",3 DT / 1 DE / 2 LB / 3 CB / 3 S,0.007486979166666666
2021,NFL,DEF,Available weeks,"1,2,3,4,5,6,7,8,9,10,11,12,13,14,15,16,17",1 DT / 3 DE / 2 LB / 4 CB / 2 S,0.007161458333333333
2021,NFL,DEF,Available weeks,"1,2,3,4,5,6,7,8,9,10,11,12,13,14,15,16,17",3 DT / 3 DE / 2 LB / 3 CB / 1 S,0.0068359375
2021,NFL,DEF,Available weeks,"1,2,3,4,5,6,7,8,9,10,11,12,13,14,15,16,17",4 DT / 2 DE / 1 LB / 2 CB / 3 S,0.005859375
2021,NFL,DEF,Available weeks,"1,2,3,4,5,6,7,8,9,10,11,12,13,14,15,16,17",2 DT / 2 DE / 3 LB / 4 CB / 1 S,0.005208333333333333
2021,NFL,DEF,Available weeks,"1,2,3,4,5,6,7,8,9,10,11,12,13,14,15,16,17",2 DT / 3 DE / 3 LB / 2 CB / 2 S,0.0048828125
2021,NFL,DEF,Available weeks,"1,2,3,4,5,6,7,8,9,10,11,12,13,14,15,16,17",1 DT / 2 DE / 3 LB / 3 CB / 3 S,0.00390625
2021,NFL,DEF,Available weeks,"1,2,3,4,5,6,7,8,9,10,11,12,13,14,15,16,17",4 DT / 1 DE / 2 LB / 2 CB / 3 S,0.00390625
2021,NFL,DEF,Available weeks,"1,2,3,4,5,6,7,8,9,10,11,12,13,14,15,16,17",2 DT / 2 DE / 3 LB / 2 CB / 3 S,0.00390625
2021,NFL,DEF,Available weeks,"1,2,3,4,5,6,7,8,9,10,11,12,13,14,15,16,17",1 DT / 4 DE / 1 LB / 3 CB / 3 S,0.00390625
2021,NFL,DEF,Available weeks,"1,2,3,4,5,6,7,8,9,10,11,12,13,14,15,16,17",2 DT / 3 DE / 3 LB / 3 CB / 1 S,0.0026041666666666665
2021,NFL,DEF,Available weeks,"1,2,3,4,5,6,7,8,9,10,11,12,13,14,15,16,17",2 DT / 4 DE / 2 LB / 2 CB / 2 S,0.001953125
2021,NFL,DEF,Available weeks,"1,2,3,4,5,6,7,8,9,10,11,12,13,14,15,16,17",2 DT / 3 DE / 1 LB / 5 CB / 1 S,0.001953125
2021,NFL,DEF,Available weeks,"1,2,3,4,5,6,7,8,9,10,11,12,13,14,15,16,17",4 DT / 2 DE / 1 LB / 3 CB / 2 S,0.001953125
2021,NFL,DEF,Available weeks,"1,2,3,4,5,6,7,8,9,10,11,12,13,14,15,16,17",3 DT / 1 DE / 1 LB / 4 CB / 3 S,0.001953125
2021,NFL,DEF,Available weeks,"1,2,3,4,5,6,7,8,9,10,11,12,13,14,15,16,17",1 DT / 3 DE / 3 LB / 2 CB / 3 S,0.001953125
2021,NFL,DEF,Available weeks,"1,2,3,4,5,6,7,8,9,10,11,12,13,14,15,16,17",1 DT / 2 DE / 2 LB / 3 CB / 4 S,0.001953125
2021,NFL,DEF,Available weeks,"1,2,3,4,5,6,7,8,9,10,11,12,13,14,15,16,17",1 DT / 3 DE / 3 LB / 3 CB / 2 S,0.001953125
2021,NFL,DEF,Available weeks,"1,2,3,4,5,6,7,8,9,10,11,12,13,14,15,16,17",0 DT / 3 DE / 3 LB / 3 CB / 3 S,0.001953125
2021,NFL,DEF,Available weeks,"1,2,3,4,5,6,7,8,9,10,11,12,13,14,15,16,17",3 DT / 2 DE / 1 LB / 2 CB / 4 S,0.001953125
2021,NFL,DEF,Available weeks,"1,2,3,4,5,6,7,8,9,10,11,12,13,14,15,16,17",2 DT / 3 DE / 1 LB / 4 CB / 2 S,0.001953125
2021,NFL,DEF,Available weeks,"1,2,3,4,5,6,7,8,9,10,11,12,13,14,15,16,17",0 DT / 3 DE / 2 LB / 4 CB / 3 S,0.0009765625
2021,NFL,DEF,Available weeks,"1,2,3,4,5,6,7,8,9,10,11,12,13,14,15,16,17",4 DT / 2 DE / 2 LB / 3 CB / 1 S,0.0009765625
2021,NFL,DEF,Available weeks,"1,2,3,4,5,6,7,8,9,10,11,12,13,14,15,16,17",1 DT / 3 DE / 3 LB / 4 CB / 1 S,0.0006510416666666666
2021,NFL,DEF,Available weeks,"1,2,3,4,5,6,7,8,9,10,11,12,13,14,15,16,17",0 DT / 3 DE / 3 LB / 4 CB / 2 S,0.0006510416666666666
2021,NFL,DEF,Same weeks as 2026,"1,2,3,4",3 DT / 2 DE / 2 LB / 3 CB / 2 S,0.31640625
2021,NFL,DEF,Same weeks as 2026,"1,2,3,4",2 DT / 3 DE / 2 LB / 3 CB / 2 S,0.15625
2021,NFL,DEF,Same weeks as 2026,"1,2,3,4",3 DT / 2 DE / 2 LB / 2 CB / 3 S,0.08984375
2021,NFL,DEF,Same weeks as 2026,"1,2,3,4",2 DT / 2 DE / 2 LB / 3 CB / 3 S,0.07421875
2021,NFL,DEF,Same weeks as 2026,"1,2,3,4",2 DT / 2 DE / 3 LB / 3 CB / 2 S,0.07421875
2021,NFL,DEF,Same weeks as 2026,"1,2,3,4",3 DT / 3 DE / 2 LB / 2 CB / 2 S,0.0390625
2021,NFL,DEF,Same weeks as 2026,"1,2,3,4",3 DT / 2 DE / 2 LB / 4 CB / 1 S,0.0234375
2021,NFL,DEF,Same weeks as 2026,"1,2,3,4",4 DT / 2 DE / 2 LB / 2 CB / 2 S,0.0234375
2021,NFL,DEF,Same weeks as 2026,"1,2,3,4",3 DT / 3 DE / 1 LB / 3 CB / 2 S,0.015625
2021,NFL,DEF,Same weeks as 2026,"1,2,3,4",3 DT / 2 DE / 1 LB / 4 CB / 2 S,0.015625
2021,NFL,DEF,Same weeks as 2026,"1,2,3,4",2 DT / 3 DE / 1 LB / 3 CB / 3 S,0.015625
2021,NFL,DEF,Same weeks as 2026,"1,2,3,4",3 DT / 1 DE / 3 LB / 3 CB / 2 S,0.015625
2021,NFL,DEF,Same weeks as 2026,"1,2,3,4",3 DT / 2 DE / 3 LB / 2 CB / 2 S,0.015625
2021,NFL,DEF,Same weeks as 2026,"1,2,3,4",3 DT / 2 DE / 1 LB / 3 CB / 3 S,0.015625
2021,NFL,DEF,Same weeks as 2026,"1,2,3,4",2 DT / 2 DE / 2 LB / 2 CB / 4 S,0.015625
2021,NFL,DEF,Same weeks as 2026,"1,2,3,4",2 DT / 3 DE / 2 LB / 4 CB / 1 S,0.010416666666666666
2021,NFL,DEF,Same weeks as 2026,"1,2,3,4",2 DT / 4 DE / 2 LB / 2 CB / 2 S,0.0078125
2021,NFL,DEF,Same weeks as 2026,"1,2,3,4",3 DT / 3 DE / 1 LB / 2 CB / 3 S,0.0078125
2021,NFL,DEF,Same weeks as 2026,"1,2,3,4",1 DT / 4 DE / 2 LB / 3 CB / 2 S,0.0078125
2021,NFL,DEF,Same weeks as 2026,"1,2,3,4",0 DT / 3 DE / 3 LB / 3 CB / 3 S,0.0078125
2021,NFL,DEF,Same weeks as 2026,"1,2,3,4",2 DT / 2 DE / 3 LB / 4 CB / 1 S,0.0078125
2021,NFL,DEF,Same weeks as 2026,"1,2,3,4",3 DT / 3 DE / 2 LB / 3 CB / 1 S,0.0078125
2021,NFL,DEF,Same weeks as 2026,"1,2,3,4",2 DT / 2 DE / 2 LB / 4 CB / 2 S,0.0078125
2021,NFL,DEF,Same weeks as 2026,"1,2,3,4",2 DT / 3 DE / 3 LB / 2 CB / 2 S,0.0078125
2021,NFL,DEF,Same weeks as 2026,"1,2,3,4",2 DT / 2 DE / 3 LB / 2 CB / 3 S,0.0078125
2021,NFL,DEF,Same weeks as 2026,"1,2,3,4",2 DT / 3 DE / 2 LB / 2 CB / 3 S,0.0078125
2021,NFL,DEF,Same weeks as 2026,"1,2,3,4",1 DT / 3 DE / 3 LB / 4 CB / 1 S,0.0026041666666666665
2021,NFL,DEF,Same weeks as 2026,"1,2,3,4",2 DT / 3 DE / 3 LB / 3 CB / 1 S,0.0026041666666666665
2021,ADL,OFF,Available weeks,"1,2,3,4,5,6,7,8,9,10,11,12,13,14,15,16,17",1 QB / 2 RB / 3 WR / 1 TE,0.6322905724789898
2021,ADL,OFF,Available weeks,"1,2,3,4,5,6,7,8,9,10,11,12,13,14,15,16,17",1 QB / 1 RB / 4 WR / 1 TE,0.28809086134453715
2021,ADL,OFF,Available weeks,"1,2,3,4,5,6,7,8,9,10,11,12,13,14,15,16,17",1 QB / 1 RB / 3 WR / 2 TE,0.07961856617647055
2021,ADL,OFF,Same weeks as 2026,"1,2,3,4",1 QB / 2 RB / 3 WR / 1 TE,0.640625
2021,ADL,OFF,Same weeks as 2026,"1,2,3,4",1 QB / 1 RB / 4 WR / 1 TE,0.28125
2021,ADL,OFF,Same weeks as 2026,"1,2,3,4",1 QB / 1 RB / 3 WR / 2 TE,0.078125
2021,ADL,DEF,Available weeks,"1,2,3,4,5,6,7,8,9,10,11,12,13,14,15,16,17",2 DT / 2 DE / 3 LB / 2 CB / 3 S,0.1808517156862742
2021,ADL,DEF,Available weeks,"1,2,3,4,5,6,7,8,9,10,11,12,13,14,15,16,17",2 DT / 3 DE / 3 LB / 2 CB / 2 S,0.1503370098039214
2021,ADL,DEF,Available weeks,"1,2,3,4,5,6,7,8,9,10,11,12,13,14,15,16,17",3 DT / 3 DE / 2 LB / 2 CB / 2 S,0.09556525735294115
2021,ADL,DEF,Available weeks,"1,2,3,4,5,6,7,8,9,10,11,12,13,14,15,16,17",2 DT / 2 DE / 3 LB / 3 CB / 2 S,0.09478400735294108
2021,ADL,DEF,Available weeks,"1,2,3,4,5,6,7,8,9,10,11,12,13,14,15,16,17",3 DT / 2 DE / 2 LB / 2 CB / 3 S,0.09097261500754138
2021,ADL,DEF,Available weeks,"1,2,3,4,5,6,7,8,9,10,11,12,13,14,15,16,17",3 DT / 2 DE / 3 LB / 2 CB / 2 S,0.08998927696078425
2021,ADL,DEF,Available weeks,"1,2,3,4,5,6,7,8,9,10,11,12,13,14,15,16,17",2 DT / 3 DE / 2 LB / 2 CB / 3 S,0.07571231617647055
2021,ADL,DEF,Available weeks,"1,2,3,4,5,6,7,8,9,10,11,12,13,14,15,16,17",2 DT / 2 DE / 2 LB / 3 CB / 3 S,0.06754630938914026
2021,ADL,DEF,Available weeks,"1,2,3,4,5,6,7,8,9,10,11,12,13,14,15,16,17",3 DT / 2 DE / 2 LB / 3 CB / 2 S,0.04915511877828055
2021,ADL,DEF,Available weeks,"1,2,3,4,5,6,7,8,9,10,11,12,13,14,15,16,17",2 DT / 3 DE / 2 LB / 3 CB / 2 S,0.048704397624434397
2021,ADL,DEF,Available weeks,"1,2,3,4,5,6,7,8,9,10,11,12,13,14,15,16,17",3 DT / 2 DE / 1 LB / 3 CB / 3 S,0.02191742081447964
2021,ADL,DEF,Available weeks,"1,2,3,4,5,6,7,8,9,10,11,12,13,14,15,16,17",3 DT / 3 DE / 1 LB / 3 CB / 2 S,0.015271493212669685
2021,ADL,DEF,Available weeks,"1,2,3,4,5,6,7,8,9,10,11,12,13,14,15,16,17",3 DT / 3 DE / 1 LB / 2 CB / 3 S,0.013433257918552037
2021,ADL,DEF,Available weeks,"1,2,3,4,5,6,7,8,9,10,11,12,13,14,15,16,17",2 DT / 3 DE / 1 LB / 3 CB / 3 S,0.003676470588235294
2021,ADL,DEF,Available weeks,"1,2,3,4,5,6,7,8,9,10,11,12,13,14,15,16,17",3 DT / 3 DE / 3 LB / 1 CB / 2 S,0.0020833333333333333
2021,ADL,DEF,Same weeks as 2026,"1,2,3,4",2 DT / 2 DE / 3 LB / 2 CB / 3 S,0.1953125
2021,ADL,DEF,Same weeks as 2026,"1,2,3,4",2 DT / 3 DE / 3 LB / 2 CB / 2 S,0.171875
2021,ADL,DEF,Same weeks as 2026,"1,2,3,4",2 DT / 2 DE / 3 LB / 3 CB / 2 S,0.1328125
2021,ADL,DEF,Same weeks as 2026,"1,2,3,4",3 DT / 2 DE / 2 LB / 2 CB / 3 S,0.125
2021,ADL,DEF,Same weeks as 2026,"1,2,3,4",2 DT / 3 DE / 2 LB / 2 CB / 3 S,0.09375
2021,ADL,DEF,Same weeks as 2026,"1,2,3,4",3 DT / 3 DE / 2 LB / 2 CB / 2 S,0.078125
2021,ADL,DEF,Same weeks as 2026,"1,2,3,4",3 DT / 2 DE / 3 LB / 2 CB / 2 S,0.078125
2021,ADL,DEF,Same weeks as 2026,"1,2,3,4",2 DT / 2 DE / 2 LB / 3 CB / 3 S,0.046875
2021,ADL,DEF,Same weeks as 2026,"1,2,3,4",3 DT / 2 DE / 1 LB / 3 CB / 3 S,0.03125
2021,ADL,DEF,Same weeks as 2026,"1,2,3,4",3 DT / 2 DE / 2 LB / 3 CB / 2 S,0.015625
2021,ADL,DEF,Same weeks as 2026,"1,2,3,4",2 DT / 3 DE / 2 LB / 3 CB / 2 S,0.015625
2021,ADL,DEF,Same weeks as 2026,"1,2,3,4",3 DT / 3 DE / 1 LB / 3 CB / 2 S,0.0078125
2021,ADL,DEF,Same weeks as 2026,"1,2,3,4",2 DT / 3 DE / 1 LB / 3 CB / 3 S,0.0078125
2022,NFL,OFF,Available weeks,"1,2,3,4,5,6,7,8,9,10,11,12,13,14,15,16,17",1 QB / 1 RB / 3 WR / 2 TE,0.5092447916666667
2022,NFL,OFF,Available weeks,"1,2,3,4,5,6,7,8,9,10,11,12,13,14,15,16,17",1 QB / 2 RB / 3 WR / 1 TE,0.26139322916666663
2022,NFL,OFF,Available weeks,"1,2,3,4,5,6,7,8,9,10,11,12,13,14,15,16,17",1 QB / 1 RB / 4 WR / 1 TE,0.09720052083333333
2022,NFL,OFF,Available weeks,"1,2,3,4,5,6,7,8,9,10,11,12,13,14,15,16,17",1 QB / 2 RB / 2 WR / 2 TE,0.09244791666666667
2022,NFL,OFF,Available weeks,"1,2,3,4,5,6,7,8,9,10,11,12,13,14,15,16,17",1 QB / 1 RB / 2 WR / 3 TE,0.015299479166666668
2022,NFL,OFF,Available weeks,"1,2,3,4,5,6,7,8,9,10,11,12,13,14,15,16,17",1 QB / 3 RB / 2 WR / 1 TE,0.01171875
2022,NFL,OFF,Available weeks,"1,2,3,4,5,6,7,8,9,10,11,12,13,14,15,16,17",2 QB / 1 RB / 3 WR / 1 TE,0.0068359375
2022,NFL,OFF,Available weeks,"1,2,3,4,5,6,7,8,9,10,11,12,13,14,15,16,17",2 QB / 0 RB / 3 WR / 2 TE,0.001953125
2022,NFL,OFF,Available weeks,"1,2,3,4,5,6,7,8,9,10,11,12,13,14,15,16,17",1 QB / 3 RB / 1 WR / 2 TE,0.001953125
2022,NFL,OFF,Available weeks,"1,2,3,4,5,6,7,8,9,10,11,12,13,14,15,16,17",1 QB / 2 RB / 4 WR / 0 TE,0.001953125
2022,NFL,OFF,Same weeks as 2026,"1,2,3,4",1 QB / 1 RB / 3 WR / 2 TE,0.5104166666666667
2022,NFL,OFF,Same weeks as 2026,"1,2,3,4",1 QB / 2 RB / 3 WR / 1 TE,0.28255208333333337
2022,NFL,OFF,Same weeks as 2026,"1,2,3,4",1 QB / 2 RB / 2 WR / 2 TE,0.11328125
2022,NFL,OFF,Same weeks as 2026,"1,2,3,4",1 QB / 1 RB / 4 WR / 1 TE,0.078125
2022,NFL,OFF,Same weeks as 2026,"1,2,3,4",1 QB / 3 RB / 2 WR / 1 TE,0.0078125
2022,NFL,OFF,Same weeks as 2026,"1,2,3,4",1 QB / 2 RB / 4 WR / 0 TE,0.0078125
2022,NFL,DEF,Available weeks,"1,2,3,4,5,6,7,8,9,10,11,12,13,14,15,16,17",3 DT / 2 DE / 2 LB / 3 CB / 2 S,0.22213541666666656
2022,NFL,DEF,Available weeks,"1,2,3,4,5,6,7,8,9,10,11,12,13,14,15,16,17",2 DT / 3 DE / 2 LB / 3 CB / 2 S,0.1929036458333333
2022,NFL,DEF,Available weeks,"1,2,3,4,5,6,7,8,9,10,11,12,13,14,15,16,17",2 DT / 2 DE / 3 LB / 3 CB / 2 S,0.0794921875
2022,NFL,DEF,Available weeks,"1,2,3,4,5,6,7,8,9,10,11,12,13,14,15,16,17",3 DT / 2 DE / 2 LB / 2 CB / 3 S,0.07044270833333333
2022,NFL,DEF,Available weeks,"1,2,3,4,5,6,7,8,9,10,11,12,13,14,15,16,17",2 DT / 2 DE / 2 LB / 3 CB / 3 S,0.058268229166666664
2022,NFL,DEF,Available weeks,"1,2,3,4,5,6,7,8,9,10,11,12,13,14,15,16,17",2 DT / 2 DE / 2 LB / 4 CB / 2 S,0.03997395833333334
2022,NFL,DEF,Available weeks,"1,2,3,4,5,6,7,8,9,10,11,12,13,14,15,16,17",3 DT / 3 DE / 2 LB / 2 CB / 2 S,0.03626302083333333
2022,NFL,DEF,Available weeks,"1,2,3,4,5,6,7,8,9,10,11,12,13,14,15,16,17",2 DT / 3 DE / 2 LB / 2 CB / 3 S,0.0322265625
2022,NFL,DEF,Available weeks,"1,2,3,4,5,6,7,8,9,10,11,12,13,14,15,16,17",3 DT / 2 DE / 3 LB / 2 CB / 2 S,0.027994791666666668
2022,NFL,DEF,Available weeks,"1,2,3,4,5,6,7,8,9,10,11,12,13,14,15,16,17",2 DT / 3 DE / 2 LB / 4 CB / 1 S,0.021484375
2022,NFL,DEF,Available weeks,"1,2,3,4,5,6,7,8,9,10,11,12,13,14,15,16,17",1 DT / 2 DE / 3 LB / 3 CB / 3 S,0.017578125
2022,NFL,DEF,Available weeks,"1,2,3,4,5,6,7,8,9,10,11,12,13,14,15,16,17",4 DT / 2 DE / 2 LB / 2 CB / 2 S,0.0146484375
2022,NFL,DEF,Available weeks,"1,2,3,4,5,6,7,8,9,10,11,12,13,14,15,16,17",3 DT / 1 DE / 3 LB / 3 CB / 2 S,0.013997395833333332
2022,NFL,DEF,Available weeks,"1,2,3,4,5,6,7,8,9,10,11,12,13,14,15,16,17",3 DT / 1 DE / 2 LB / 4 CB / 2 S,0.013802083333333333
2022,NFL,DEF,Available weeks,"1,2,3,4,5,6,7,8,9,10,11,12,13,14,15,16,17",3 DT / 2 DE / 1 LB / 3 CB / 3 S,0.013671875
2022,NFL,DEF,Available weeks,"1,2,3,4,5,6,7,8,9,10,11,12,13,14,15,16,17",1 DT / 4 DE / 2 LB / 3 CB / 2 S,0.010416666666666668
2022,NFL,DEF,Available weeks,"1,2,3,4,5,6,7,8,9,10,11,12,13,14,15,16,17",4 DT / 1 DE / 3 LB / 2 CB / 2 S,0.010416666666666666
2022,NFL,DEF,Available weeks,"1,2,3,4,5,6,7,8,9,10,11,12,13,14,15,16,17",3 DT / 2 DE / 2 LB / 4 CB / 1 S,0.009895833333333333
2022,NFL,DEF,Available weeks,"1,2,3,4,5,6,7,8,9,10,11,12,13,14,15,16,17",2 DT / 3 DE / 3 LB / 2 CB / 2 S,0.009765625
2022,NFL,DEF,Available weeks,"1,2,3,4,5,6,7,8,9,10,11,12,13,14,15,16,17",4 DT / 1 DE / 2 LB / 3 CB / 2 S,0.0078125
2022,NFL,DEF,Available weeks,"1,2,3,4,5,6,7,8,9,10,11,12,13,14,15,16,17",3 DT / 3 DE / 1 LB / 3 CB / 2 S,0.006966145833333333
2022,NFL,DEF,Available weeks,"1,2,3,4,5,6,7,8,9,10,11,12,13,14,15,16,17",1 DT / 2 DE / 2 LB / 4 CB / 3 S,0.005859375
2022,NFL,DEF,Available weeks,"1,2,3,4,5,6,7,8,9,10,11,12,13,14,15,16,17",3 DT / 1 DE / 2 LB / 3 CB / 3 S,0.005859375
2022,NFL,DEF,Available weeks,"1,2,3,4,5,6,7,8,9,10,11,12,13,14,15,16,17",2 DT / 4 DE / 2 LB / 2 CB / 2 S,0.005859375
2022,NFL,DEF,Available weeks,"1,2,3,4,5,6,7,8,9,10,11,12,13,14,15,16,17",2 DT / 1 DE / 3 LB / 3 CB / 3 S,0.005859375
2022,NFL,DEF,Available weeks,"1,2,3,4,5,6,7,8,9,10,11,12,13,14,15,16,17",2 DT / 2 DE / 3 LB / 2 CB / 3 S,0.005859375
2022,NFL,DEF,Available weeks,"1,2,3,4,5,6,7,8,9,10,11,12,13,14,15,16,17",1 DT / 3 DE / 2 LB / 3 CB / 3 S,0.004557291666666666
2022,NFL,DEF,Available weeks,"1,2,3,4,5,6,7,8,9,10,11,12,13,14,15,16,17",2 DT / 3 DE / 2 LB / 1 CB / 4 S,0.00390625
2022,NFL,DEF,Available weeks,"1,2,3,4,5,6,7,8,9,10,11,12,13,14,15,16,17",2 DT / 3 DE / 1 LB / 3 CB / 3 S,0.00390625
2022,NFL,DEF,Available weeks,"1,2,3,4,5,6,7,8,9,10,11,12,13,14,15,16,17",2 DT / 2 DE / 3 LB / 4 CB / 1 S,0.00390625
2022,NFL,DEF,Available weeks,"1,2,3,4,5,6,7,8,9,10,11,12,13,14,15,16,17",1 DT / 4 DE / 2 LB / 2 CB / 3 S,0.00390625
2022,NFL,DEF,Available weeks,"1,2,3,4,5,6,7,8,9,10,11,12,13,14,15,16,17",1 DT / 3 DE / 3 LB / 3 CB / 2 S,0.0029296875
2022,NFL,DEF,Available weeks,"1,2,3,4,5,6,7,8,9,10,11,12,13,14,15,16,17",2 DT / 2 DE / 1 LB / 4 CB / 3 S,0.0029296875
2022,NFL,DEF,Available weeks,"1,2,3,4,5,6,7,8,9,10,11,12,13,14,15,16,17",3 DT / 3 DE / 1 LB / 2 CB / 3 S,0.0029296875
2022,NFL,DEF,Available weeks,"1,2,3,4,5,6,7,8,9,10,11,12,13,14,15,16,17",2 DT / 4 DE / 1 LB / 3 CB / 2 S,0.0029296875
2022,NFL,DEF,Available weeks,"1,2,3,4,5,6,7,8,9,10,11,12,13,14,15,16,17",3 DT / 2 DE / 1 LB / 2 CB / 4 S,0.001953125
2022,NFL,DEF,Available weeks,"1,2,3,4,5,6,7,8,9,10,11,12,13,14,15,16,17",1 DT / 3 DE / 2 LB / 4 CB / 2 S,0.001953125
2022,NFL,DEF,Available weeks,"1,2,3,4,5,6,7,8,9,10,11,12,13,14,15,16,17",2 DT / 2 DE / 4 LB / 2 CB / 2 S,0.001953125
2022,NFL,DEF,Available weeks,"1,2,3,4,5,6,7,8,9,10,11,12,13,14,15,16,17",2 DT / 2 DE / 2 LB / 5 CB / 1 S,0.001953125
2022,NFL,DEF,Available weeks,"1,2,3,4,5,6,7,8,9,10,11,12,13,14,15,16,17",5 DT / 1 DE / 1 LB / 3 CB / 2 S,0.001953125
2022,NFL,DEF,Available weeks,"1,2,3,4,5,6,7,8,9,10,11,12,13,14,15,16,17",3 DT / 1 DE / 4 LB / 2 CB / 2 S,0.001953125
2022,NFL,DEF,Available weeks,"1,2,3,4,5,6,7,8,9,10,11,12,13,14,15,16,17",3 DT / 3 DE / 3 LB / 2 CB / 1 S,0.001953125
2022,NFL,DEF,Available weeks,"1,2,3,4,5,6,7,8,9,10,11,12,13,14,15,16,17",3 DT / 3 DE / 2 LB / 1 CB / 3 S,0.001953125
2022,NFL,DEF,Available weeks,"1,2,3,4,5,6,7,8,9,10,11,12,13,14,15,16,17",1 DT / 3 DE / 2 LB / 2 CB / 4 S,0.001953125
2022,NFL,DEF,Available weeks,"1,2,3,4,5,6,7,8,9,10,11,12,13,14,15,16,17",4 DT / 1 DE / 2 LB / 4 CB / 1 S,0.001953125
2022,NFL,DEF,Available weeks,"1,2,3,4,5,6,7,8,9,10,11,12,13,14,15,16,17",0 DT / 4 DE / 3 LB / 2 CB / 3 S,0.001953125
2022,NFL,DEF,Available weeks,"1,2,3,4,5,6,7,8,9,10,11,12,13,14,15,16,17",1 DT / 3 DE / 3 LB / 2 CB / 3 S,0.001953125
2022,NFL,DEF,Available weeks,"1,2,3,4,5,6,7,8,9,10,11,12,13,14,15,16,17",0 DT / 3 DE / 3 LB / 3 CB / 3 S,0.001953125
2022,NFL,DEF,Available weeks,"1,2,3,4,5,6,7,8,9,10,11,12,13,14,15,16,17",4 DT / 2 DE / 1 LB / 3 CB / 2 S,0.0009765625
2022,NFL,DEF,Available weeks,"1,2,3,4,5,6,7,8,9,10,11,12,13,14,15,16,17",1 DT / 3 DE / 1 LB / 4 CB / 3 S,0.0009765625
2022,NFL,DEF,Available weeks,"1,2,3,4,5,6,7,8,9,10,11,12,13,14,15,16,17",3 DT / 2 DE / 3 LB / 3 CB / 1 S,0.0006510416666666666
2022,NFL,DEF,Available weeks,"1,2,3,4,5,6,7,8,9,10,11,12,13,14,15,16,17",4 DT / 2 DE / 2 LB / 3 CB / 1 S,0.0006510416666666666
2022,NFL,DEF,Same weeks as 2026,"1,2,3,4",3 DT / 2 DE / 2 LB / 3 CB / 2 S,0.3072916666666667
2022,NFL,DEF,Same weeks as 2026,"1,2,3,4",2 DT / 3 DE / 2 LB / 3 CB / 2 S,0.16796875
2022,NFL,DEF,Same weeks as 2026,"1,2,3,4",2 DT / 2 DE / 3 LB / 3 CB / 2 S,0.09635416666666667
2022,NFL,DEF,Same weeks as 2026,"1,2,3,4",3 DT / 2 DE / 2 LB / 2 CB / 3 S,0.09375
2022,NFL,DEF,Same weeks as 2026,"1,2,3,4",3 DT / 3 DE / 2 LB / 2 CB / 2 S,0.0390625
2022,NFL,DEF,Same weeks as 2026,"1,2,3,4",2 DT / 2 DE / 2 LB / 4 CB / 2 S,0.03125
2022,NFL,DEF,Same weeks as 2026,"1,2,3,4",2 DT / 3 DE / 2 LB / 4 CB / 1 S,0.03125
2022,NFL,DEF,Same weeks as 2026,"1,2,3,4",2 DT / 2 DE / 2 LB / 3 CB / 3 S,0.029947916666666668
2022,NFL,DEF,Same weeks as 2026,"1,2,3,4",2 DT / 3 DE / 3 LB / 2 CB / 2 S,0.02734375
2022,NFL,DEF,Same weeks as 2026,"1,2,3,4",2 DT / 3 DE / 2 LB / 2 CB / 3 S,0.0234375
2022,NFL,DEF,Same weeks as 2026,"1,2,3,4",4 DT / 1 DE / 3 LB / 2 CB / 2 S,0.015625
2022,NFL,DEF,Same weeks as 2026,"1,2,3,4",3 DT / 1 DE / 2 LB / 3 CB / 3 S,0.015625
2022,NFL,DEF,Same weeks as 2026,"1,2,3,4",3 DT / 2 DE / 3 LB / 2 CB / 2 S,0.015625
2022,NFL,DEF,Same weeks as 2026,"1,2,3,4",3 DT / 2 DE / 2 LB / 4 CB / 1 S,0.015625
2022,NFL,DEF,Same weeks as 2026,"1,2,3,4",1 DT / 2 DE / 3 LB / 3 CB / 3 S,0.015625
2022,NFL,DEF,Same weeks as 2026,"1,2,3,4",3 DT / 2 DE / 1 LB / 2 CB / 4 S,0.0078125
2022,NFL,DEF,Same weeks as 2026,"1,2,3,4",1 DT / 2 DE / 2 LB / 4 CB / 3 S,0.0078125
2022,NFL,DEF,Same weeks as 2026,"1,2,3,4",3 DT / 3 DE / 1 LB / 3 CB / 2 S,0.0078125
2022,NFL,DEF,Same weeks as 2026,"1,2,3,4",1 DT / 4 DE / 2 LB / 3 CB / 2 S,0.0078125
2022,NFL,DEF,Same weeks as 2026,"1,2,3,4",5 DT / 1 DE / 1 LB / 3 CB / 2 S,0.0078125
2022,NFL,DEF,Same weeks as 2026,"1,2,3,4",2 DT / 3 DE / 1 LB / 3 CB / 3 S,0.0078125
2022,NFL,DEF,Same weeks as 2026,"1,2,3,4",3 DT / 1 DE / 3 LB / 3 CB / 2 S,0.0078125
2022,NFL,DEF,Same weeks as 2026,"1,2,3,4",3 DT / 3 DE / 2 LB / 1 CB / 3 S,0.0078125
2022,NFL,DEF,Same weeks as 2026,"1,2,3,4",3 DT / 2 DE / 1 LB / 3 CB / 3 S,0.0078125
2022,NFL,DEF,Same weeks as 2026,"1,2,3,4",2 DT / 4 DE / 1 LB / 3 CB / 2 S,0.00390625
2022,ADL,OFF,Available weeks,"1,2,3,4,5,6,7,8,9,10,11,12,13,14,15,16,17",1 QB / 2 RB / 3 WR / 1 TE,0.6764705882352919
2022,ADL,OFF,Available weeks,"1,2,3,4,5,6,7,8,9,10,11,12,13,14,15,16,17",1 QB / 1 RB / 4 WR / 1 TE,0.21507352941176416
2022,ADL,OFF,Available weeks,"1,2,3,4,5,6,7,8,9,10,11,12,13,14,15,16,17",1 QB / 2 RB / 2 WR / 2 TE,0.06066176470588236
2022,ADL,OFF,Available weeks,"1,2,3,4,5,6,7,8,9,10,11,12,13,14,15,16,17",1 QB / 1 RB / 3 WR / 2 TE,0.04595588235294118
2022,ADL,OFF,Available weeks,"1,2,3,4,5,6,7,8,9,10,11,12,13,14,15,16,17",1 QB / 2 RB / 4 WR / 0 TE,0.001838235294117647
2022,ADL,OFF,Same weeks as 2026,"1,2,3,4",1 QB / 2 RB / 3 WR / 1 TE,0.75
2022,ADL,OFF,Same weeks as 2026,"1,2,3,4",1 QB / 1 RB / 4 WR / 1 TE,0.21875
2022,ADL,OFF,Same weeks as 2026,"1,2,3,4",1 QB / 2 RB / 2 WR / 2 TE,0.0234375
2022,ADL,OFF,Same weeks as 2026,"1,2,3,4",1 QB / 1 RB / 3 WR / 2 TE,0.0078125
2022,ADL,DEF,Available weeks,"1,2,3,4,5,6,7,8,9,10,11,12,13,14,15,16,17",2 DT / 3 DE / 3 LB / 2 CB / 2 S,0.22495404411764652
2022,ADL,DEF,Available weeks,"1,2,3,4,5,6,7,8,9,10,11,12,13,14,15,16,17",2 DT / 2 DE / 3 LB / 2 CB / 3 S,0.13230875282805407
2022,ADL,DEF,Available weeks,"1,2,3,4,5,6,7,8,9,10,11,12,13,14,15,16,17",3 DT / 2 DE / 3 LB / 2 CB / 2 S,0.12125282805429843
2022,ADL,DEF,Available weeks,"1,2,3,4,5,6,7,8,9,10,11,12,13,14,15,16,17",2 DT / 2 DE / 3 LB / 3 CB / 2 S,0.11638327205882337
2022,ADL,DEF,Available weeks,"1,2,3,4,5,6,7,8,9,10,11,12,13,14,15,16,17",3 DT / 3 DE / 2 LB / 2 CB / 2 S,0.09007352941176461
2022,ADL,DEF,Available weeks,"1,2,3,4,5,6,7,8,9,10,11,12,13,14,15,16,17",2 DT / 3 DE / 2 LB / 2 CB / 3 S,0.07651654411764706
2022,ADL,DEF,Available weeks,"1,2,3,4,5,6,7,8,9,10,11,12,13,14,15,16,17",2 DT / 3 DE / 2 LB / 3 CB / 2 S,0.06709558823529412
2022,ADL,DEF,Available weeks,"1,2,3,4,5,6,7,8,9,10,11,12,13,14,15,16,17",2 DT / 2 DE / 2 LB / 3 CB / 3 S,0.04802389705882353
2022,ADL,DEF,Available weeks,"1,2,3,4,5,6,7,8,9,10,11,12,13,14,15,16,17",3 DT / 2 DE / 2 LB / 2 CB / 3 S,0.04044117647058824
2022,ADL,DEF,Available weeks,"1,2,3,4,5,6,7,8,9,10,11,12,13,14,15,16,17",3 DT / 3 DE / 1 LB / 2 CB / 3 S,0.02573529411764706
2022,ADL,DEF,Available weeks,"1,2,3,4,5,6,7,8,9,10,11,12,13,14,15,16,17",3 DT / 2 DE / 2 LB / 3 CB / 2 S,0.020450367647058827
2022,ADL,DEF,Available weeks,"1,2,3,4,5,6,7,8,9,10,11,12,13,14,15,16,17",3 DT / 3 DE / 1 LB / 3 CB / 2 S,0.016544117647058824
2022,ADL,DEF,Available weeks,"1,2,3,4,5,6,7,8,9,10,11,12,13,14,15,16,17",3 DT / 2 DE / 1 LB / 3 CB / 3 S,0.01286764705882353
2022,ADL,DEF,Available weeks,"1,2,3,4,5,6,7,8,9,10,11,12,13,14,15,16,17",2 DT / 3 DE / 1 LB / 3 CB / 3 S,0.005514705882352941
2022,ADL,DEF,Available weeks,"1,2,3,4,5,6,7,8,9,10,11,12,13,14,15,16,17",3 DT / 1 DE / 2 LB / 3 CB / 3 S,0.001838235294117647
2022,ADL,DEF,Same weeks as 2026,"1,2,3,4",2 DT / 3 DE / 3 LB / 2 CB / 2 S,0.234375
2022,ADL,DEF,Same weeks as 2026,"1,2,3,4",2 DT / 2 DE / 3 LB / 2 CB / 3 S,0.1484375
2022,ADL,DEF,Same weeks as 2026,"1,2,3,4",2 DT / 2 DE / 3 LB / 3 CB / 2 S,0.125
2022,ADL,DEF,Same weeks as 2026,"1,2,3,4",3 DT / 2 DE / 3 LB / 2 CB / 2 S,0.1171875
2022,ADL,DEF,Same weeks as 2026,"1,2,3,4",2 DT / 3 DE / 2 LB / 2 CB / 3 S,0.1015625
2022,ADL,DEF,Same weeks as 2026,"1,2,3,4",3 DT / 3 DE / 2 LB / 2 CB / 2 S,0.078125
2022,ADL,DEF,Same weeks as 2026,"1,2,3,4",2 DT / 3 DE / 2 LB / 3 CB / 2 S,0.046875
2022,ADL,DEF,Same weeks as 2026,"1,2,3,4",2 DT / 2 DE / 2 LB / 3 CB / 3 S,0.0390625
2022,ADL,DEF,Same weeks as 2026,"1,2,3,4",3 DT / 2 DE / 2 LB / 3 CB / 2 S,0.0234375
2022,ADL,DEF,Same weeks as 2026,"1,2,3,4",3 DT / 3 DE / 1 LB / 2 CB / 3 S,0.0234375
2022,ADL,DEF,Same weeks as 2026,"1,2,3,4",3 DT / 2 DE / 1 LB / 3 CB / 3 S,0.0234375
2022,ADL,DEF,Same weeks as 2026,"1,2,3,4",3 DT / 2 DE / 2 LB / 2 CB / 3 S,0.015625
2022,ADL,DEF,Same weeks as 2026,"1,2,3,4",2 DT / 3 DE / 1 LB / 3 CB / 3 S,0.015625
2022,ADL,DEF,Same weeks as 2026,"1,2,3,4",3 DT / 3 DE / 1 LB / 3 CB / 2 S,0.0078125
2023,NFL,OFF,Available weeks,"1,2,3,4,5,6,7,8,9,10,11,12,13,14,15,16,17",1 QB / 1 RB / 3 WR / 2 TE,0.47428385416666663
2023,NFL,OFF,Available weeks,"1,2,3,4,5,6,7,8,9,10,11,12,13,14,15,16,17",1 QB / 2 RB / 3 WR / 1 TE,0.2802734375
2023,NFL,OFF,Available weeks,"1,2,3,4,5,6,7,8,9,10,11,12,13,14,15,16,17",1 QB / 1 RB / 4 WR / 1 TE,0.14908854166666669
2023,NFL,OFF,Available weeks,"1,2,3,4,5,6,7,8,9,10,11,12,13,14,15,16,17",1 QB / 2 RB / 2 WR / 2 TE,0.0419921875
2023,NFL,OFF,Available weeks,"1,2,3,4,5,6,7,8,9,10,11,12,13,14,15,16,17",1 QB / 1 RB / 2 WR / 3 TE,0.0263671875
2023,NFL,OFF,Available weeks,"1,2,3,4,5,6,7,8,9,10,11,12,13,14,15,16,17",2 QB / 1 RB / 3 WR / 1 TE,0.018229166666666664
2023,NFL,OFF,Available weeks,"1,2,3,4,5,6,7,8,9,10,11,12,13,14,15,16,17",2 QB / 1 RB / 2 WR / 2 TE,0.0048828125
2023,NFL,OFF,Available weeks,"1,2,3,4,5,6,7,8,9,10,11,12,13,14,15,16,17",1 QB / 2 RB / 1 WR / 3 TE,0.001953125
2023,NFL,OFF,Available weeks,"1,2,3,4,5,6,7,8,9,10,11,12,13,14,15,16,17",1 QB / 3 RB / 2 WR / 1 TE,0.001953125
2023,NFL,OFF,Available weeks,"1,2,3,4,5,6,7,8,9,10,11,12,13,14,15,16,17",1 QB / 0 RB / 4 WR / 2 TE,0.0009765625
2023,NFL,OFF,Same weeks as 2026,"1,2,3,4",1 QB / 1 RB / 3 WR / 2 TE,0.52734375
2023,NFL,OFF,Same weeks as 2026,"1,2,3,4",1 QB / 2 RB / 3 WR / 1 TE,0.27734375
2023,NFL,OFF,Same weeks as 2026,"1,2,3,4",1 QB / 1 RB / 4 WR / 1 TE,0.12890625
2023,NFL,OFF,Same weeks as 2026,"1,2,3,4",1 QB / 2 RB / 2 WR / 2 TE,0.0390625
2023,NFL,OFF,Same weeks as 2026,"1,2,3,4",1 QB / 1 RB / 2 WR / 3 TE,0.01953125
2023,NFL,OFF,Same weeks as 2026,"1,2,3,4",2 QB / 1 RB / 3 WR / 1 TE,0.0078125
2023,NFL,DEF,Available weeks,"1,2,3,4,5,6,7,8,9,10,11,12,13,14,15,16,17",3 DT / 2 DE / 2 LB / 3 CB / 2 S,0.30436197916666663
2023,NFL,DEF,Available weeks,"1,2,3,4,5,6,7,8,9,10,11,12,13,14,15,16,17",2 DT / 3 DE / 2 LB / 3 CB / 2 S,0.20540364583333334
2023,NFL,DEF,Available weeks,"1,2,3,4,5,6,7,8,9,10,11,12,13,14,15,16,17",2 DT / 2 DE / 2 LB / 3 CB / 3 S,0.0458984375
2023,NFL,DEF,Available weeks,"1,2,3,4,5,6,7,8,9,10,11,12,13,14,15,16,17",2 DT / 3 DE / 2 LB / 2 CB / 3 S,0.04296875
2023,NFL,DEF,Available weeks,"1,2,3,4,5,6,7,8,9,10,11,12,13,14,15,16,17",3 DT / 2 DE / 2 LB / 2 CB / 3 S,0.0361328125
2023,NFL,DEF,Available weeks,"1,2,3,4,5,6,7,8,9,10,11,12,13,14,15,16,17",2 DT / 2 DE / 3 LB / 3 CB / 2 S,0.0322265625
2023,NFL,DEF,Available weeks,"1,2,3,4,5,6,7,8,9,10,11,12,13,14,15,16,17",2 DT / 2 DE / 2 LB / 4 CB / 2 S,0.0322265625
2023,NFL,DEF,Available weeks,"1,2,3,4,5,6,7,8,9,10,11,12,13,14,15,16,17",2 DT / 2 DE / 3 LB / 2 CB / 3 S,0.029296875
2023,NFL,DEF,Available weeks,"1,2,3,4,5,6,7,8,9,10,11,12,13,14,15,16,17",3 DT / 2 DE / 2 LB / 4 CB / 1 S,0.021484375
2023,NFL,DEF,Available weeks,"1,2,3,4,5,6,7,8,9,10,11,12,13,14,15,16,17",3 DT / 3 DE / 2 LB / 2 CB / 2 S,0.0185546875
2023,NFL,DEF,Available weeks,"1,2,3,4,5,6,7,8,9,10,11,12,13,14,15,16,17",1 DT / 4 DE / 2 LB / 3 CB / 2 S,0.015625
2023,NFL,DEF,Available weeks,"1,2,3,4,5,6,7,8,9,10,11,12,13,14,15,16,17",3 DT / 2 DE / 3 LB / 2 CB / 2 S,0.014322916666666666
2023,NFL,DEF,Available weeks,"1,2,3,4,5,6,7,8,9,10,11,12,13,14,15,16,17",4 DT / 1 DE / 2 LB / 3 CB / 2 S,0.013346354166666666
2023,NFL,DEF,Available weeks,"1,2,3,4,5,6,7,8,9,10,11,12,13,14,15,16,17",1 DT / 3 DE / 3 LB / 3 CB / 2 S,0.0126953125
2023,NFL,DEF,Available weeks,"1,2,3,4,5,6,7,8,9,10,11,12,13,14,15,16,17",3 DT / 1 DE / 2 LB / 3 CB / 3 S,0.01171875
2023,NFL,DEF,Available weeks,"1,2,3,4,5,6,7,8,9,10,11,12,13,14,15,16,17",1 DT / 3 DE / 2 LB / 3 CB / 3 S,0.01171875
2023,NFL,DEF,Available weeks,"1,2,3,4,5,6,7,8,9,10,11,12,13,14,15,16,17",1 DT / 3 DE / 1 LB / 3 CB / 4 S,0.01171875
2023,NFL,DEF,Available weeks,"1,2,3,4,5,6,7,8,9,10,11,12,13,14,15,16,17",2 DT / 3 DE / 1 LB / 3 CB / 3 S,0.0107421875
2023,NFL,DEF,Available weeks,"1,2,3,4,5,6,7,8,9,10,11,12,13,14,15,16,17",1 DT / 3 DE / 3 LB / 2 CB / 3 S,0.009765625
2023,NFL,DEF,Available weeks,"1,2,3,4,5,6,7,8,9,10,11,12,13,14,15,16,17",4 DT / 2 DE / 2 LB / 2 CB / 2 S,0.009440104166666666
2023,NFL,DEF,Available weeks,"1,2,3,4,5,6,7,8,9,10,11,12,13,14,15,16,17",2 DT / 3 DE / 2 LB / 4 CB / 1 S,0.009114583333333332
2023,NFL,DEF,Available weeks,"1,2,3,4,5,6,7,8,9,10,11,12,13,14,15,16,17",3 DT / 1 DE / 3 LB / 3 CB / 2 S,0.008463541666666666
2023,NFL,DEF,Available weeks,"1,2,3,4,5,6,7,8,9,10,11,12,13,14,15,16,17",4 DT / 2 DE / 1 LB / 3 CB / 2 S,0.0078125
2023,NFL,DEF,Available weeks,"1,2,3,4,5,6,7,8,9,10,11,12,13,14,15,16,17",3 DT / 3 DE / 1 LB / 2 CB / 3 S,0.0078125
2023,NFL,DEF,Available weeks,"1,2,3,4,5,6,7,8,9,10,11,12,13,14,15,16,17",3 DT / 3 DE / 1 LB / 3 CB / 2 S,0.006510416666666667
2023,NFL,DEF,Available weeks,"1,2,3,4,5,6,7,8,9,10,11,12,13,14,15,16,17",3 DT / 2 DE / 1 LB / 4 CB / 2 S,0.005859375
2023,NFL,DEF,Available weeks,"1,2,3,4,5,6,7,8,9,10,11,12,13,14,15,16,17",2 DT / 3 DE / 1 LB / 4 CB / 2 S,0.005859375
2023,NFL,DEF,Available weeks,"1,2,3,4,5,6,7,8,9,10,11,12,13,14,15,16,17",3 DT / 2 DE / 1 LB / 3 CB / 3 S,0.005859375
2023,NFL,DEF,Available weeks,"1,2,3,4,5,6,7,8,9,10,11,12,13,14,15,16,17",2 DT / 2 DE / 1 LB / 3 CB / 4 S,0.005859375
2023,NFL,DEF,Available weeks,"1,2,3,4,5,6,7,8,9,10,11,12,13,14,15,16,17",1 DT / 2 DE / 2 LB / 3 CB / 4 S,0.00390625
2023,NFL,DEF,Available weeks,"1,2,3,4,5,6,7,8,9,10,11,12,13,14,15,16,17",2 DT / 3 DE / 3 LB / 2 CB / 2 S,0.00390625
2023,NFL,DEF,Available weeks,"1,2,3,4,5,6,7,8,9,10,11,12,13,14,15,16,17",3 DT / 1 DE / 2 LB / 4 CB / 2 S,0.00390625
2023,NFL,DEF,Available weeks,"1,2,3,4,5,6,7,8,9,10,11,12,13,14,15,16,17",4 DT / 2 DE / 1 LB / 2 CB / 3 S,0.00390625
2023,NFL,DEF,Available weeks,"1,2,3,4,5,6,7,8,9,10,11,12,13,14,15,16,17",3 DT / 3 DE / 2 LB / 3 CB / 1 S,0.00390625
2023,NFL,DEF,Available weeks,"1,2,3,4,5,6,7,8,9,10,11,12,13,14,15,16,17",2 DT / 2 DE / 1 LB / 4 CB / 3 S,0.0029296875
2023,NFL,DEF,Available weeks,"1,2,3,4,5,6,7,8,9,10,11,12,13,14,15,16,17",2 DT / 3 DE / 3 LB / 1 CB / 3 S,0.001953125
2023,NFL,DEF,Available weeks,"1,2,3,4,5,6,7,8,9,10,11,12,13,14,15,16,17",4 DT / 1 DE / 2 LB / 2 CB / 3 S,0.001953125
2023,NFL,DEF,Available weeks,"1,2,3,4,5,6,7,8,9,10,11,12,13,14,15,16,17",5 DT / 1 DE / 2 LB / 2 CB / 2 S,0.001953125
2023,NFL,DEF,Available weeks,"1,2,3,4,5,6,7,8,9,10,11,12,13,14,15,16,17",4 DT / 3 DE / 1 LB / 2 CB / 2 S,0.001953125
2023,NFL,DEF,Available weeks,"1,2,3,4,5,6,7,8,9,10,11,12,13,14,15,16,17",1 DT / 2 DE / 3 LB / 3 CB / 3 S,0.001953125
2023,NFL,DEF,Available weeks,"1,2,3,4,5,6,7,8,9,10,11,12,13,14,15,16,17",1 DT / 4 DE / 1 LB / 3 CB / 3 S,0.001953125
2023,NFL,DEF,Available weeks,"1,2,3,4,5,6,7,8,9,10,11,12,13,14,15,16,17",2 DT / 2 DE / 2 LB / 5 CB / 1 S,0.001953125
2023,NFL,DEF,Available weeks,"1,2,3,4,5,6,7,8,9,10,11,12,13,14,15,16,17",1 DT / 4 DE / 2 LB / 2 CB / 3 S,0.001953125
2023,NFL,DEF,Available weeks,"1,2,3,4,5,6,7,8,9,10,11,12,13,14,15,16,17",3 DT / 3 DE / 1 LB / 4 CB / 1 S,0.001953125
2023,NFL,DEF,Available weeks,"1,2,3,4,5,6,7,8,9,10,11,12,13,14,15,16,17",1 DT / 3 DE / 2 LB / 4 CB / 2 S,0.001953125
2023,NFL,DEF,Available weeks,"1,2,3,4,5,6,7,8,9,10,11,12,13,14,15,16,17",2 DT / 1 DE / 4 LB / 3 CB / 2 S,0.0009765625
2023,NFL,DEF,Available weeks,"1,2,3,4,5,6,7,8,9,10,11,12,13,14,15,16,17",2 DT / 2 DE / 4 LB / 2 CB / 2 S,0.0009765625
2023,NFL,DEF,Available weeks,"1,2,3,4,5,6,7,8,9,10,11,12,13,14,15,16,17",2 DT / 4 DE / 2 LB / 2 CB / 2 S,0.0009765625
2023,NFL,DEF,Available weeks,"1,2,3,4,5,6,7,8,9,10,11,12,13,14,15,16,17",1 DT / 2 DE / 2 LB / 4 CB / 3 S,0.0009765625
2023,NFL,DEF,Available weeks,"1,2,3,4,5,6,7,8,9,10,11,12,13,14,15,16,17",4 DT / 2 DE / 2 LB / 3 CB / 1 S,0.0006510416666666666
2023,NFL,DEF,Available weeks,"1,2,3,4,5,6,7,8,9,10,11,12,13,14,15,16,17",4 DT / 1 DE / 3 LB / 2 CB / 2 S,0.0006510416666666666
2023,NFL,DEF,Same weeks as 2026,"1,2,3,4",3 DT / 2 DE / 2 LB / 3 CB / 2 S,0.34244791666666663
2023,NFL,DEF,Same weeks as 2026,"1,2,3,4",2 DT / 3 DE / 2 LB / 3 CB / 2 S,0.203125
2023,NFL,DEF,Same weeks as 2026,"1,2,3,4",2 DT / 2 DE / 2 LB / 3 CB / 3 S,0.0703125
2023,NFL,DEF,Same weeks as 2026,"1,2,3,4",2 DT / 2 DE / 2 LB / 4 CB / 2 S,0.046875
2023,NFL,DEF,Same weeks as 2026,"1,2,3,4",2 DT / 3 DE / 2 LB / 2 CB / 3 S,0.04296875
2023,NFL,DEF,Same weeks as 2026,"1,2,3,4",3 DT / 2 DE / 2 LB / 2 CB / 3 S,0.03515625
2023,NFL,DEF,Same weeks as 2026,"1,2,3,4",3 DT / 3 DE / 2 LB / 2 CB / 2 S,0.03125
2023,NFL,DEF,Same weeks as 2026,"1,2,3,4",2 DT / 2 DE / 3 LB / 3 CB / 2 S,0.03125
2023,NFL,DEF,Same weeks as 2026,"1,2,3,4",2 DT / 2 DE / 3 LB / 2 CB / 3 S,0.0234375
2023,NFL,DEF,Same weeks as 2026,"1,2,3,4",1 DT / 3 DE / 3 LB / 3 CB / 2 S,0.0234375
2023,NFL,DEF,Same weeks as 2026,"1,2,3,4",3 DT / 2 DE / 3 LB / 2 CB / 2 S,0.018229166666666664
2023,NFL,DEF,Same weeks as 2026,"1,2,3,4",1 DT / 3 DE / 3 LB / 2 CB / 3 S,0.015625
2023,NFL,DEF,Same weeks as 2026,"1,2,3,4",3 DT / 1 DE / 3 LB / 3 CB / 2 S,0.010416666666666666
2023,NFL,DEF,Same weeks as 2026,"1,2,3,4",4 DT / 1 DE / 2 LB / 2 CB / 3 S,0.0078125
2023,NFL,DEF,Same weeks as 2026,"1,2,3,4",3 DT / 3 DE / 1 LB / 2 CB / 3 S,0.0078125
2023,NFL,DEF,Same weeks as 2026,"1,2,3,4",1 DT / 3 DE / 2 LB / 3 CB / 3 S,0.0078125
2023,NFL,DEF,Same weeks as 2026,"1,2,3,4",1 DT / 4 DE / 1 LB / 3 CB / 3 S,0.0078125
2023,NFL,DEF,Same weeks as 2026,"1,2,3,4",1 DT / 2 DE / 2 LB / 3 CB / 4 S,0.0078125
2023,NFL,DEF,Same weeks as 2026,"1,2,3,4",3 DT / 1 DE / 2 LB / 4 CB / 2 S,0.0078125
2023,NFL,DEF,Same weeks as 2026,"1,2,3,4",1 DT / 4 DE / 2 LB / 3 CB / 2 S,0.0078125
2023,NFL,DEF,Same weeks as 2026,"1,2,3,4",3 DT / 3 DE / 2 LB / 3 CB / 1 S,0.0078125
2023,NFL,DEF,Same weeks as 2026,"1,2,3,4",3 DT / 3 DE / 1 LB / 3 CB / 2 S,0.0078125
2023,NFL,DEF,Same weeks as 2026,"1,2,3,4",1 DT / 4 DE / 2 LB / 2 CB / 3 S,0.0078125
2023,NFL,DEF,Same weeks as 2026,"1,2,3,4",3 DT / 2 DE / 2 LB / 4 CB / 1 S,0.0078125
2023,NFL,DEF,Same weeks as 2026,"1,2,3,4",2 DT / 3 DE / 2 LB / 4 CB / 1 S,0.0078125
2023,NFL,DEF,Same weeks as 2026,"1,2,3,4",4 DT / 2 DE / 2 LB / 2 CB / 2 S,0.006510416666666666
2023,NFL,DEF,Same weeks as 2026,"1,2,3,4",4 DT / 1 DE / 2 LB / 3 CB / 2 S,0.0026041666666666665
2023,NFL,DEF,Same weeks as 2026,"1,2,3,4",4 DT / 1 DE / 3 LB / 2 CB / 2 S,0.0026041666666666665
2023,ADL,OFF,Available weeks,"1,2,3,4,5,6,7,8,9,10,11,12,13,14,15,16,17",1 QB / 2 RB / 3 WR / 1 TE,0.5974264705882334
2023,ADL,OFF,Available weeks,"1,2,3,4,5,6,7,8,9,10,11,12,13,14,15,16,17",1 QB / 1 RB / 4 WR / 1 TE,0.30147058823529327
2023,ADL,OFF,Available weeks,"1,2,3,4,5,6,7,8,9,10,11,12,13,14,15,16,17",1 QB / 2 RB / 2 WR / 2 TE,0.056985294117647065
2023,ADL,OFF,Available weeks,"1,2,3,4,5,6,7,8,9,10,11,12,13,14,15,16,17",1 QB / 1 RB / 3 WR / 2 TE,0.04411764705882353
2023,ADL,OFF,Same weeks as 2026,"1,2,3,4",1 QB / 2 RB / 3 WR / 1 TE,0.625
2023,ADL,OFF,Same weeks as 2026,"1,2,3,4",1 QB / 1 RB / 4 WR / 1 TE,0.296875
2023,ADL,OFF,Same weeks as 2026,"1,2,3,4",1 QB / 2 RB / 2 WR / 2 TE,0.046875
2023,ADL,OFF,Same weeks as 2026,"1,2,3,4",1 QB / 1 RB / 3 WR / 2 TE,0.03125
2023,ADL,DEF,Available weeks,"1,2,3,4,5,6,7,8,9,10,11,12,13,14,15,16,17",2 DT / 3 DE / 3 LB / 2 CB / 2 S,0.22713694852941124
2023,ADL,DEF,Available weeks,"1,2,3,4,5,6,7,8,9,10,11,12,13,14,15,16,17",2 DT / 3 DE / 2 LB / 2 CB / 3 S,0.14211856617647034
2023,ADL,DEF,Available weeks,"1,2,3,4,5,6,7,8,9,10,11,12,13,14,15,16,17",3 DT / 3 DE / 2 LB / 2 CB / 2 S,0.10615808823529405
2023,ADL,DEF,Available weeks,"1,2,3,4,5,6,7,8,9,10,11,12,13,14,15,16,17",3 DT / 2 DE / 3 LB / 2 CB / 2 S,0.09754136029411759
2023,ADL,DEF,Available weeks,"1,2,3,4,5,6,7,8,9,10,11,12,13,14,15,16,17",2 DT / 2 DE / 3 LB / 2 CB / 3 S,0.09662224264705872
2023,ADL,DEF,Available weeks,"1,2,3,4,5,6,7,8,9,10,11,12,13,14,15,16,17",2 DT / 2 DE / 3 LB / 3 CB / 2 S,0.06835937499999999
2023,ADL,DEF,Available weeks,"1,2,3,4,5,6,7,8,9,10,11,12,13,14,15,16,17",2 DT / 3 DE / 2 LB / 3 CB / 2 S,0.05905330882352942
2023,ADL,DEF,Available weeks,"1,2,3,4,5,6,7,8,9,10,11,12,13,14,15,16,17",3 DT / 2 DE / 2 LB / 2 CB / 3 S,0.05181525735294119
2023,ADL,DEF,Available weeks,"1,2,3,4,5,6,7,8,9,10,11,12,13,14,15,16,17",3 DT / 3 DE / 1 LB / 2 CB / 3 S,0.04779411764705883
2023,ADL,DEF,Available weeks,"1,2,3,4,5,6,7,8,9,10,11,12,13,14,15,16,17",2 DT / 3 DE / 1 LB / 3 CB / 3 S,0.025850183823529414
2023,ADL,DEF,Available weeks,"1,2,3,4,5,6,7,8,9,10,11,12,13,14,15,16,17",3 DT / 3 DE / 1 LB / 3 CB / 2 S,0.02573529411764706
2023,ADL,DEF,Available weeks,"1,2,3,4,5,6,7,8,9,10,11,12,13,14,15,16,17",3 DT / 2 DE / 2 LB / 3 CB / 2 S,0.020450367647058824
2023,ADL,DEF,Available weeks,"1,2,3,4,5,6,7,8,9,10,11,12,13,14,15,16,17",2 DT / 2 DE / 2 LB / 3 CB / 3 S,0.02022058823529412
2023,ADL,DEF,Available weeks,"1,2,3,4,5,6,7,8,9,10,11,12,13,14,15,16,17",3 DT / 2 DE / 1 LB / 3 CB / 3 S,0.011144301470588236
2023,ADL,DEF,Same weeks as 2026,"1,2,3,4",2 DT / 3 DE / 3 LB / 2 CB / 2 S,0.28125
2023,ADL,DEF,Same weeks as 2026,"1,2,3,4",2 DT / 2 DE / 3 LB / 2 CB / 3 S,0.1640625
2023,ADL,DEF,Same weeks as 2026,"1,2,3,4",2 DT / 3 DE / 2 LB / 2 CB / 3 S,0.1640625
2023,ADL,DEF,Same weeks as 2026,"1,2,3,4",3 DT / 2 DE / 3 LB / 2 CB / 2 S,0.0859375
2023,ADL,DEF,Same weeks as 2026,"1,2,3,4",3 DT / 3 DE / 1 LB / 2 CB / 3 S,0.0625
2023,ADL,DEF,Same weeks as 2026,"1,2,3,4",3 DT / 2 DE / 2 LB / 2 CB / 3 S,0.0625
2023,ADL,DEF,Same weeks as 2026,"1,2,3,4",3 DT / 3 DE / 2 LB / 2 CB / 2 S,0.0546875
2023,ADL,DEF,Same weeks as 2026,"1,2,3,4",2 DT / 2 DE / 3 LB / 3 CB / 2 S,0.0546875
2023,ADL,DEF,Same weeks as 2026,"1,2,3,4",2 DT / 3 DE / 2 LB / 3 CB / 2 S,0.03125
2023,ADL,DEF,Same weeks as 2026,"1,2,3,4",3 DT / 3 DE / 1 LB / 3 CB / 2 S,0.015625
2023,ADL,DEF,Same weeks as 2026,"1,2,3,4",2 DT / 3 DE / 1 LB / 3 CB / 3 S,0.015625
2023,ADL,DEF,Same weeks as 2026,"1,2,3,4",2 DT / 2 DE / 2 LB / 3 CB / 3 S,0.0078125
2024,NFL,OFF,Available weeks,"1,2,3,4,5,6,7,8,9,10,11,12,13,14,15,16,17",1 QB / 1 RB / 3 WR / 2 TE,0.5634765625
2024,NFL,OFF,Available weeks,"1,2,3,4,5,6,7,8,9,10,11,12,13,14,15,16,17",1 QB / 2 RB / 3 WR / 1 TE,0.20182291666666669
2024,NFL,OFF,Available weeks,"1,2,3,4,5,6,7,8,9,10,11,12,13,14,15,16,17",1 QB / 1 RB / 4 WR / 1 TE,0.11393229166666667
2024,NFL,OFF,Available weeks,"1,2,3,4,5,6,7,8,9,10,11,12,13,14,15,16,17",1 QB / 2 RB / 2 WR / 2 TE,0.052734375
2024,NFL,OFF,Available weeks,"1,2,3,4,5,6,7,8,9,10,11,12,13,14,15,16,17",1 QB / 1 RB / 2 WR / 3 TE,0.029296875
2024,NFL,OFF,Available weeks,"1,2,3,4,5,6,7,8,9,10,11,12,13,14,15,16,17",2 QB / 1 RB / 3 WR / 1 TE,0.0166015625
2024,NFL,OFF,Available weeks,"1,2,3,4,5,6,7,8,9,10,11,12,13,14,15,16,17",1 QB / 0 RB / 4 WR / 2 TE,0.015625
2024,NFL,OFF,Available weeks,"1,2,3,4,5,6,7,8,9,10,11,12,13,14,15,16,17",2 QB / 2 RB / 2 WR / 1 TE,0.001953125
2024,NFL,OFF,Available weeks,"1,2,3,4,5,6,7,8,9,10,11,12,13,14,15,16,17",1 QB / 3 RB / 2 WR / 1 TE,0.001953125
2024,NFL,OFF,Available weeks,"1,2,3,4,5,6,7,8,9,10,11,12,13,14,15,16,17",1 QB / 0 RB / 3 WR / 3 TE,0.001953125
2024,NFL,OFF,Available weeks,"1,2,3,4,5,6,7,8,9,10,11,12,13,14,15,16,17",1 QB / 2 RB / 4 WR / 0 TE,0.0006510416666666666
2024,NFL,OFF,Same weeks as 2026,"1,2,3,4",1 QB / 1 RB / 3 WR / 2 TE,0.59765625
2024,NFL,OFF,Same weeks as 2026,"1,2,3,4",1 QB / 2 RB / 3 WR / 1 TE,0.23697916666666666
2024,NFL,OFF,Same weeks as 2026,"1,2,3,4",1 QB / 1 RB / 4 WR / 1 TE,0.08463541666666667
2024,NFL,OFF,Same weeks as 2026,"1,2,3,4",1 QB / 2 RB / 2 WR / 2 TE,0.04296875
2024,NFL,OFF,Same weeks as 2026,"1,2,3,4",1 QB / 1 RB / 2 WR / 3 TE,0.02734375
2024,NFL,OFF,Same weeks as 2026,"1,2,3,4",2 QB / 2 RB / 2 WR / 1 TE,0.0078125
2024,NFL,OFF,Same weeks as 2026,"1,2,3,4",1 QB / 2 RB / 4 WR / 0 TE,0.0026041666666666665
2024,NFL,DEF,Available weeks,"1,2,3,4,5,6,7,8,9,10,11,12,13,14,15,16,17",3 DT / 2 DE / 2 LB / 3 CB / 2 S,0.27083333333333337
2024,NFL,DEF,Available weeks,"1,2,3,4,5,6,7,8,9,10,11,12,13,14,15,16,17",2 DT / 3 DE / 2 LB / 3 CB / 2 S,0.24886067708333334
2024,NFL,DEF,Available weeks,"1,2,3,4,5,6,7,8,9,10,11,12,13,14,15,16,17",2 DT / 2 DE / 2 LB / 3 CB / 3 S,0.07259114583333334
2024,NFL,DEF,Available weeks,"1,2,3,4,5,6,7,8,9,10,11,12,13,14,15,16,17",3 DT / 2 DE / 2 LB / 2 CB / 3 S,0.05305989583333333
2024,NFL,DEF,Available weeks,"1,2,3,4,5,6,7,8,9,10,11,12,13,14,15,16,17",2 DT / 3 DE / 2 LB / 2 CB / 3 S,0.03971354166666667
2024,NFL,DEF,Available weeks,"1,2,3,4,5,6,7,8,9,10,11,12,13,14,15,16,17",2 DT / 2 DE / 3 LB / 3 CB / 2 S,0.03401692708333333
2024,NFL,DEF,Available weeks,"1,2,3,4,5,6,7,8,9,10,11,12,13,14,15,16,17",2 DT / 2 DE / 2 LB / 4 CB / 2 S,0.029296875
2024,NFL,DEF,Available weeks,"1,2,3,4,5,6,7,8,9,10,11,12,13,14,15,16,17",3 DT / 3 DE / 2 LB / 2 CB / 2 S,0.020833333333333336
2024,NFL,DEF,Available weeks,"1,2,3,4,5,6,7,8,9,10,11,12,13,14,15,16,17",2 DT / 2 DE / 3 LB / 2 CB / 3 S,0.019531249999999997
2024,NFL,DEF,Available weeks,"1,2,3,4,5,6,7,8,9,10,11,12,13,14,15,16,17",2 DT / 3 DE / 3 LB / 2 CB / 2 S,0.015950520833333336
2024,NFL,DEF,Available weeks,"1,2,3,4,5,6,7,8,9,10,11,12,13,14,15,16,17",4 DT / 1 DE / 2 LB / 3 CB / 2 S,0.0126953125
2024,NFL,DEF,Available weeks,"1,2,3,4,5,6,7,8,9,10,11,12,13,14,15,16,17",2 DT / 2 DE / 3 LB / 4 CB / 1 S,0.01171875
2024,NFL,DEF,Available weeks,"1,2,3,4,5,6,7,8,9,10,11,12,13,14,15,16,17",2 DT / 3 DE / 1 LB / 3 CB / 3 S,0.01171875
2024,NFL,DEF,Available weeks,"1,2,3,4,5,6,7,8,9,10,11,12,13,14,15,16,17",3 DT / 2 DE / 3 LB / 2 CB / 2 S,0.011067708333333334
2024,NFL,DEF,Available weeks,"1,2,3,4,5,6,7,8,9,10,11,12,13,14,15,16,17",1 DT / 3 DE / 2 LB / 3 CB / 3 S,0.009765625
2024,NFL,DEF,Available weeks,"1,2,3,4,5,6,7,8,9,10,11,12,13,14,15,16,17",1 DT / 3 DE / 2 LB / 4 CB / 2 S,0.009765625
2024,NFL,DEF,Available weeks,"1,2,3,4,5,6,7,8,9,10,11,12,13,14,15,16,17",3 DT / 1 DE / 3 LB / 3 CB / 2 S,0.0087890625
2024,NFL,DEF,Available weeks,"1,2,3,4,5,6,7,8,9,10,11,12,13,14,15,16,17",2 DT / 2 DE / 2 LB / 2 CB / 4 S,0.008463541666666668
2024,NFL,DEF,Available weeks,"1,2,3,4,5,6,7,8,9,10,11,12,13,14,15,16,17",3 DT / 3 DE / 1 LB / 2 CB / 3 S,0.0078125
2024,NFL,DEF,Available weeks,"1,2,3,4,5,6,7,8,9,10,11,12,13,14,15,16,17",1 DT / 4 DE / 2 LB / 3 CB / 2 S,0.007161458333333333
2024,NFL,DEF,Available weeks,"1,2,3,4,5,6,7,8,9,10,11,12,13,14,15,16,17",3 DT / 1 DE / 2 LB / 4 CB / 2 S,0.0068359375
2024,NFL,DEF,Available weeks,"1,2,3,4,5,6,7,8,9,10,11,12,13,14,15,16,17",3 DT / 2 DE / 3 LB / 3 CB / 1 S,0.0068359375
2024,NFL,DEF,Available weeks,"1,2,3,4,5,6,7,8,9,10,11,12,13,14,15,16,17",2 DT / 3 DE / 2 LB / 4 CB / 1 S,0.0068359375
2024,NFL,DEF,Available weeks,"1,2,3,4,5,6,7,8,9,10,11,12,13,14,15,16,17",4 DT / 2 DE / 1 LB / 3 CB / 2 S,0.005859375
2024,NFL,DEF,Available weeks,"1,2,3,4,5,6,7,8,9,10,11,12,13,14,15,16,17",3 DT / 3 DE / 2 LB / 3 CB / 1 S,0.005859375
2024,NFL,DEF,Available weeks,"1,2,3,4,5,6,7,8,9,10,11,12,13,14,15,16,17",3 DT / 2 DE / 2 LB / 4 CB / 1 S,0.005859375
2024,NFL,DEF,Available weeks,"1,2,3,4,5,6,7,8,9,10,11,12,13,14,15,16,17",3 DT / 3 DE / 1 LB / 3 CB / 2 S,0.005533854166666666
2024,NFL,DEF,Available weeks,"1,2,3,4,5,6,7,8,9,10,11,12,13,14,15,16,17",1 DT / 3 DE / 3 LB / 3 CB / 2 S,0.0048828125
2024,NFL,DEF,Available weeks,"1,2,3,4,5,6,7,8,9,10,11,12,13,14,15,16,17",3 DT / 1 DE / 2 LB / 3 CB / 3 S,0.00390625
2024,NFL,DEF,Available weeks,"1,2,3,4,5,6,7,8,9,10,11,12,13,14,15,16,17",1 DT / 2 DE / 3 LB / 3 CB / 3 S,0.00390625
2024,NFL,DEF,Available weeks,"1,2,3,4,5,6,7,8,9,10,11,12,13,14,15,16,17",4 DT / 2 DE / 2 LB / 2 CB / 2 S,0.00390625
2024,NFL,DEF,Available weeks,"1,2,3,4,5,6,7,8,9,10,11,12,13,14,15,16,17",2 DT / 2 DE / 1 LB / 4 CB / 3 S,0.00390625
2024,NFL,DEF,Available weeks,"1,2,3,4,5,6,7,8,9,10,11,12,13,14,15,16,17",1 DT / 4 DE / 1 LB / 3 CB / 3 S,0.00390625
2024,NFL,DEF,Available weeks,"1,2,3,4,5,6,7,8,9,10,11,12,13,14,15,16,17",1 DT / 4 DE / 2 LB / 2 CB / 3 S,0.00390625
2024,NFL,DEF,Available weeks,"1,2,3,4,5,6,7,8,9,10,11,12,13,14,15,16,17",2 DT / 4 DE / 1 LB / 2 CB / 3 S,0.00390625
2024,NFL,DEF,Available weeks,"1,2,3,4,5,6,7,8,9,10,11,12,13,14,15,16,17",3 DT / 1 DE / 2 LB / 2 CB / 4 S,0.0029296875
2024,NFL,DEF,Available weeks,"1,2,3,4,5,6,7,8,9,10,11,12,13,14,15,16,17",4 DT / 2 DE / 2 LB / 3 CB / 1 S,0.0029296875
2024,NFL,DEF,Available weeks,"1,2,3,4,5,6,7,8,9,10,11,12,13,14,15,16,17",4 DT / 1 DE / 2 LB / 2 CB / 3 S,0.001953125
2024,NFL,DEF,Available weeks,"1,2,3,4,5,6,7,8,9,10,11,12,13,14,15,16,17",1 DT / 2 DE / 3 LB / 4 CB / 2 S,0.001953125
2024,NFL,DEF,Available weeks,"1,2,3,4,5,6,7,8,9,10,11,12,13,14,15,16,17",3 DT / 1 DE / 4 LB / 3 CB / 1 S,0.001953125
2024,NFL,DEF,Available weeks,"1,2,3,4,5,6,7,8,9,10,11,12,13,14,15,16,17",3 DT / 1 DE / 3 LB / 4 CB / 1 S,0.001953125
2024,NFL,DEF,Available weeks,"1,2,3,4,5,6,7,8,9,10,11,12,13,14,15,16,17",2 DT / 2 DE / 2 LB / 5 CB / 1 S,0.001953125
2024,NFL,DEF,Available weeks,"1,2,3,4,5,6,7,8,9,10,11,12,13,14,15,16,17",3 DT / 2 DE / 1 LB / 4 CB / 2 S,0.001953125
2024,NFL,DEF,Available weeks,"1,2,3,4,5,6,7,8,9,10,11,12,13,14,15,16,17",1 DT / 2 DE / 2 LB / 4 CB / 3 S,0.0013020833333333333
2024,NFL,DEF,Available weeks,"1,2,3,4,5,6,7,8,9,10,11,12,13,14,15,16,17",2 DT / 1 DE / 2 LB / 4 CB / 3 S,0.0013020833333333333
2024,NFL,DEF,Available weeks,"1,2,3,4,5,6,7,8,9,10,11,12,13,14,15,16,17",3 DT / 0 DE / 2 LB / 4 CB / 3 S,0.0003255208333333333
2024,NFL,DEF,Same weeks as 2026,"1,2,3,4",3 DT / 2 DE / 2 LB / 3 CB / 2 S,0.28255208333333337
2024,NFL,DEF,Same weeks as 2026,"1,2,3,4",2 DT / 3 DE / 2 LB / 3 CB / 2 S,0.23177083333333334
2024,NFL,DEF,Same weeks as 2026,"1,2,3,4",2 DT / 2 DE / 2 LB / 3 CB / 3 S,0.08203125
2024,NFL,DEF,Same weeks as 2026,"1,2,3,4",3 DT / 2 DE / 2 LB / 2 CB / 3 S,0.05078125
2024,NFL,DEF,Same weeks as 2026,"1,2,3,4",2 DT / 3 DE / 2 LB / 2 CB / 3 S,0.03515625
2024,NFL,DEF,Same weeks as 2026,"1,2,3,4",2 DT / 2 DE / 3 LB / 3 CB / 2 S,0.03255208333333333
2024,NFL,DEF,Same weeks as 2026,"1,2,3,4",2 DT / 2 DE / 2 LB / 4 CB / 2 S,0.03125
2024,NFL,DEF,Same weeks as 2026,"1,2,3,4",3 DT / 3 DE / 2 LB / 2 CB / 2 S,0.024739583333333332
2024,NFL,DEF,Same weeks as 2026,"1,2,3,4",2 DT / 2 DE / 3 LB / 2 CB / 3 S,0.0234375
2024,NFL,DEF,Same weeks as 2026,"1,2,3,4",2 DT / 2 DE / 3 LB / 4 CB / 1 S,0.0234375
2024,NFL,DEF,Same weeks as 2026,"1,2,3,4",4 DT / 1 DE / 2 LB / 3 CB / 2 S,0.01953125
2024,NFL,DEF,Same weeks as 2026,"1,2,3,4",2 DT / 3 DE / 3 LB / 2 CB / 2 S,0.016927083333333332
2024,NFL,DEF,Same weeks as 2026,"1,2,3,4",1 DT / 3 DE / 2 LB / 4 CB / 2 S,0.015625
2024,NFL,DEF,Same weeks as 2026,"1,2,3,4",4 DT / 2 DE / 1 LB / 3 CB / 2 S,0.015625
2024,NFL,DEF,Same weeks as 2026,"1,2,3,4",2 DT / 2 DE / 2 LB / 2 CB / 4 S,0.015625
2024,NFL,DEF,Same weeks as 2026,"1,2,3,4",3 DT / 3 DE / 2 LB / 3 CB / 1 S,0.015625
2024,NFL,DEF,Same weeks as 2026,"1,2,3,4",3 DT / 1 DE / 2 LB / 3 CB / 3 S,0.01171875
2024,NFL,DEF,Same weeks as 2026,"1,2,3,4",1 DT / 3 DE / 3 LB / 3 CB / 2 S,0.01171875
2024,NFL,DEF,Same weeks as 2026,"1,2,3,4",3 DT / 2 DE / 3 LB / 2 CB / 2 S,0.009114583333333334
2024,NFL,DEF,Same weeks as 2026,"1,2,3,4",1 DT / 3 DE / 2 LB / 3 CB / 3 S,0.0078125
2024,NFL,DEF,Same weeks as 2026,"1,2,3,4",3 DT / 2 DE / 3 LB / 3 CB / 1 S,0.0078125
2024,NFL,DEF,Same weeks as 2026,"1,2,3,4",3 DT / 1 DE / 4 LB / 3 CB / 1 S,0.0078125
2024,NFL,DEF,Same weeks as 2026,"1,2,3,4",1 DT / 4 DE / 1 LB / 3 CB / 3 S,0.0078125
2024,NFL,DEF,Same weeks as 2026,"1,2,3,4",2 DT / 3 DE / 1 LB / 3 CB / 3 S,0.0078125
2024,NFL,DEF,Same weeks as 2026,"1,2,3,4",3 DT / 2 DE / 2 LB / 4 CB / 1 S,0.0078125
2024,NFL,DEF,Same weeks as 2026,"1,2,3,4",1 DT / 2 DE / 2 LB / 4 CB / 3 S,0.00390625
2024,ADL,OFF,Available weeks,"1,2,3,4,5,6,7,8,9,10,11,12,13,14,15,16,17",1 QB / 2 RB / 3 WR / 1 TE,0.645220588235292
2024,ADL,OFF,Available weeks,"1,2,3,4,5,6,7,8,9,10,11,12,13,14,15,16,17",1 QB / 1 RB / 4 WR / 1 TE,0.2573529411764699
2024,ADL,OFF,Available weeks,"1,2,3,4,5,6,7,8,9,10,11,12,13,14,15,16,17",1 QB / 2 RB / 2 WR / 2 TE,0.05330882352941177
2024,ADL,OFF,Available weeks,"1,2,3,4,5,6,7,8,9,10,11,12,13,14,15,16,17",1 QB / 1 RB / 3 WR / 2 TE,0.04411764705882353
2024,ADL,OFF,Same weeks as 2026,"1,2,3,4",1 QB / 2 RB / 3 WR / 1 TE,0.6875
2024,ADL,OFF,Same weeks as 2026,"1,2,3,4",1 QB / 1 RB / 4 WR / 1 TE,0.2265625
2024,ADL,OFF,Same weeks as 2026,"1,2,3,4",1 QB / 1 RB / 3 WR / 2 TE,0.046875
2024,ADL,OFF,Same weeks as 2026,"1,2,3,4",1 QB / 2 RB / 2 WR / 2 TE,0.0390625
2024,ADL,DEF,Available weeks,"1,2,3,4,5,6,7,8,9,10,11,12,13,14,15,16,17",2 DT / 3 DE / 3 LB / 2 CB / 2 S,0.16919424019607812
2024,ADL,DEF,Available weeks,"1,2,3,4,5,6,7,8,9,10,11,12,13,14,15,16,17",2 DT / 2 DE / 3 LB / 2 CB / 3 S,0.14430147058823506
2024,ADL,DEF,Available weeks,"1,2,3,4,5,6,7,8,9,10,11,12,13,14,15,16,17",2 DT / 3 DE / 2 LB / 2 CB / 3 S,0.1207261029411763
2024,ADL,DEF,Available weeks,"1,2,3,4,5,6,7,8,9,10,11,12,13,14,15,16,17",3 DT / 3 DE / 2 LB / 2 CB / 2 S,0.11063878676470573
2024,ADL,DEF,Available weeks,"1,2,3,4,5,6,7,8,9,10,11,12,13,14,15,16,17",3 DT / 2 DE / 3 LB / 2 CB / 2 S,0.10535386029411752
2024,ADL,DEF,Available weeks,"1,2,3,4,5,6,7,8,9,10,11,12,13,14,15,16,17",3 DT / 2 DE / 2 LB / 2 CB / 3 S,0.08903952205882346
2024,ADL,DEF,Available weeks,"1,2,3,4,5,6,7,8,9,10,11,12,13,14,15,16,17",2 DT / 3 DE / 2 LB / 3 CB / 2 S,0.0766927083333333
2024,ADL,DEF,Available weeks,"1,2,3,4,5,6,7,8,9,10,11,12,13,14,15,16,17",2 DT / 2 DE / 3 LB / 3 CB / 2 S,0.07192095588235291
2024,ADL,DEF,Available weeks,"1,2,3,4,5,6,7,8,9,10,11,12,13,14,15,16,17",3 DT / 2 DE / 2 LB / 3 CB / 2 S,0.05330882352941177
2024,ADL,DEF,Available weeks,"1,2,3,4,5,6,7,8,9,10,11,12,13,14,15,16,17",2 DT / 2 DE / 2 LB / 3 CB / 3 S,0.03860294117647059
2024,ADL,DEF,Available weeks,"1,2,3,4,5,6,7,8,9,10,11,12,13,14,15,16,17",2 DT / 2 DE / 2 LB / 4 CB / 2 S,0.01838235294117647
2024,ADL,DEF,Available weeks,"1,2,3,4,5,6,7,8,9,10,11,12,13,14,15,16,17",3 DT / 2 DE / 1 LB / 3 CB / 3 S,0.001838235294117647
2024,ADL,DEF,Same weeks as 2026,"1,2,3,4",2 DT / 3 DE / 3 LB / 2 CB / 2 S,0.1875
2024,ADL,DEF,Same weeks as 2026,"1,2,3,4",2 DT / 2 DE / 3 LB / 2 CB / 3 S,0.171875
2024,ADL,DEF,Same weeks as 2026,"1,2,3,4",3 DT / 2 DE / 3 LB / 2 CB / 2 S,0.1484375
2024,ADL,DEF,Same weeks as 2026,"1,2,3,4",2 DT / 3 DE / 2 LB / 2 CB / 3 S,0.125
2024,ADL,DEF,Same weeks as 2026,"1,2,3,4",3 DT / 3 DE / 2 LB / 2 CB / 2 S,0.109375
2024,ADL,DEF,Same weeks as 2026,"1,2,3,4",2 DT / 3 DE / 2 LB / 3 CB / 2 S,0.0859375
2024,ADL,DEF,Same weeks as 2026,"1,2,3,4",3 DT / 2 DE / 2 LB / 2 CB / 3 S,0.0625
2024,ADL,DEF,Same weeks as 2026,"1,2,3,4",2 DT / 2 DE / 3 LB / 3 CB / 2 S,0.0546875
2024,ADL,DEF,Same weeks as 2026,"1,2,3,4",2 DT / 2 DE / 2 LB / 3 CB / 3 S,0.0390625
2024,ADL,DEF,Same weeks as 2026,"1,2,3,4",3 DT / 2 DE / 2 LB / 3 CB / 2 S,0.015625
2025,NFL,OFF,Available weeks,"1,2,3,4,5,6,7,8,9,10,11,12,13,14,15,16,17",1 QB / 1 RB / 3 WR / 2 TE,0.5716145833333334
2025,NFL,OFF,Available weeks,"1,2,3,4,5,6,7,8,9,10,11,12,13,14,15,16,17",1 QB / 2 RB / 3 WR / 1 TE,0.1572265625
2025,NFL,OFF,Available weeks,"1,2,3,4,5,6,7,8,9,10,11,12,13,14,15,16,17",1 QB / 1 RB / 4 WR / 1 TE,0.13346354166666666
2025,NFL,OFF,Available weeks,"1,2,3,4,5,6,7,8,9,10,11,12,13,14,15,16,17",1 QB / 2 RB / 2 WR / 2 TE,0.0703125
2025,NFL,OFF,Available weeks,"1,2,3,4,5,6,7,8,9,10,11,12,13,14,15,16,17",1 QB / 1 RB / 2 WR / 3 TE,0.0478515625
2025,NFL,OFF,Available weeks,"1,2,3,4,5,6,7,8,9,10,11,12,13,14,15,16,17",1 QB / 0 RB / 4 WR / 2 TE,0.009765625
2025,NFL,OFF,Available weeks,"1,2,3,4,5,6,7,8,9,10,11,12,13,14,15,16,17",2 QB / 1 RB / 2 WR / 2 TE,0.0029296875
2025,NFL,OFF,Available weeks,"1,2,3,4,5,6,7,8,9,10,11,12,13,14,15,16,17",1 QB / 2 RB / 1 WR / 3 TE,0.0029296875
2025,NFL,OFF,Available weeks,"1,2,3,4,5,6,7,8,9,10,11,12,13,14,15,16,17",2 QB / 1 RB / 3 WR / 1 TE,0.001953125
2025,NFL,OFF,Available weeks,"1,2,3,4,5,6,7,8,9,10,11,12,13,14,15,16,17",1 QB / 0 RB / 3 WR / 3 TE,0.0009765625
2025,NFL,OFF,Available weeks,"1,2,3,4,5,6,7,8,9,10,11,12,13,14,15,16,17",2 QB / 2 RB / 2 WR / 1 TE,0.0009765625
2025,NFL,OFF,Same weeks as 2026,"1,2,3,4",1 QB / 1 RB / 3 WR / 2 TE,0.60546875
2025,NFL,OFF,Same weeks as 2026,"1,2,3,4",1 QB / 1 RB / 4 WR / 1 TE,0.15625
2025,NFL,OFF,Same weeks as 2026,"1,2,3,4",1 QB / 2 RB / 3 WR / 1 TE,0.1328125
2025,NFL,OFF,Same weeks as 2026,"1,2,3,4",1 QB / 2 RB / 2 WR / 2 TE,0.05859375
2025,NFL,OFF,Same weeks as 2026,"1,2,3,4",1 QB / 1 RB / 2 WR / 3 TE,0.03515625
2025,NFL,OFF,Same weeks as 2026,"1,2,3,4",1 QB / 0 RB / 4 WR / 2 TE,0.0078125
2025,NFL,OFF,Same weeks as 2026,"1,2,3,4",1 QB / 0 RB / 3 WR / 3 TE,0.00390625
2025,NFL,DEF,Available weeks,"1,2,3,4,5,6,7,8,9,10,11,12,13,14,15,16,17",3 DT / 2 DE / 2 LB / 3 CB / 2 S,0.20481770833333335
2025,NFL,DEF,Available weeks,"1,2,3,4,5,6,7,8,9,10,11,12,13,14,15,16,17",2 DT / 3 DE / 2 LB / 3 CB / 2 S,0.16891276041666664
2025,NFL,DEF,Available weeks,"1,2,3,4,5,6,7,8,9,10,11,12,13,14,15,16,17",3 DT / 2 DE / 2 LB / 2 CB / 3 S,0.08951822916666666
2025,NFL,DEF,Available weeks,"1,2,3,4,5,6,7,8,9,10,11,12,13,14,15,16,17",2 DT / 2 DE / 2 LB / 3 CB / 3 S,0.07194010416666667
2025,NFL,DEF,Available weeks,"1,2,3,4,5,6,7,8,9,10,11,12,13,14,15,16,17",2 DT / 3 DE / 2 LB / 2 CB / 3 S,0.057291666666666664
2025,NFL,DEF,Available weeks,"1,2,3,4,5,6,7,8,9,10,11,12,13,14,15,16,17",3 DT / 3 DE / 2 LB / 2 CB / 2 S,0.05670572916666666
2025,NFL,DEF,Available weeks,"1,2,3,4,5,6,7,8,9,10,11,12,13,14,15,16,17",2 DT / 2 DE / 3 LB / 3 CB / 2 S,0.052083333333333336
2025,NFL,DEF,Available weeks,"1,2,3,4,5,6,7,8,9,10,11,12,13,14,15,16,17",3 DT / 2 DE / 3 LB / 2 CB / 2 S,0.033203125
2025,NFL,DEF,Available weeks,"1,2,3,4,5,6,7,8,9,10,11,12,13,14,15,16,17",2 DT / 2 DE / 2 LB / 4 CB / 2 S,0.020377604166666664
2025,NFL,DEF,Available weeks,"1,2,3,4,5,6,7,8,9,10,11,12,13,14,15,16,17",2 DT / 3 DE / 2 LB / 4 CB / 1 S,0.01953125
2025,NFL,DEF,Available weeks,"1,2,3,4,5,6,7,8,9,10,11,12,13,14,15,16,17",4 DT / 2 DE / 2 LB / 2 CB / 2 S,0.017578125
2025,NFL,DEF,Available weeks,"1,2,3,4,5,6,7,8,9,10,11,12,13,14,15,16,17",1 DT / 3 DE / 2 LB / 3 CB / 3 S,0.0146484375
2025,NFL,DEF,Available weeks,"1,2,3,4,5,6,7,8,9,10,11,12,13,14,15,16,17",3 DT / 2 DE / 2 LB / 4 CB / 1 S,0.013671875
2025,NFL,DEF,Available weeks,"1,2,3,4,5,6,7,8,9,10,11,12,13,14,15,16,17",3 DT / 1 DE / 3 LB / 3 CB / 2 S,0.0107421875
2025,NFL,DEF,Available weeks,"1,2,3,4,5,6,7,8,9,10,11,12,13,14,15,16,17",2 DT / 2 DE / 3 LB / 2 CB / 3 S,0.010416666666666666
2025,NFL,DEF,Available weeks,"1,2,3,4,5,6,7,8,9,10,11,12,13,14,15,16,17",3 DT / 1 DE / 2 LB / 3 CB / 3 S,0.009765625
2025,NFL,DEF,Available weeks,"1,2,3,4,5,6,7,8,9,10,11,12,13,14,15,16,17",2 DT / 2 DE / 3 LB / 4 CB / 1 S,0.009765625
2025,NFL,DEF,Available weeks,"1,2,3,4,5,6,7,8,9,10,11,12,13,14,15,16,17",1 DT / 3 DE / 3 LB / 3 CB / 2 S,0.008951822916666666
2025,NFL,DEF,Available weeks,"1,2,3,4,5,6,7,8,9,10,11,12,13,14,15,16,17",1 DT / 4 DE / 2 LB / 3 CB / 2 S,0.0078125
2025,NFL,DEF,Available weeks,"1,2,3,4,5,6,7,8,9,10,11,12,13,14,15,16,17",2 DT / 3 DE / 3 LB / 2 CB / 2 S,0.0078125
2025,NFL,DEF,Available weeks,"1,2,3,4,5,6,7,8,9,10,11,12,13,14,15,16,17",1 DT / 3 DE / 3 LB / 4 CB / 1 S,0.0078125
2025,NFL,DEF,Available weeks,"1,2,3,4,5,6,7,8,9,10,11,12,13,14,15,16,17",4 DT / 1 DE / 2 LB / 2 CB / 3 S,0.0068359375
2025,NFL,DEF,Available weeks,"1,2,3,4,5,6,7,8,9,10,11,12,13,14,15,16,17",1 DT / 3 DE / 2 LB / 4 CB / 2 S,0.006510416666666666
2025,NFL,DEF,Available weeks,"1,2,3,4,5,6,7,8,9,10,11,12,13,14,15,16,17",2 DT / 4 DE / 2 LB / 2 CB / 2 S,0.0060546875
2025,NFL,DEF,Available weeks,"1,2,3,4,5,6,7,8,9,10,11,12,13,14,15,16,17",3 DT / 3 DE / 1 LB / 3 CB / 2 S,0.005859375
2025,NFL,DEF,Available weeks,"1,2,3,4,5,6,7,8,9,10,11,12,13,14,15,16,17",2 DT / 3 DE / 1 LB / 3 CB / 3 S,0.005859375
2025,NFL,DEF,Available weeks,"1,2,3,4,5,6,7,8,9,10,11,12,13,14,15,16,17",3 DT / 3 DE / 1 LB / 2 CB / 3 S,0.005859375
2025,NFL,DEF,Available weeks,"1,2,3,4,5,6,7,8,9,10,11,12,13,14,15,16,17",4 DT / 1 DE / 2 LB / 3 CB / 2 S,0.0048828125
2025,NFL,DEF,Available weeks,"1,2,3,4,5,6,7,8,9,10,11,12,13,14,15,16,17",4 DT / 1 DE / 3 LB / 2 CB / 2 S,0.00390625
2025,NFL,DEF,Available weeks,"1,2,3,4,5,6,7,8,9,10,11,12,13,14,15,16,17",3 DT / 2 DE / 1 LB / 2 CB / 4 S,0.00390625
2025,NFL,DEF,Available weeks,"1,2,3,4,5,6,7,8,9,10,11,12,13,14,15,16,17",3 DT / 2 DE / 1 LB / 3 CB / 3 S,0.00390625
2025,NFL,DEF,Available weeks,"1,2,3,4,5,6,7,8,9,10,11,12,13,14,15,16,17",3 DT / 1 DE / 3 LB / 2 CB / 3 S,0.00390625
2025,NFL,DEF,Available weeks,"1,2,3,4,5,6,7,8,9,10,11,12,13,14,15,16,17",1 DT / 4 DE / 2 LB / 2 CB / 3 S,0.0035807291666666665
2025,NFL,DEF,Available weeks,"1,2,3,4,5,6,7,8,9,10,11,12,13,14,15,16,17",1 DT / 3 DE / 3 LB / 2 CB / 3 S,0.0026041666666666665
2025,NFL,DEF,Available weeks,"1,2,3,4,5,6,7,8,9,10,11,12,13,14,15,16,17",2 DT / 3 DE / 1 LB / 4 CB / 2 S,0.0022786458333333335
2025,NFL,DEF,Available weeks,"1,2,3,4,5,6,7,8,9,10,11,12,13,14,15,16,17",0 DT / 2 DE / 2 LB / 4 CB / 4 S,0.001953125
2025,NFL,DEF,Available weeks,"1,2,3,4,5,6,7,8,9,10,11,12,13,14,15,16,17",1 DT / 2 DE / 2 LB / 4 CB / 3 S,0.001953125
2025,NFL,DEF,Available weeks,"1,2,3,4,5,6,7,8,9,10,11,12,13,14,15,16,17",2 DT / 2 DE / 4 LB / 2 CB / 2 S,0.001953125
2025,NFL,DEF,Available weeks,"1,2,3,4,5,6,7,8,9,10,11,12,13,14,15,16,17",0 DT / 4 DE / 2 LB / 4 CB / 2 S,0.001953125
2025,NFL,DEF,Available weeks,"1,2,3,4,5,6,7,8,9,10,11,12,13,14,15,16,17",1 DT / 2 DE / 3 LB / 4 CB / 2 S,0.001953125
2025,NFL,DEF,Available weeks,"1,2,3,4,5,6,7,8,9,10,11,12,13,14,15,16,17",3 DT / 2 DE / 3 LB / 3 CB / 1 S,0.001953125
2025,NFL,DEF,Available weeks,"1,2,3,4,5,6,7,8,9,10,11,12,13,14,15,16,17",2 DT / 2 DE / 1 LB / 4 CB / 3 S,0.001953125
2025,NFL,DEF,Available weeks,"1,2,3,4,5,6,7,8,9,10,11,12,13,14,15,16,17",1 DT / 2 DE / 2 LB / 3 CB / 4 S,0.001953125
2025,NFL,DEF,Available weeks,"1,2,3,4,5,6,7,8,9,10,11,12,13,14,15,16,17",1 DT / 4 DE / 1 LB / 4 CB / 2 S,0.001953125
2025,NFL,DEF,Available weeks,"1,2,3,4,5,6,7,8,9,10,11,12,13,14,15,16,17",1 DT / 2 DE / 4 LB / 3 CB / 2 S,0.001953125
2025,NFL,DEF,Available weeks,"1,2,3,4,5,6,7,8,9,10,11,12,13,14,15,16,17",2 DT / 4 DE / 1 LB / 3 CB / 2 S,0.001953125
2025,NFL,DEF,Available weeks,"1,2,3,4,5,6,7,8,9,10,11,12,13,14,15,16,17",1 DT / 3 DE / 2 LB / 2 CB / 4 S,0.001953125
2025,NFL,DEF,Available weeks,"1,2,3,4,5,6,7,8,9,10,11,12,13,14,15,16,17",2 DT / 1 DE / 3 LB / 3 CB / 3 S,0.001953125
2025,NFL,DEF,Available weeks,"1,2,3,4,5,6,7,8,9,10,11,12,13,14,15,16,17",2 DT / 1 DE / 3 LB / 4 CB / 2 S,0.001953125
2025,NFL,DEF,Available weeks,"1,2,3,4,5,6,7,8,9,10,11,12,13,14,15,16,17",1 DT / 2 DE / 3 LB / 3 CB / 3 S,0.001953125
2025,NFL,DEF,Available weeks,"1,2,3,4,5,6,7,8,9,10,11,12,13,14,15,16,17",4 DT / 2 DE / 1 LB / 3 CB / 2 S,0.001953125
2025,NFL,DEF,Available weeks,"1,2,3,4,5,6,7,8,9,10,11,12,13,14,15,16,17",3 DT / 3 DE / 2 LB / 3 CB / 1 S,0.001953125
2025,NFL,DEF,Available weeks,"1,2,3,4,5,6,7,8,9,10,11,12,13,14,15,16,17",1 DT / 3 DE / 2 LB / 5 CB / 1 S,0.001953125
2025,NFL,DEF,Available weeks,"1,2,3,4,5,6,7,8,9,10,11,12,13,14,15,16,17",3 DT / 1 DE / 2 LB / 4 CB / 2 S,0.001953125
2025,NFL,DEF,Available weeks,"1,2,3,4,5,6,7,8,9,10,11,12,13,14,15,16,17",1 DT / 4 DE / 2 LB / 4 CB / 1 S,0.0009765625
2025,NFL,DEF,Available weeks,"1,2,3,4,5,6,7,8,9,10,11,12,13,14,15,16,17",0 DT / 4 DE / 3 LB / 2 CB / 3 S,0.0006510416666666666
2025,NFL,DEF,Available weeks,"1,2,3,4,5,6,7,8,9,10,11,12,13,14,15,16,17",2 DT / 3 DE / 3 LB / 3 CB / 1 S,0.0006510416666666666
2025,NFL,DEF,Available weeks,"1,2,3,4,5,6,7,8,9,10,11,12,13,14,15,16,17",1 DT / 2 DE / 2 LB / 5 CB / 2 S,0.0006510416666666666
2025,NFL,DEF,Available weeks,"1,2,3,4,5,6,7,8,9,10,11,12,13,14,15,16,17",1 DT / 3 DE / 1 LB / 5 CB / 2 S,0.0006510416666666666
2025,NFL,DEF,Same weeks as 2026,"1,2,3,4",3 DT / 2 DE / 2 LB / 3 CB / 2 S,0.21875
2025,NFL,DEF,Same weeks as 2026,"1,2,3,4",2 DT / 3 DE / 2 LB / 3 CB / 2 S,0.17057291666666666
2025,NFL,DEF,Same weeks as 2026,"1,2,3,4",3 DT / 2 DE / 2 LB / 2 CB / 3 S,0.09765625
2025,NFL,DEF,Same weeks as 2026,"1,2,3,4",3 DT / 3 DE / 2 LB / 2 CB / 2 S,0.0859375
2025,NFL,DEF,Same weeks as 2026,"1,2,3,4",2 DT / 2 DE / 2 LB / 3 CB / 3 S,0.05859375
2025,NFL,DEF,Same weeks as 2026,"1,2,3,4",2 DT / 2 DE / 3 LB / 3 CB / 2 S,0.05859375
2025,NFL,DEF,Same weeks as 2026,"1,2,3,4",2 DT / 3 DE / 2 LB / 2 CB / 3 S,0.03125
2025,NFL,DEF,Same weeks as 2026,"1,2,3,4",3 DT / 2 DE / 3 LB / 2 CB / 2 S,0.03125
2025,NFL,DEF,Same weeks as 2026,"1,2,3,4",2 DT / 2 DE / 2 LB / 4 CB / 2 S,0.026041666666666664
2025,NFL,DEF,Same weeks as 2026,"1,2,3,4",2 DT / 3 DE / 1 LB / 3 CB / 3 S,0.0234375
2025,NFL,DEF,Same weeks as 2026,"1,2,3,4",3 DT / 2 DE / 2 LB / 4 CB / 1 S,0.0234375
2025,NFL,DEF,Same weeks as 2026,"1,2,3,4",4 DT / 1 DE / 2 LB / 2 CB / 3 S,0.01953125
2025,NFL,DEF,Same weeks as 2026,"1,2,3,4",1 DT / 3 DE / 3 LB / 3 CB / 2 S,0.018229166666666664
2025,NFL,DEF,Same weeks as 2026,"1,2,3,4",3 DT / 3 DE / 1 LB / 3 CB / 2 S,0.015625
2025,NFL,DEF,Same weeks as 2026,"1,2,3,4",3 DT / 1 DE / 3 LB / 3 CB / 2 S,0.015625
2025,NFL,DEF,Same weeks as 2026,"1,2,3,4",1 DT / 3 DE / 2 LB / 3 CB / 3 S,0.01171875
2025,NFL,DEF,Same weeks as 2026,"1,2,3,4",2 DT / 3 DE / 3 LB / 2 CB / 2 S,0.01171875
2025,NFL,DEF,Same weeks as 2026,"1,2,3,4",1 DT / 4 DE / 2 LB / 2 CB / 3 S,0.010416666666666666
2025,NFL,DEF,Same weeks as 2026,"1,2,3,4",1 DT / 4 DE / 2 LB / 3 CB / 2 S,0.0078125
2025,NFL,DEF,Same weeks as 2026,"1,2,3,4",2 DT / 2 DE / 3 LB / 2 CB / 3 S,0.0078125
2025,NFL,DEF,Same weeks as 2026,"1,2,3,4",1 DT / 2 DE / 2 LB / 3 CB / 4 S,0.0078125
2025,NFL,DEF,Same weeks as 2026,"1,2,3,4",2 DT / 4 DE / 1 LB / 3 CB / 2 S,0.0078125
2025,NFL,DEF,Same weeks as 2026,"1,2,3,4",1 DT / 3 DE / 2 LB / 4 CB / 2 S,0.0078125
2025,NFL,DEF,Same weeks as 2026,"1,2,3,4",2 DT / 3 DE / 2 LB / 4 CB / 1 S,0.0078125
2025,NFL,DEF,Same weeks as 2026,"1,2,3,4",3 DT / 1 DE / 2 LB / 3 CB / 3 S,0.0078125
2025,NFL,DEF,Same weeks as 2026,"1,2,3,4",2 DT / 4 DE / 2 LB / 2 CB / 2 S,0.00390625
2025,NFL,DEF,Same weeks as 2026,"1,2,3,4",4 DT / 2 DE / 2 LB / 2 CB / 2 S,0.00390625
2025,NFL,DEF,Same weeks as 2026,"1,2,3,4",0 DT / 4 DE / 3 LB / 2 CB / 3 S,0.0026041666666666665
2025,NFL,DEF,Same weeks as 2026,"1,2,3,4",1 DT / 3 DE / 3 LB / 2 CB / 3 S,0.0026041666666666665
2025,NFL,DEF,Same weeks as 2026,"1,2,3,4",2 DT / 3 DE / 3 LB / 3 CB / 1 S,0.0026041666666666665
2025,NFL,DEF,Same weeks as 2026,"1,2,3,4",2 DT / 3 DE / 1 LB / 4 CB / 2 S,0.0013020833333333333
2025,ADL,OFF,Available weeks,"1,2,3,4,5,6,7,8,9,10,11,12,13,14,15,16,17",1 QB / 2 RB / 3 WR / 1 TE,0.6344373686974771
2025,ADL,OFF,Available weeks,"1,2,3,4,5,6,7,8,9,10,11,12,13,14,15,16,17",1 QB / 1 RB / 4 WR / 1 TE,0.24149816176470526
2025,ADL,OFF,Available weeks,"1,2,3,4,5,6,7,8,9,10,11,12,13,14,15,16,17",1 QB / 2 RB / 2 WR / 2 TE,0.09374999999999989
2025,ADL,OFF,Available weeks,"1,2,3,4,5,6,7,8,9,10,11,12,13,14,15,16,17",1 QB / 1 RB / 3 WR / 2 TE,0.03031446953781513
2025,ADL,OFF,Same weeks as 2026,"1,2,3,4",1 QB / 2 RB / 3 WR / 1 TE,0.703125
2025,ADL,OFF,Same weeks as 2026,"1,2,3,4",1 QB / 1 RB / 4 WR / 1 TE,0.2265625
2025,ADL,OFF,Same weeks as 2026,"1,2,3,4",1 QB / 2 RB / 2 WR / 2 TE,0.0390625
2025,ADL,OFF,Same weeks as 2026,"1,2,3,4",1 QB / 1 RB / 3 WR / 2 TE,0.03125
2025,ADL,DEF,Available weeks,"1,2,3,4,5,6,7,8,9,10,11,12,13,14,15,16,17",2 DT / 3 DE / 3 LB / 2 CB / 2 S,0.19415888951734495
2025,ADL,DEF,Available weeks,"1,2,3,4,5,6,7,8,9,10,11,12,13,14,15,16,17",3 DT / 2 DE / 3 LB / 2 CB / 2 S,0.15946455505279003
2025,ADL,DEF,Available weeks,"1,2,3,4,5,6,7,8,9,10,11,12,13,14,15,16,17",2 DT / 3 DE / 2 LB / 2 CB / 3 S,0.10306019042232267
2025,ADL,DEF,Available weeks,"1,2,3,4,5,6,7,8,9,10,11,12,13,14,15,16,17",2 DT / 2 DE / 3 LB / 2 CB / 3 S,0.09115761689291092
2025,ADL,DEF,Available weeks,"1,2,3,4,5,6,7,8,9,10,11,12,13,14,15,16,17",3 DT / 3 DE / 2 LB / 2 CB / 2 S,0.07193627450980389
2025,ADL,DEF,Available weeks,"1,2,3,4,5,6,7,8,9,10,11,12,13,14,15,16,17",2 DT / 2 DE / 3 LB / 3 CB / 2 S,0.06158736331070891
2025,ADL,DEF,Available weeks,"1,2,3,4,5,6,7,8,9,10,11,12,13,14,15,16,17",2 DT / 2 DE / 2 LB / 3 CB / 3 S,0.05537683823529412
2025,ADL,DEF,Available weeks,"1,2,3,4,5,6,7,8,9,10,11,12,13,14,15,16,17",3 DT / 2 DE / 2 LB / 3 CB / 2 S,0.049632352941176475
2025,ADL,DEF,Available weeks,"1,2,3,4,5,6,7,8,9,10,11,12,13,14,15,16,17",2 DT / 3 DE / 2 LB / 3 CB / 2 S,0.048743872549019615
2025,ADL,DEF,Available weeks,"1,2,3,4,5,6,7,8,9,10,11,12,13,14,15,16,17",3 DT / 2 DE / 2 LB / 2 CB / 3 S,0.04411764705882353
2025,ADL,DEF,Available weeks,"1,2,3,4,5,6,7,8,9,10,11,12,13,14,15,16,17",2 DT / 2 DE / 2 LB / 4 CB / 2 S,0.029411764705882356
2025,ADL,DEF,Available weeks,"1,2,3,4,5,6,7,8,9,10,11,12,13,14,15,16,17",3 DT / 3 DE / 1 LB / 2 CB / 3 S,0.024011948529411766
2025,ADL,DEF,Available weeks,"1,2,3,4,5,6,7,8,9,10,11,12,13,14,15,16,17",2 DT / 3 DE / 1 LB / 3 CB / 3 S,0.02299325980392157
2025,ADL,DEF,Available weeks,"1,2,3,4,5,6,7,8,9,10,11,12,13,14,15,16,17",3 DT / 3 DE / 1 LB / 3 CB / 2 S,0.01838235294117647
2025,ADL,DEF,Available weeks,"1,2,3,4,5,6,7,8,9,10,11,12,13,14,15,16,17",3 DT / 2 DE / 1 LB / 3 CB / 3 S,0.016659007352941176
2025,ADL,DEF,Available weeks,"1,2,3,4,5,6,7,8,9,10,11,12,13,14,15,16,17",3 DT / 2 DE / 1 LB / 4 CB / 2 S,0.003791360294117647
2025,ADL,DEF,Available weeks,"1,2,3,4,5,6,7,8,9,10,11,12,13,14,15,16,17",2 DT / 3 DE / 1 LB / 4 CB / 2 S,0.003676470588235294
2025,ADL,DEF,Available weeks,"1,2,3,4,5,6,7,8,9,10,11,12,13,14,15,16,17",2 DT / 2 DE / 1 LB / 4 CB / 3 S,0.001838235294117647
2025,ADL,DEF,Same weeks as 2026,"1,2,3,4",2 DT / 3 DE / 3 LB / 2 CB / 2 S,0.2421875
2025,ADL,DEF,Same weeks as 2026,"1,2,3,4",3 DT / 2 DE / 3 LB / 2 CB / 2 S,0.1328125
2025,ADL,DEF,Same weeks as 2026,"1,2,3,4",2 DT / 2 DE / 3 LB / 2 CB / 3 S,0.1328125
2025,ADL,DEF,Same weeks as 2026,"1,2,3,4",2 DT / 3 DE / 2 LB / 2 CB / 3 S,0.109375
2025,ADL,DEF,Same weeks as 2026,"1,2,3,4",3 DT / 3 DE / 2 LB / 2 CB / 2 S,0.078125
2025,ADL,DEF,Same weeks as 2026,"1,2,3,4",2 DT / 2 DE / 3 LB / 3 CB / 2 S,0.0625
2025,ADL,DEF,Same weeks as 2026,"1,2,3,4",2 DT / 3 DE / 2 LB / 3 CB / 2 S,0.0546875
2025,ADL,DEF,Same weeks as 2026,"1,2,3,4",3 DT / 2 DE / 2 LB / 2 CB / 3 S,0.046875
2025,ADL,DEF,Same weeks as 2026,"1,2,3,4",2 DT / 2 DE / 2 LB / 3 CB / 3 S,0.0390625
2025,ADL,DEF,Same weeks as 2026,"1,2,3,4",3 DT / 2 DE / 2 LB / 3 CB / 2 S,0.03125
2025,ADL,DEF,Same weeks as 2026,"1,2,3,4",3 DT / 3 DE / 1 LB / 2 CB / 3 S,0.03125
2025,ADL,DEF,Same weeks as 2026,"1,2,3,4",3 DT / 2 DE / 1 LB / 3 CB / 3 S,0.0234375
2025,ADL,DEF,Same weeks as 2026,"1,2,3,4",2 DT / 2 DE / 2 LB / 4 CB / 2 S,0.0078125
2025,ADL,DEF,Same weeks as 2026,"1,2,3,4",2 DT / 3 DE / 1 LB / 3 CB / 3 S,0.0078125
2026,NFL,OFF,Available weeks,"1,2,3,4",1 QB / 1 RB / 3 WR / 2 TE,0.5963541666666667
2026,NFL,OFF,Available weeks,"1,2,3,4",1 QB / 2 RB / 3 WR / 1 TE,0.21354166666666669
2026,NFL,OFF,Available weeks,"1,2,3,4",1 QB / 1 RB / 4 WR / 1 TE,0.0703125
2026,NFL,OFF,Available weeks,"1,2,3,4",1 QB / 2 RB / 2 WR / 2 TE,0.057291666666666664
2026,NFL,OFF,Available weeks,"1,2,3,4",1 QB / 1 RB / 2 WR / 3 TE,0.0546875
2026,NFL,OFF,Available weeks,"1,2,3,4",2 QB / 1 RB / 2 WR / 2 TE,0.0078125
2026,NFL,OFF,Same weeks as 2026,"1,2,3,4",1 QB / 1 RB / 3 WR / 2 TE,0.5963541666666667
2026,NFL,OFF,Same weeks as 2026,"1,2,3,4",1 QB / 2 RB / 3 WR / 1 TE,0.21354166666666669
2026,NFL,OFF,Same weeks as 2026,"1,2,3,4",1 QB / 1 RB / 4 WR / 1 TE,0.0703125
2026,NFL,OFF,Same weeks as 2026,"1,2,3,4",1 QB / 2 RB / 2 WR / 2 TE,0.057291666666666664
2026,NFL,OFF,Same weeks as 2026,"1,2,3,4",1 QB / 1 RB / 2 WR / 3 TE,0.0546875
2026,NFL,OFF,Same weeks as 2026,"1,2,3,4",2 QB / 1 RB / 2 WR / 2 TE,0.0078125
2026,NFL,DEF,Available weeks,"1,2,3,4",3 DT / 2 DE / 2 LB / 3 CB / 2 S,0.24479166666666666
2026,NFL,DEF,Available weeks,"1,2,3,4",2 DT / 3 DE / 2 LB / 3 CB / 2 S,0.17968750000000003
2026,NFL,DEF,Available weeks,"1,2,3,4",3 DT / 2 DE / 2 LB / 2 CB / 3 S,0.12890625
2026,NFL,DEF,Available weeks,"1,2,3,4",3 DT / 3 DE / 2 LB / 2 CB / 2 S,0.07291666666666667
2026,NFL,DEF,Available weeks,"1,2,3,4",2 DT / 3 DE / 2 LB / 2 CB / 3 S,0.0625
2026,NFL,DEF,Available weeks,"1,2,3,4",2 DT / 2 DE / 2 LB / 3 CB / 3 S,0.0546875
2026,NFL,DEF,Available weeks,"1,2,3,4",2 DT / 2 DE / 3 LB / 3 CB / 2 S,0.046875
2026,NFL,DEF,Available weeks,"1,2,3,4",1 DT / 3 DE / 2 LB / 3 CB / 3 S,0.0234375
2026,NFL,DEF,Available weeks,"1,2,3,4",1 DT / 4 DE / 2 LB / 3 CB / 2 S,0.0234375
2026,NFL,DEF,Available weeks,"1,2,3,4",4 DT / 2 DE / 2 LB / 2 CB / 2 S,0.015625
2026,NFL,DEF,Available weeks,"1,2,3,4",2 DT / 2 DE / 3 LB / 2 CB / 3 S,0.015625
2026,NFL,DEF,Available weeks,"1,2,3,4",2 DT / 4 DE / 2 LB / 2 CB / 2 S,0.015625
2026,NFL,DEF,Available weeks,"1,2,3,4",2 DT / 3 DE / 3 LB / 2 CB / 2 S,0.014322916666666666
2026,NFL,DEF,Available weeks,"1,2,3,4",3 DT / 2 DE / 3 LB / 2 CB / 2 S,0.01171875
2026,NFL,DEF,Available weeks,"1,2,3,4",3 DT / 3 DE / 1 LB / 2 CB / 3 S,0.0078125
2026,NFL,DEF,Available weeks,"1,2,3,4",2 DT / 2 DE / 2 LB / 4 CB / 2 S,0.0078125
2026,NFL,DEF,Available weeks,"1,2,3,4",4 DT / 1 DE / 2 LB / 3 CB / 2 S,0.0078125
2026,NFL,DEF,Available weeks,"1,2,3,4",1 DT / 3 DE / 3 LB / 2 CB / 3 S,0.0078125
2026,NFL,DEF,Available weeks,"1,2,3,4",4 DT / 3 DE / 2 LB / 1 CB / 2 S,0.0078125
2026,NFL,DEF,Available weeks,"1,2,3,4",3 DT / 1 DE / 3 LB / 3 CB / 2 S,0.0078125
2026,NFL,DEF,Available weeks,"1,2,3,4",3 DT / 2 DE / 1 LB / 3 CB / 3 S,0.0078125
2026,NFL,DEF,Available weeks,"1,2,3,4",1 DT / 3 DE / 3 LB / 3 CB / 2 S,0.0078125
2026,NFL,DEF,Available weeks,"1,2,3,4",3 DT / 3 DE / 2 LB / 3 CB / 1 S,0.0078125
2026,NFL,DEF,Available weeks,"1,2,3,4",2 DT / 2 DE / 2 LB / 5 CB / 1 S,0.0078125
2026,NFL,DEF,Available weeks,"1,2,3,4",4 DT / 1 DE / 2 LB / 2 CB / 3 S,0.00390625
2026,NFL,DEF,Available weeks,"1,2,3,4",3 DT / 1 DE / 3 LB / 2 CB / 3 S,0.00390625
2026,NFL,DEF,Available weeks,"1,2,3,4",3 DT / 2 DE / 1 LB / 2 CB / 4 S,0.00390625
2026,NFL,DEF,Same weeks as 2026,"1,2,3,4",3 DT / 2 DE / 2 LB / 3 CB / 2 S,0.24479166666666666
2026,NFL,DEF,Same weeks as 2026,"1,2,3,4",2 DT / 3 DE / 2 LB / 3 CB / 2 S,0.17968750000000003
2026,NFL,DEF,Same weeks as 2026,"1,2,3,4",3 DT / 2 DE / 2 LB / 2 CB / 3 S,0.12890625
2026,NFL,DEF,Same weeks as 2026,"1,2,3,4",3 DT / 3 DE / 2 LB / 2 CB / 2 S,0.07291666666666667
2026,NFL,DEF,Same weeks as 2026,"1,2,3,4",2 DT / 3 DE / 2 LB / 2 CB / 3 S,0.0625
2026,NFL,DEF,Same weeks as 2026,"1,2,3,4",2 DT / 2 DE / 2 LB / 3 CB / 3 S,0.0546875
2026,NFL,DEF,Same weeks as 2026,"1,2,3,4",2 DT / 2 DE / 3 LB / 3 CB / 2 S,0.046875
2026,NFL,DEF,Same weeks as 2026,"1,2,3,4",1 DT / 3 DE / 2 LB / 3 CB / 3 S,0.0234375
2026,NFL,DEF,Same weeks as 2026,"1,2,3,4",1 DT / 4 DE / 2 LB / 3 CB / 2 S,0.0234375
2026,NFL,DEF,Same weeks as 2026,"1,2,3,4",4 DT / 2 DE / 2 LB / 2 CB / 2 S,0.015625
2026,NFL,DEF,Same weeks as 2026,"1,2,3,4",2 DT / 2 DE / 3 LB / 2 CB / 3 S,0.015625
2026,NFL,DEF,Same weeks as 2026,"1,2,3,4",2 DT / 4 DE / 2 LB / 2 CB / 2 S,0.015625
2026,NFL,DEF,Same weeks as 2026,"1,2,3,4",2 DT / 3 DE / 3 LB / 2 CB / 2 S,0.014322916666666666
2026,NFL,DEF,Same weeks as 2026,"1,2,3,4",3 DT / 2 DE / 3 LB / 2 CB / 2 S,0.01171875
2026,NFL,DEF,Same weeks as 2026,"1,2,3,4",3 DT / 3 DE / 1 LB / 2 CB / 3 S,0.0078125
2026,NFL,DEF,Same weeks as 2026,"1,2,3,4",2 DT / 2 DE / 2 LB / 4 CB / 2 S,0.0078125
2026,NFL,DEF,Same weeks as 2026,"1,2,3,4",4 DT / 1 DE / 2 LB / 3 CB / 2 S,0.0078125
2026,NFL,DEF,Same weeks as 2026,"1,2,3,4",1 DT / 3 DE / 3 LB / 2 CB / 3 S,0.0078125
2026,NFL,DEF,Same weeks as 2026,"1,2,3,4",4 DT / 3 DE / 2 LB / 1 CB / 2 S,0.0078125
2026,NFL,DEF,Same weeks as 2026,"1,2,3,4",3 DT / 1 DE / 3 LB / 3 CB / 2 S,0.0078125
2026,NFL,DEF,Same weeks as 2026,"1,2,3,4",3 DT / 2 DE / 1 LB / 3 CB / 3 S,0.0078125
2026,NFL,DEF,Same weeks as 2026,"1,2,3,4",1 DT / 3 DE / 3 LB / 3 CB / 2 S,0.0078125
2026,NFL,DEF,Same weeks as 2026,"1,2,3,4",3 DT / 3 DE / 2 LB / 3 CB / 1 S,0.0078125
2026,NFL,DEF,Same weeks as 2026,"1,2,3,4",2 DT / 2 DE / 2 LB / 5 CB / 1 S,0.0078125
2026,NFL,DEF,Same weeks as 2026,"1,2,3,4",4 DT / 1 DE / 2 LB / 2 CB / 3 S,0.00390625
2026,NFL,DEF,Same weeks as 2026,"1,2,3,4",3 DT / 1 DE / 3 LB / 2 CB / 3 S,0.00390625
2026,NFL,DEF,Same weeks as 2026,"1,2,3,4",3 DT / 2 DE / 1 LB / 2 CB / 4 S,0.00390625
2026,ADL,OFF,Available weeks,"1,2,3,4",1 QB / 2 RB / 3 WR / 1 TE,0.65625
2026,ADL,OFF,Available weeks,"1,2,3,4",1 QB / 1 RB / 4 WR / 1 TE,0.1796875
2026,ADL,OFF,Available weeks,"1,2,3,4",1 QB / 2 RB / 2 WR / 2 TE,0.1015625
2026,ADL,OFF,Available weeks,"1,2,3,4",1 QB / 1 RB / 3 WR / 2 TE,0.0625
2026,ADL,OFF,Same weeks as 2026,"1,2,3,4",1 QB / 2 RB / 3 WR / 1 TE,0.65625
2026,ADL,OFF,Same weeks as 2026,"1,2,3,4",1 QB / 1 RB / 4 WR / 1 TE,0.1796875
2026,ADL,OFF,Same weeks as 2026,"1,2,3,4",1 QB / 2 RB / 2 WR / 2 TE,0.1015625
2026,ADL,OFF,Same weeks as 2026,"1,2,3,4",1 QB / 1 RB / 3 WR / 2 TE,0.0625
2026,ADL,DEF,Available weeks,"1,2,3,4",2 DT / 3 DE / 3 LB / 2 CB / 2 S,0.1484375
2026,ADL,DEF,Available weeks,"1,2,3,4",2 DT / 2 DE / 3 LB / 2 CB / 3 S,0.1328125
2026,ADL,DEF,Available weeks,"1,2,3,4",2 DT / 3 DE / 2 LB / 3 CB / 2 S,0.1171875
2026,ADL,DEF,Available weeks,"1,2,3,4",2 DT / 2 DE / 3 LB / 3 CB / 2 S,0.1015625
2026,ADL,DEF,Available weeks,"1,2,3,4",2 DT / 3 DE / 2 LB / 2 CB / 3 S,0.0859375
2026,ADL,DEF,Available weeks,"1,2,3,4",3 DT / 2 DE / 3 LB / 2 CB / 2 S,0.0703125
2026,ADL,DEF,Available weeks,"1,2,3,4",2 DT / 2 DE / 2 LB / 3 CB / 3 S,0.0703125
2026,ADL,DEF,Available weeks,"1,2,3,4",3 DT / 3 DE / 2 LB / 2 CB / 2 S,0.0703125
2026,ADL,DEF,Available weeks,"1,2,3,4",3 DT / 2 DE / 2 LB / 3 CB / 2 S,0.0546875
2026,ADL,DEF,Available weeks,"1,2,3,4",2 DT / 2 DE / 2 LB / 4 CB / 2 S,0.046875
2026,ADL,DEF,Available weeks,"1,2,3,4",3 DT / 2 DE / 2 LB / 2 CB / 3 S,0.0390625
2026,ADL,DEF,Available weeks,"1,2,3,4",3 DT / 3 DE / 1 LB / 2 CB / 3 S,0.03125
2026,ADL,DEF,Available weeks,"1,2,3,4",2 DT / 3 DE / 1 LB / 3 CB / 3 S,0.015625
2026,ADL,DEF,Available weeks,"1,2,3,4",2 DT / 2 DE / 1 LB / 4 CB / 3 S,0.0078125
2026,ADL,DEF,Available weeks,"1,2,3,4",3 DT / 3 DE / 1 LB / 3 CB / 2 S,0.0078125
2026,ADL,DEF,Same weeks as 2026,"1,2,3,4",2 DT / 3 DE / 3 LB / 2 CB / 2 S,0.1484375
2026,ADL,DEF,Same weeks as 2026,"1,2,3,4",2 DT / 2 DE / 3 LB / 2 CB / 3 S,0.1328125
2026,ADL,DEF,Same weeks as 2026,"1,2,3,4",2 DT / 3 DE / 2 LB / 3 CB / 2 S,0.1171875
2026,ADL,DEF,Same weeks as 2026,"1,2,3,4",2 DT / 2 DE / 3 LB / 3 CB / 2 S,0.1015625
2026,ADL,DEF,Same weeks as 2026,"1,2,3,4",2 DT / 3 DE / 2 LB / 2 CB / 3 S,0.0859375
2026,ADL,DEF,Same weeks as 2026,"1,2,3,4",3 DT / 2 DE / 3 LB / 2 CB / 2 S,0.0703125
2026,ADL,DEF,Same weeks as 2026,"1,2,3,4",2 DT / 2 DE / 2 LB / 3 CB / 3 S,0.0703125
2026,ADL,DEF,Same weeks as 2026,"1,2,3,4",3 DT / 3 DE / 2 LB / 2 CB / 2 S,0.0703125
2026,ADL,DEF,Same weeks as 2026,"1,2,3,4",3 DT / 2 DE / 2 LB / 3 CB / 2 S,0.0546875
2026,ADL,DEF,Same weeks as 2026,"1,2,3,4",2 DT / 2 DE / 2 LB / 4 CB / 2 S,0.046875
2026,ADL,DEF,Same weeks as 2026,"1,2,3,4",3 DT / 2 DE / 2 LB / 2 CB / 3 S,0.0390625
2026,ADL,DEF,Same weeks as 2026,"1,2,3,4",3 DT / 3 DE / 1 LB / 2 CB / 3 S,0.03125
2026,ADL,DEF,Same weeks as 2026,"1,2,3,4",2 DT / 3 DE / 1 LB / 3 CB / 3 S,0.015625
2026,ADL,DEF,Same weeks as 2026,"1,2,3,4",2 DT / 2 DE / 1 LB / 4 CB / 3 S,0.0078125
2026,ADL,DEF,Same weeks as 2026,"1,2,3,4",3 DT / 3 DE / 1 LB / 3 CB / 2 S,0.0078125
