season,week,side,method,starter_equivalents
2021,1,DEF,Season ADL/MFL ID match,384.0
2021,1,OFF,Season ADL/MFL ID match,224.0
2021,2,DEF,Season ADL/MFL ID match,384.0
2021,2,OFF,Season ADL/MFL ID match,224.0
2021,3,DEF,Season ADL/MFL ID match,384.0
2021,3,OFF,Season ADL/MFL ID match,224.0
2021,4,DEF,Season ADL/MFL ID match,384.0
2021,4,OFF,Season ADL/MFL ID match,224.0
2021,5,DEF,Season ADL/MFL ID match,384.0
2021,5,OFF,Season ADL/MFL ID match,224.0
2021,6,DEF,Season ADL/MFL ID match,336.0
2021,6,OFF,Season ADL/MFL ID match,196.0
2021,7,DEF,Season ADL/MFL ID match,312.0
2021,7,OFF,Season ADL/MFL ID match,182.0
2021,8,DEF,Season ADL/MFL ID match,359.99999999999994
2021,8,OFF,Season ADL/MFL ID match,210.0
2021,9,DEF,Season ADL/MFL ID match,336.0
2021,9,OFF,Season ADL/MFL ID match,196.0
2021,10,DEF,Season ADL/MFL ID match,336.0
2021,10,OFF,Season ADL/MFL ID match,196.0
2021,11,DEF,Season ADL/MFL ID match,360.0
2021,11,OFF,Season ADL/MFL ID match,210.0
2021,12,DEF,Season ADL/MFL ID match,360.0
2021,12,OFF,Season ADL/MFL ID match,210.0
2021,13,DEF,Season ADL/MFL ID match,336.0
2021,13,OFF,Season ADL/MFL ID match,196.0
2021,14,DEF,Season ADL/MFL ID match,336.0
2021,14,OFF,Season ADL/MFL ID match,196.0
2021,15,DEF,Season ADL/MFL ID match,384.0
2021,15,OFF,Season ADL/MFL ID match,224.0
2021,16,DEF,Season ADL/MFL ID match,384.0
2021,16,OFF,Season ADL/MFL ID match,224.0
2021,17,DEF,Season ADL/MFL ID match,384.0
2021,17,OFF,Season ADL/MFL ID match,224.0
2022,1,DEF,Season ADL/MFL ID match,384.0
2022,1,OFF,Season ADL/MFL ID match,224.0
2022,2,DEF,Season ADL/MFL ID match,384.0
2022,2,OFF,Season ADL/MFL ID match,224.0
2022,3,DEF,Season ADL/MFL ID match,384.0
2022,3,OFF,Season ADL/MFL ID match,224.0
2022,4,DEF,Season ADL/MFL ID match,383.99999999999994
2022,4,OFF,Season ADL/MFL ID match,224.0
2022,5,DEF,Season ADL/MFL ID match,384.0
2022,5,OFF,Season ADL/MFL ID match,224.0
2022,6,DEF,Season ADL/MFL ID match,336.0
2022,6,OFF,Season ADL/MFL ID match,196.0
2022,7,DEF,Season ADL/MFL ID match,336.0
2022,7,OFF,Season ADL/MFL ID match,196.0
2022,8,DEF,Season ADL/MFL ID match,360.00000000000006
2022,8,OFF,Season ADL/MFL ID match,209.99999999999997
2022,9,DEF,Season ADL/MFL ID match,312.0
2022,9,OFF,Season ADL/MFL ID match,182.0
2022,10,DEF,Season ADL/MFL ID match,336.0
2022,10,OFF,Season ADL/MFL ID match,196.0
2022,11,DEF,Season ADL/MFL ID match,336.0
2022,11,OFF,Season ADL/MFL ID match,196.0
2022,12,DEF,Season ADL/MFL ID match,383.99999999999994
2022,12,OFF,Season ADL/MFL ID match,224.0
2022,13,DEF,Season ADL/MFL ID match,360.0
2022,13,OFF,Season ADL/MFL ID match,210.0
2022,14,DEF,Season ADL/MFL ID match,312.00000000000006
2022,14,OFF,Season ADL/MFL ID match,182.0
2022,15,DEF,Season ADL/MFL ID match,384.0
2022,15,OFF,Season ADL/MFL ID match,224.0
2022,16,DEF,Season ADL/MFL ID match,383.99999999999994
2022,16,OFF,Estimated: season matched-player mode,1.0
2022,16,OFF,Season ADL/MFL ID match,223.0
2022,17,DEF,Season ADL/MFL ID match,360.0
2022,17,OFF,Season ADL/MFL ID match,210.0
2023,1,DEF,Season ADL/MFL ID match,384.0
2023,1,OFF,Season ADL/MFL ID match,224.0
2023,2,DEF,Season ADL/MFL ID match,384.0
2023,2,OFF,Season ADL/MFL ID match,224.0
2023,3,DEF,Season ADL/MFL ID match,384.0
2023,3,OFF,Season ADL/MFL ID match,224.0
2023,4,DEF,Season ADL/MFL ID match,384.0
2023,4,OFF,Season ADL/MFL ID match,224.0
2023,5,DEF,Season ADL/MFL ID match,336.0
2023,5,OFF,Season ADL/MFL ID match,196.0
2023,6,DEF,Season ADL/MFL ID match,360.0
2023,6,OFF,Season ADL/MFL ID match,210.0
2023,7,DEF,Season ADL/MFL ID match,312.0
2023,7,OFF,Season ADL/MFL ID match,182.0
2023,8,DEF,Season ADL/MFL ID match,384.0
2023,8,OFF,Season ADL/MFL ID match,224.0
2023,9,DEF,Season ADL/MFL ID match,336.0
2023,9,OFF,Season ADL/MFL ID match,196.0
2023,10,DEF,Season ADL/MFL ID match,336.0
2023,10,OFF,Season ADL/MFL ID match,196.0
2023,11,DEF,Season ADL/MFL ID match,335.99999999999994
2023,11,OFF,Season ADL/MFL ID match,196.0
2023,12,DEF,Season ADL/MFL ID match,384.0
2023,12,OFF,Season ADL/MFL ID match,224.0
2023,13,DEF,Season ADL/MFL ID match,312.0
2023,13,OFF,Season ADL/MFL ID match,182.0
2023,14,DEF,Season ADL/MFL ID match,360.0
2023,14,OFF,Season ADL/MFL ID match,210.0
2023,15,DEF,Season ADL/MFL ID match,384.00000000000006
2023,15,OFF,Season ADL/MFL ID match,224.00000000000003
2023,16,DEF,Season ADL/MFL ID match,384.0
2023,16,OFF,Season ADL/MFL ID match,224.0
2023,17,DEF,Season ADL/MFL ID match,384.0
2023,17,OFF,Season ADL/MFL ID match,224.0
2024,1,DEF,Season ADL/MFL ID match,384.0
2024,1,OFF,Season ADL/MFL ID match,224.0
2024,2,DEF,Season ADL/MFL ID match,384.0
2024,2,OFF,Season ADL/MFL ID match,223.99999999999997
2024,3,DEF,Season ADL/MFL ID match,384.0
2024,3,OFF,Season ADL/MFL ID match,224.0
2024,4,DEF,Season ADL/MFL ID match,384.0
2024,4,OFF,Season ADL/MFL ID match,224.0
2024,5,DEF,Season ADL/MFL ID match,336.0
2024,5,OFF,Season ADL/MFL ID match,196.0
2024,6,DEF,Season ADL/MFL ID match,336.0
2024,6,OFF,Season ADL/MFL ID match,196.0
2024,7,DEF,Season ADL/MFL ID match,360.0
2024,7,OFF,Season ADL/MFL ID match,210.0
2024,8,DEF,Season ADL/MFL ID match,383.99999999999994
2024,8,OFF,Season ADL/MFL ID match,224.0
2024,9,DEF,Season ADL/MFL ID match,360.0
2024,9,OFF,Season ADL/MFL ID match,210.0
2024,10,DEF,Season ADL/MFL ID match,336.0
2024,10,OFF,Season ADL/MFL ID match,196.0
2024,11,DEF,Season ADL/MFL ID match,336.0
2024,11,OFF,Season ADL/MFL ID match,196.0
2024,12,DEF,Season ADL/MFL ID match,312.0
2024,12,OFF,Season ADL/MFL ID match,182.0
2024,13,DEF,Season ADL/MFL ID match,384.0
2024,13,OFF,Season ADL/MFL ID match,224.0
2024,14,DEF,Season ADL/MFL ID match,312.0
2024,14,OFF,Season ADL/MFL ID match,182.0
2024,15,DEF,Season ADL/MFL ID match,384.00000000000006
2024,15,OFF,Season ADL/MFL ID match,224.0
2024,16,DEF,Season ADL/MFL ID match,384.0
2024,16,OFF,Season ADL/MFL ID match,224.0
2024,17,DEF,Season ADL/MFL ID match,383.99999999999994
2024,17,OFF,Season ADL/MFL ID match,224.0
2025,1,DEF,Season ADL/MFL ID match,384.0
2025,1,OFF,Season ADL/MFL ID match,224.0
2025,2,DEF,Season ADL/MFL ID match,384.00000000000006
2025,2,OFF,Season ADL/MFL ID match,224.0
2025,3,DEF,Season ADL/MFL ID match,384.0
2025,3,OFF,Season ADL/MFL ID match,224.0
2025,4,DEF,Season ADL/MFL ID match,384.0
2025,4,OFF,Season ADL/MFL ID match,224.0
2025,5,DEF,Season ADL/MFL ID match,336.0
2025,5,OFF,Season ADL/MFL ID match,196.0
2025,6,DEF,Season ADL/MFL ID match,360.0
2025,6,OFF,Season ADL/MFL ID match,210.0
2025,7,DEF,Season ADL/MFL ID match,360.0
2025,7,OFF,Season ADL/MFL ID match,210.0
2025,8,DEF,Season ADL/MFL ID match,312.0
2025,8,OFF,Season ADL/MFL ID match,182.0
2025,9,DEF,Season ADL/MFL ID match,335.99999999999994
2025,9,OFF,Season ADL/MFL ID match,196.0
2025,10,DEF,Season ADL/MFL ID match,336.0
2025,10,OFF,Season ADL/MFL ID match,196.0
2025,11,DEF,Season ADL/MFL ID match,360.0
2025,11,OFF,Season ADL/MFL ID match,210.0
2025,12,DEF,Season ADL/MFL ID match,336.0
2025,12,OFF,Season ADL/MFL ID match,196.0
2025,13,DEF,Season ADL/MFL ID match,384.0
2025,13,OFF,Season ADL/MFL ID match,223.99999999999997
2025,14,DEF,Season ADL/MFL ID match,336.0
2025,14,OFF,Season ADL/MFL ID match,196.0
2025,15,DEF,Season ADL/MFL ID match,384.0
2025,15,OFF,Season ADL/MFL ID match,224.0
2025,16,DEF,Season ADL/MFL ID match,384.0
2025,16,OFF,Season ADL/MFL ID match,224.0
2025,17,DEF,Season ADL/MFL ID match,384.0
2025,17,OFF,Season ADL/MFL ID match,224.0
2026,1,DEF,Season ADL/MFL ID match,384.0
2026,1,OFF,Season ADL/MFL ID match,224.0
2026,2,DEF,Season ADL/MFL ID match,384.0
2026,2,OFF,Estimated: season matched-player mode,1.0
2026,2,OFF,Season ADL/MFL ID match,223.0
2026,3,DEF,Season ADL/MFL ID match,384.0
2026,3,OFF,Season ADL/MFL ID match,224.0
2026,4,DEF,Season ADL/MFL ID match,384.0
2026,4,OFF,Estimated: season matched-player mode,1.0
2026,4,OFF,Season ADL/MFL ID match,222.99999999999997
