season,league,side,window,weeks,position,mean_starters,teams,lineups
2021,NFL,OFF,Available weeks,"1,2,3,4,5,6,7,8,9,10,11,12,13,14,15,16,17",QB,1.0,32,512
2021,NFL,OFF,Available weeks,"1,2,3,4,5,6,7,8,9,10,11,12,13,14,15,16,17",RB,1.2809244791666665,32,512
2021,NFL,OFF,Available weeks,"1,2,3,4,5,6,7,8,9,10,11,12,13,14,15,16,17",WR,3.109049479166667,32,512
2021,NFL,OFF,Available weeks,"1,2,3,4,5,6,7,8,9,10,11,12,13,14,15,16,17",TE,1.6100260416666665,32,512
2021,NFL,OFF,Same weeks as 2026,"1,2,3,4",QB,1.0,32,128
2021,NFL,OFF,Same weeks as 2026,"1,2,3,4",RB,1.2734375,32,128
2021,NFL,OFF,Same weeks as 2026,"1,2,3,4",WR,3.0546875,32,128
2021,NFL,OFF,Same weeks as 2026,"1,2,3,4",TE,1.671875,32,128
2021,NFL,DEF,Available weeks,"1,2,3,4,5,6,7,8,9,10,11,12,13,14,15,16,17",DT,2.577473958333333,32,512
2021,NFL,DEF,Available weeks,"1,2,3,4,5,6,7,8,9,10,11,12,13,14,15,16,17",DE,2.299479166666667,32,512
2021,NFL,DEF,Available weeks,"1,2,3,4,5,6,7,8,9,10,11,12,13,14,15,16,17",LB,2.0198567708333335,32,512
2021,NFL,DEF,Available weeks,"1,2,3,4,5,6,7,8,9,10,11,12,13,14,15,16,17",CB,2.8704427083333335,32,512
2021,NFL,DEF,Available weeks,"1,2,3,4,5,6,7,8,9,10,11,12,13,14,15,16,17",S,2.2327473958333335,32,512
2021,NFL,DEF,Same weeks as 2026,"1,2,3,4",DT,2.583333333333333,32,128
2021,NFL,DEF,Same weeks as 2026,"1,2,3,4",DE,2.296875,32,128
2021,NFL,DEF,Same weeks as 2026,"1,2,3,4",LB,2.071614583333333,32,128
2021,NFL,DEF,Same weeks as 2026,"1,2,3,4",CB,2.8450520833333335,32,128
2021,NFL,DEF,Same weeks as 2026,"1,2,3,4",S,2.203125,32,128
2021,ADL,OFF,Available weeks,"1,2,3,4,5,6,7,8,9,10,11,12,13,14,15,16,17",QB,0.9999999999999978,32,535
2021,ADL,OFF,Available weeks,"1,2,3,4,5,6,7,8,9,10,11,12,13,14,15,16,17",RB,1.6322905724789938,32,535
2021,ADL,OFF,Available weeks,"1,2,3,4,5,6,7,8,9,10,11,12,13,14,15,16,17",WR,3.2880908613445223,32,535
2021,ADL,OFF,Available weeks,"1,2,3,4,5,6,7,8,9,10,11,12,13,14,15,16,17",TE,1.0796185661764708,32,535
2021,ADL,OFF,Same weeks as 2026,"1,2,3,4",QB,1.0,32,128
2021,ADL,OFF,Same weeks as 2026,"1,2,3,4",RB,1.640625,32,128
2021,ADL,OFF,Same weeks as 2026,"1,2,3,4",WR,3.28125,32,128
2021,ADL,OFF,Same weeks as 2026,"1,2,3,4",TE,1.078125,32,128
2021,ADL,DEF,Available weeks,"1,2,3,4,5,6,7,8,9,10,11,12,13,14,15,16,17",DT,2.378387773378591,32,533
2021,ADL,DEF,Available weeks,"1,2,3,4,5,6,7,8,9,10,11,12,13,14,15,16,17",DE,2.4047835360105694,32,533
2021,ADL,DEF,Available weeks,"1,2,3,4,5,6,7,8,9,10,11,12,13,14,15,16,17",LB,2.4637467006033305,32,533
2021,ADL,DEF,Available weeks,"1,2,3,4,5,6,7,8,9,10,11,12,13,14,15,16,17",CB,2.298971884426854,32,533
2021,ADL,DEF,Available weeks,"1,2,3,4,5,6,7,8,9,10,11,12,13,14,15,16,17",S,2.454110105580698,32,533
2021,ADL,DEF,Same weeks as 2026,"1,2,3,4",DT,2.3359375,32,128
2021,ADL,DEF,Same weeks as 2026,"1,2,3,4",DE,2.375,32,128
2021,ADL,DEF,Same weeks as 2026,"1,2,3,4",LB,2.53125,32,128
2021,ADL,DEF,Same weeks as 2026,"1,2,3,4",CB,2.2578125,32,128
2021,ADL,DEF,Same weeks as 2026,"1,2,3,4",S,2.5,32,128
2022,NFL,OFF,Available weeks,"1,2,3,4,5,6,7,8,9,10,11,12,13,14,15,16,17",QB,0.9999999999999998,32,510
2022,NFL,OFF,Available weeks,"1,2,3,4,5,6,7,8,9,10,11,12,13,14,15,16,17",RB,1.3850911458333348,32,510
2022,NFL,OFF,Available weeks,"1,2,3,4,5,6,7,8,9,10,11,12,13,14,15,16,17",WR,2.977734375000001,32,510
2022,NFL,OFF,Available weeks,"1,2,3,4,5,6,7,8,9,10,11,12,13,14,15,16,17",TE,1.6371744791666665,32,510
2022,NFL,OFF,Same weeks as 2026,"1,2,3,4",QB,1.0,32,128
2022,NFL,OFF,Same weeks as 2026,"1,2,3,4",RB,1.4192708333333335,32,128
2022,NFL,OFF,Same weeks as 2026,"1,2,3,4",WR,2.96484375,32,128
2022,NFL,OFF,Same weeks as 2026,"1,2,3,4",TE,1.6158854166666665,32,128
2022,NFL,DEF,Available weeks,"1,2,3,4,5,6,7,8,9,10,11,12,13,14,15,16,17",DT,2.451302083333335,32,510
2022,NFL,DEF,Available weeks,"1,2,3,4,5,6,7,8,9,10,11,12,13,14,15,16,17",DE,2.317057291666667,32,510
2022,NFL,DEF,Available weeks,"1,2,3,4,5,6,7,8,9,10,11,12,13,14,15,16,17",LB,2.1548828124999995,32,510
2022,NFL,DEF,Available weeks,"1,2,3,4,5,6,7,8,9,10,11,12,13,14,15,16,17",CB,2.860937500000001,32,510
2022,NFL,DEF,Available weeks,"1,2,3,4,5,6,7,8,9,10,11,12,13,14,15,16,17",S,2.215820312499999,32,510
2022,NFL,DEF,Same weeks as 2026,"1,2,3,4",DT,2.549479166666667,32,128
2022,NFL,DEF,Same weeks as 2026,"1,2,3,4",DE,2.2890625,32,128
2022,NFL,DEF,Same weeks as 2026,"1,2,3,4",LB,2.1354166666666665,32,128
2022,NFL,DEF,Same weeks as 2026,"1,2,3,4",CB,2.84765625,32,128
2022,NFL,DEF,Same weeks as 2026,"1,2,3,4",S,2.1783854166666665,32,128
2022,ADL,OFF,Available weeks,"1,2,3,4,5,6,7,8,9,10,11,12,13,14,15,16,17",QB,0.9999999999999967,32,544
2022,ADL,OFF,Available weeks,"1,2,3,4,5,6,7,8,9,10,11,12,13,14,15,16,17",RB,1.7389705882352946,32,544
2022,ADL,OFF,Available weeks,"1,2,3,4,5,6,7,8,9,10,11,12,13,14,15,16,17",WR,3.156249999999986,32,544
2022,ADL,OFF,Available weeks,"1,2,3,4,5,6,7,8,9,10,11,12,13,14,15,16,17",TE,1.1047794117647078,32,544
2022,ADL,OFF,Same weeks as 2026,"1,2,3,4",QB,1.0,32,128
2022,ADL,OFF,Same weeks as 2026,"1,2,3,4",RB,1.7734375,32,128
2022,ADL,OFF,Same weeks as 2026,"1,2,3,4",WR,3.1953125,32,128
2022,ADL,OFF,Same weeks as 2026,"1,2,3,4",TE,1.03125,32,128
2022,ADL,DEF,Available weeks,"1,2,3,4,5,6,7,8,9,10,11,12,13,14,15,16,17",DT,2.3292031957013664,32,537
2022,ADL,DEF,Available weeks,"1,2,3,4,5,6,7,8,9,10,11,12,13,14,15,16,17",DE,2.5045955882352975,32,537
2022,ADL,DEF,Available weeks,"1,2,3,4,5,6,7,8,9,10,11,12,13,14,15,16,17",LB,2.534237132352946,32,537
2022,ADL,DEF,Available weeks,"1,2,3,4,5,6,7,8,9,10,11,12,13,14,15,16,17",CB,2.2887178308823617,32,537
2022,ADL,DEF,Available weeks,"1,2,3,4,5,6,7,8,9,10,11,12,13,14,15,16,17",S,2.343246252828065,32,537
2022,ADL,DEF,Same weeks as 2026,"1,2,3,4",DT,2.2890625,32,128
2022,ADL,DEF,Same weeks as 2026,"1,2,3,4",DE,2.5078125,32,128
2022,ADL,DEF,Same weeks as 2026,"1,2,3,4",LB,2.5546875,32,128
2022,ADL,DEF,Same weeks as 2026,"1,2,3,4",CB,2.28125,32,128
2022,ADL,DEF,Same weeks as 2026,"1,2,3,4",S,2.3671875,32,128
2023,NFL,OFF,Available weeks,"1,2,3,4,5,6,7,8,9,10,11,12,13,14,15,16,17",QB,0.9999999999999999,32,512
2023,NFL,OFF,Available weeks,"1,2,3,4,5,6,7,8,9,10,11,12,13,14,15,16,17",RB,1.334309895833333,32,512
2023,NFL,OFF,Available weeks,"1,2,3,4,5,6,7,8,9,10,11,12,13,14,15,16,17",WR,3.079752604166667,32,512
2023,NFL,OFF,Available weeks,"1,2,3,4,5,6,7,8,9,10,11,12,13,14,15,16,17",TE,1.5859375,32,512
2023,NFL,OFF,Same weeks as 2026,"1,2,3,4",QB,1.0,32,128
2023,NFL,OFF,Same weeks as 2026,"1,2,3,4",RB,1.32421875,32,128
2023,NFL,OFF,Same weeks as 2026,"1,2,3,4",WR,3.0703125,32,128
2023,NFL,OFF,Same weeks as 2026,"1,2,3,4",TE,1.60546875,32,128
2023,NFL,DEF,Available weeks,"1,2,3,4,5,6,7,8,9,10,11,12,13,14,15,16,17",DT,2.4619140624999996,32,512
2023,NFL,DEF,Available weeks,"1,2,3,4,5,6,7,8,9,10,11,12,13,14,15,16,17",DE,2.3665364583333335,32,512
2023,NFL,DEF,Available weeks,"1,2,3,4,5,6,7,8,9,10,11,12,13,14,15,16,17",LB,2.038411458333333,32,512
2023,NFL,DEF,Available weeks,"1,2,3,4,5,6,7,8,9,10,11,12,13,14,15,16,17",CB,2.899739583333333,32,512
2023,NFL,DEF,Available weeks,"1,2,3,4,5,6,7,8,9,10,11,12,13,14,15,16,17",S,2.2333984375,32,512
2023,NFL,DEF,Same weeks as 2026,"1,2,3,4",DT,2.4375,32,128
2023,NFL,DEF,Same weeks as 2026,"1,2,3,4",DE,2.37109375,32,128
2023,NFL,DEF,Same weeks as 2026,"1,2,3,4",LB,2.1015625,32,128
2023,NFL,DEF,Same weeks as 2026,"1,2,3,4",CB,2.87109375,32,128
2023,NFL,DEF,Same weeks as 2026,"1,2,3,4",S,2.21875,32,128
2023,ADL,OFF,Available weeks,"1,2,3,4,5,6,7,8,9,10,11,12,13,14,15,16,17",QB,0.9999999999999967,32,544
2023,ADL,OFF,Available weeks,"1,2,3,4,5,6,7,8,9,10,11,12,13,14,15,16,17",RB,1.6544117647058827,32,544
2023,ADL,OFF,Available weeks,"1,2,3,4,5,6,7,8,9,10,11,12,13,14,15,16,17",WR,3.2444852941176365,32,544
2023,ADL,OFF,Available weeks,"1,2,3,4,5,6,7,8,9,10,11,12,13,14,15,16,17",TE,1.1011029411764723,32,544
2023,ADL,OFF,Same weeks as 2026,"1,2,3,4",QB,1.0,32,128
2023,ADL,OFF,Same weeks as 2026,"1,2,3,4",RB,1.671875,32,128
2023,ADL,OFF,Same weeks as 2026,"1,2,3,4",WR,3.25,32,128
2023,ADL,OFF,Same weeks as 2026,"1,2,3,4",TE,1.078125,32,128
2023,ADL,DEF,Available weeks,"1,2,3,4,5,6,7,8,9,10,11,12,13,14,15,16,17",DT,2.3606387867647127,32,540
2023,ADL,DEF,Available weeks,"1,2,3,4,5,6,7,8,9,10,11,12,13,14,15,16,17",DE,2.6338465073529505,32,540
2023,ADL,DEF,Available weeks,"1,2,3,4,5,6,7,8,9,10,11,12,13,14,15,16,17",LB,2.379136029411771,32,540
2023,ADL,DEF,Available weeks,"1,2,3,4,5,6,7,8,9,10,11,12,13,14,15,16,17",CB,2.230813419117654,32,540
2023,ADL,DEF,Available weeks,"1,2,3,4,5,6,7,8,9,10,11,12,13,14,15,16,17",S,2.39556525735295,32,540
2023,ADL,DEF,Same weeks as 2026,"1,2,3,4",DT,2.28125,32,128
2023,ADL,DEF,Same weeks as 2026,"1,2,3,4",DE,2.625,32,128
2023,ADL,DEF,Same weeks as 2026,"1,2,3,4",LB,2.4921875,32,128
2023,ADL,DEF,Same weeks as 2026,"1,2,3,4",CB,2.125,32,128
2023,ADL,DEF,Same weeks as 2026,"1,2,3,4",S,2.4765625,32,128
2024,NFL,OFF,Available weeks,"1,2,3,4,5,6,7,8,9,10,11,12,13,14,15,16,17",QB,1.0,32,512
2024,NFL,OFF,Available weeks,"1,2,3,4,5,6,7,8,9,10,11,12,13,14,15,16,17",RB,1.2509765625,32,512
2024,NFL,OFF,Available weeks,"1,2,3,4,5,6,7,8,9,10,11,12,13,14,15,16,17",WR,3.0455729166666665,32,512
2024,NFL,OFF,Available weeks,"1,2,3,4,5,6,7,8,9,10,11,12,13,14,15,16,17",TE,1.7034505208333335,32,512
2024,NFL,OFF,Same weeks as 2026,"1,2,3,4",QB,1.0,32,128
2024,NFL,OFF,Same weeks as 2026,"1,2,3,4",RB,1.2903645833333333,32,128
2024,NFL,OFF,Same weeks as 2026,"1,2,3,4",WR,3.009114583333333,32,128
2024,NFL,OFF,Same weeks as 2026,"1,2,3,4",TE,1.7005208333333335,32,128
2024,NFL,DEF,Available weeks,"1,2,3,4,5,6,7,8,9,10,11,12,13,14,15,16,17",DT,2.424479166666667,32,512
2024,NFL,DEF,Available weeks,"1,2,3,4,5,6,7,8,9,10,11,12,13,14,15,16,17",DE,2.38232421875,32,512
2024,NFL,DEF,Available weeks,"1,2,3,4,5,6,7,8,9,10,11,12,13,14,15,16,17",LB,2.0799153645833326,32,512
2024,NFL,DEF,Available weeks,"1,2,3,4,5,6,7,8,9,10,11,12,13,14,15,16,17",CB,2.893880208333334,32,512
2024,NFL,DEF,Available weeks,"1,2,3,4,5,6,7,8,9,10,11,12,13,14,15,16,17",S,2.219401041666667,32,512
2024,NFL,DEF,Same weeks as 2026,"1,2,3,4",DT,2.4414062499999996,32,128
2024,NFL,DEF,Same weeks as 2026,"1,2,3,4",DE,2.34375,32,128
2024,NFL,DEF,Same weeks as 2026,"1,2,3,4",LB,2.109375,32,128
2024,NFL,DEF,Same weeks as 2026,"1,2,3,4",CB,2.9062499999999996,32,128
2024,NFL,DEF,Same weeks as 2026,"1,2,3,4",S,2.1992187500000004,32,128
2024,ADL,OFF,Available weeks,"1,2,3,4,5,6,7,8,9,10,11,12,13,14,15,16,17",QB,0.9999999999999967,32,543
2024,ADL,OFF,Available weeks,"1,2,3,4,5,6,7,8,9,10,11,12,13,14,15,16,17",RB,1.6985294117647078,32,543
2024,ADL,OFF,Available weeks,"1,2,3,4,5,6,7,8,9,10,11,12,13,14,15,16,17",WR,3.2040441176470478,32,543
2024,ADL,OFF,Available weeks,"1,2,3,4,5,6,7,8,9,10,11,12,13,14,15,16,17",TE,1.0974264705882366,32,543
2024,ADL,OFF,Same weeks as 2026,"1,2,3,4",QB,1.0,32,128
2024,ADL,OFF,Same weeks as 2026,"1,2,3,4",RB,1.7265625,32,128
2024,ADL,OFF,Same weeks as 2026,"1,2,3,4",WR,3.1875,32,128
2024,ADL,OFF,Same weeks as 2026,"1,2,3,4",TE,1.0859375,32,128
2024,ADL,DEF,Available weeks,"1,2,3,4,5,6,7,8,9,10,11,12,13,14,15,16,17",DT,2.360179227941187,32,539
2024,ADL,DEF,Available weeks,"1,2,3,4,5,6,7,8,9,10,11,12,13,14,15,16,17",DE,2.477251838235306,32,539
2024,ADL,DEF,Available weeks,"1,2,3,4,5,6,7,8,9,10,11,12,13,14,15,16,17",LB,2.488932291666672,32,539
2024,ADL,DEF,Available weeks,"1,2,3,4,5,6,7,8,9,10,11,12,13,14,15,16,17",CB,2.279128370098045,32,539
2024,ADL,DEF,Available weeks,"1,2,3,4,5,6,7,8,9,10,11,12,13,14,15,16,17",S,2.394508272058835,32,539
2024,ADL,DEF,Same weeks as 2026,"1,2,3,4",DT,2.3359375,32,128
2024,ADL,DEF,Same weeks as 2026,"1,2,3,4",DE,2.5078125,32,128
2024,ADL,DEF,Same weeks as 2026,"1,2,3,4",LB,2.5625,32,128
2024,ADL,DEF,Same weeks as 2026,"1,2,3,4",CB,2.1953125,32,128
2024,ADL,DEF,Same weeks as 2026,"1,2,3,4",S,2.3984375,32,128
2025,NFL,OFF,Available weeks,"1,2,3,4,5,6,7,8,9,10,11,12,13,14,15,16,17",QB,1.0,32,512
2025,NFL,OFF,Available weeks,"1,2,3,4,5,6,7,8,9,10,11,12,13,14,15,16,17",RB,1.2236328125,32,512
2025,NFL,OFF,Available weeks,"1,2,3,4,5,6,7,8,9,10,11,12,13,14,15,16,17",WR,3.017252604166667,32,512
2025,NFL,OFF,Available weeks,"1,2,3,4,5,6,7,8,9,10,11,12,13,14,15,16,17",TE,1.7591145833333333,32,512
2025,NFL,OFF,Same weeks as 2026,"1,2,3,4",QB,1.0,32,128
2025,NFL,OFF,Same weeks as 2026,"1,2,3,4",RB,1.1796875,32,128
2025,NFL,OFF,Same weeks as 2026,"1,2,3,4",WR,3.0703125,32,128
2025,NFL,OFF,Same weeks as 2026,"1,2,3,4",TE,1.75,32,128
2025,NFL,DEF,Available weeks,"1,2,3,4,5,6,7,8,9,10,11,12,13,14,15,16,17",DT,2.439095052083333,32,512
2025,NFL,DEF,Available weeks,"1,2,3,4,5,6,7,8,9,10,11,12,13,14,15,16,17",DE,2.3817708333333334,32,512
2025,NFL,DEF,Available weeks,"1,2,3,4,5,6,7,8,9,10,11,12,13,14,15,16,17",LB,2.1339518229166665,32,512
2025,NFL,DEF,Available weeks,"1,2,3,4,5,6,7,8,9,10,11,12,13,14,15,16,17",CB,2.789322916666667,32,512
2025,NFL,DEF,Available weeks,"1,2,3,4,5,6,7,8,9,10,11,12,13,14,15,16,17",S,2.255859375000001,32,512
2025,NFL,DEF,Same weeks as 2026,"1,2,3,4",DT,2.4713541666666665,32,128
2025,NFL,DEF,Same weeks as 2026,"1,2,3,4",DE,2.4127604166666665,32,128
2025,NFL,DEF,Same weeks as 2026,"1,2,3,4",LB,2.102864583333333,32,128
2025,NFL,DEF,Same weeks as 2026,"1,2,3,4",CB,2.7578125,32,128
2025,NFL,DEF,Same weeks as 2026,"1,2,3,4",S,2.255208333333333,32,128
2025,ADL,OFF,Available weeks,"1,2,3,4,5,6,7,8,9,10,11,12,13,14,15,16,17",QB,0.999999999999997,32,540
2025,ADL,OFF,Available weeks,"1,2,3,4,5,6,7,8,9,10,11,12,13,14,15,16,17",RB,1.7281873686974794,32,540
2025,ADL,OFF,Available weeks,"1,2,3,4,5,6,7,8,9,10,11,12,13,14,15,16,17",WR,3.1477481617647016,32,540
2025,ADL,OFF,Available weeks,"1,2,3,4,5,6,7,8,9,10,11,12,13,14,15,16,17",TE,1.1240644695378168,32,540
2025,ADL,OFF,Same weeks as 2026,"1,2,3,4",QB,1.0,32,128
2025,ADL,OFF,Same weeks as 2026,"1,2,3,4",RB,1.7421875,32,128
2025,ADL,OFF,Same weeks as 2026,"1,2,3,4",WR,3.1875,32,128
2025,ADL,OFF,Same weeks as 2026,"1,2,3,4",TE,1.0703125,32,128
2025,ADL,DEF,Available weeks,"1,2,3,4,5,6,7,8,9,10,11,12,13,14,15,16,17",DT,2.3879954986802563,32,536
2025,ADL,DEF,Available weeks,"1,2,3,4,5,6,7,8,9,10,11,12,13,14,15,16,17",DE,2.4869632588612465,32,536
2025,ADL,DEF,Available weeks,"1,2,3,4,5,6,7,8,9,10,11,12,13,14,15,16,17",LB,2.415015789969837,32,536
2025,ADL,DEF,Available weeks,"1,2,3,4,5,6,7,8,9,10,11,12,13,14,15,16,17",CB,2.3508107088989547,32,536
2025,ADL,DEF,Available weeks,"1,2,3,4,5,6,7,8,9,10,11,12,13,14,15,16,17",S,2.3592147435897566,32,536
2025,ADL,DEF,Same weeks as 2026,"1,2,3,4",DT,2.34375,32,128
2025,ADL,DEF,Same weeks as 2026,"1,2,3,4",DE,2.5234375,32,128
2025,ADL,DEF,Same weeks as 2026,"1,2,3,4",LB,2.5078125,32,128
2025,ADL,DEF,Same weeks as 2026,"1,2,3,4",CB,2.234375,32,128
2025,ADL,DEF,Same weeks as 2026,"1,2,3,4",S,2.390625,32,128
2026,NFL,OFF,Available weeks,"1,2,3,4",QB,0.9999999999999999,32,128
2026,NFL,OFF,Available weeks,"1,2,3,4",RB,1.2708333333333335,32,128
2026,NFL,OFF,Available weeks,"1,2,3,4",WR,2.958333333333333,32,128
2026,NFL,OFF,Available weeks,"1,2,3,4",TE,1.7708333333333333,32,128
2026,NFL,OFF,Same weeks as 2026,"1,2,3,4",QB,0.9999999999999999,32,128
2026,NFL,OFF,Same weeks as 2026,"1,2,3,4",RB,1.2708333333333335,32,128
2026,NFL,OFF,Same weeks as 2026,"1,2,3,4",WR,2.958333333333333,32,128
2026,NFL,OFF,Same weeks as 2026,"1,2,3,4",TE,1.7708333333333333,32,128
2026,NFL,DEF,Available weeks,"1,2,3,4",DT,2.505208333333333,32,128
2026,NFL,DEF,Available weeks,"1,2,3,4",DE,2.4466145833333335,32,128
2026,NFL,DEF,Available weeks,"1,2,3,4",LB,2.096354166666667,32,128
2026,NFL,DEF,Available weeks,"1,2,3,4",CB,2.6432291666666665,32,128
2026,NFL,DEF,Available weeks,"1,2,3,4",S,2.30859375,32,128
2026,NFL,DEF,Same weeks as 2026,"1,2,3,4",DT,2.505208333333333,32,128
2026,NFL,DEF,Same weeks as 2026,"1,2,3,4",DE,2.4466145833333335,32,128
2026,NFL,DEF,Same weeks as 2026,"1,2,3,4",LB,2.096354166666667,32,128
2026,NFL,DEF,Same weeks as 2026,"1,2,3,4",CB,2.6432291666666665,32,128
2026,NFL,DEF,Same weeks as 2026,"1,2,3,4",S,2.30859375,32,128
2026,ADL,OFF,Available weeks,"1,2,3,4",QB,1.0,32,128
2026,ADL,OFF,Available weeks,"1,2,3,4",RB,1.7578125,32,128
2026,ADL,OFF,Available weeks,"1,2,3,4",WR,3.078125,32,128
2026,ADL,OFF,Available weeks,"1,2,3,4",TE,1.1640625,32,128
2026,ADL,OFF,Same weeks as 2026,"1,2,3,4",QB,1.0,32,128
2026,ADL,OFF,Same weeks as 2026,"1,2,3,4",RB,1.7578125,32,128
2026,ADL,OFF,Same weeks as 2026,"1,2,3,4",WR,3.078125,32,128
2026,ADL,OFF,Same weeks as 2026,"1,2,3,4",TE,1.1640625,32,128
2026,ADL,DEF,Available weeks,"1,2,3,4",DT,2.2734375,32,128
2026,ADL,DEF,Available weeks,"1,2,3,4",DE,2.4765625,32,128
2026,ADL,DEF,Available weeks,"1,2,3,4",LB,2.390625,32,128
2026,ADL,DEF,Available weeks,"1,2,3,4",CB,2.4765625,32,128
2026,ADL,DEF,Available weeks,"1,2,3,4",S,2.3828125,32,128
2026,ADL,DEF,Same weeks as 2026,"1,2,3,4",DT,2.2734375,32,128
2026,ADL,DEF,Same weeks as 2026,"1,2,3,4",DE,2.4765625,32,128
2026,ADL,DEF,Same weeks as 2026,"1,2,3,4",LB,2.390625,32,128
2026,ADL,DEF,Same weeks as 2026,"1,2,3,4",CB,2.4765625,32,128
2026,ADL,DEF,Same weeks as 2026,"1,2,3,4",S,2.3828125,32,128
