season,week,conference,franchise,franchise_name,submission_status,submitted_at,source_url,source_note,source_excerpt
2026,4,AFC,BAL,Baltimore Ravens,submitted,2026-10-01 04:15:18 EDT,https://www46.myfantasyleague.com/2026/options?L=60206&O=06&W=4,MFL shows a submitted lineup stamp.,"Baltimore Ravens Week 4 lineup
Starters	Opponent	Proj Pts	
Brissett, Jacoby ARI QB	at Giants Sun 1:00 p.m. ET	26.1
Walker III, Kenneth KCC RB	at Raiders Sun 4:25 p.m. ET	11.2
Addison, Jordan MIN WR	vs Dolphins Sun 4:05 p.m. ET	7.1
Downs, Josh IND WR	at Commanders Sun 9:30 a.m. ET	8.4
Pickens, George DAL WR	at Texans Sun 1:00 p.m. ET	9.3
Samuel, Deebo SFO WR	vs Broncos Sun 4:25 p.m. ET	9.3
Kelce, Travis KCC TE	at Raiders Sun 4:25 p.m. ET	8.0
McPherson, Evan CIN PK	vs Jaguars Sun 1:00 p.m. ET	0.9
"
2026,4,AFC,BUF,Buffalo Bills,submitted,2026-09-30 11:21:30 EDT,https://www46.myfantasyleague.com/2026/options?L=60206&O=06&W=4,MFL shows a submitted lineup stamp.,"Buffalo Bills Week 4 lineup
Starters	Opponent	Proj Pts	
Burrow, Joe CIN QB	vs Jaguars Sun 1:00 p.m. ET	29.6
Gibbs, Jahmyr DET RB	at Panthers Sun 8:20 p.m. ET	19.0
Jeanty, Ashton LVR RB	vs Chiefs Sun 4:25 p.m. ET	7.0
Egbuka, Emeka TBB WR	vs Packers Sun 1:00 p.m. ET	7.6
McLaurin, Terry WAS WR	vs Colts Sun 9:30 a.m. ET	9.7
Washington, Parker JAC WR	at Bengals Sun 1:00 p.m. ET	11.3
Bowers, Brock LVR TE	vs Chiefs Sun 4:25 p.m. ET	8.2
Reichard, Will MIN PK	vs Dolphins Sun 4:05 p.m. ET	0.8
Eckley, Ryan"
2026,4,AFC,CIN,Cincinnati Bengals,submitted,2026-10-01 01:16:30 EDT,https://www46.myfantasyleague.com/2026/options?L=60206&O=06&W=4,MFL shows a submitted lineup stamp.,"Cincinnati Bengals Week 4 lineup
Starters	Opponent	Proj Pts	
Willis, Malik MIA QB	at Vikings Sun 4:05 p.m. ET	18.8
Judkins, Quinshon CLE RB	vs Steelers Thu 8:15 p.m. ET	5.1
Price, Jadarian SEA RB (R) (Q)	vs Chargers Sun 4:25 p.m. ET	6.6
Evans, Mike SFO WR (Q)	vs Broncos Sun 4:25 p.m. ET	6.0
Meyers, Jakobi JAC WR (Q)	at Bengals Sun 1:00 p.m. ET	6.2
Moore, D.J. BUF WR (Q)	vs Patriots Sun 1:00 p.m. ET	8.2
Johnson, Juwan NOS TE	vs Falcons Mon 8:15 p.m. ET	8.0
Pineiro, Eddy SFO PK	vs Broncos Sun 4:25"
2026,4,AFC,CLE,Cleveland Browns,submitted,2026-10-01 10:34:40 EDT,https://www46.myfantasyleague.com/2026/options?L=60206&O=06&W=4,MFL shows a submitted lineup stamp.,"Cleveland Browns Week 4 lineup
Starters	Opponent	Proj Pts	
Rodgers, Aaron PIT QB	at Browns Thu 8:15 p.m. ET	23.0
Williams, Kyren LAR RB	at Eagles Sun 1:00 p.m. ET	12.2
Coker, Jalen CAR WR (Q)	vs Lions Sun 8:20 p.m. ET	9.9
Douglas, Demario NEP WR	at Bills Sun 1:00 p.m. ET	3.3
Olave, Chris NOS WR	vs Falcons Mon 8:15 p.m. ET	13.8
Robinson, Wan'Dale TEN WR	at Ravens Sun 1:00 p.m. ET	4.7
Waller, Darren CAR TE	vs Lions Sun 8:20 p.m. ET	5.6
Boswell, Chris PIT PK	at Browns Thu 8:15 p.m. ET	
Dickson, Mic"
2026,4,AFC,DEN,Denver Broncos,submitted,2026-09-30 06:55:07 EDT,https://www46.myfantasyleague.com/2026/options?L=60206&O=06&W=4,MFL shows a submitted lineup stamp.,"Denver Broncos Week 4 lineup
Starters	Opponent	Proj Pts	
Lawrence, Trevor JAC QB	at Bengals Sun 1:00 p.m. ET	30.5
Croskey-Merritt, Jacory WAS RB	vs Colts Sun 9:30 a.m. ET	5.6
Love, Jeremiyah ARI RB (R)	at Giants Sun 1:00 p.m. ET	9.0
Higgins, Tee CIN WR	vs Jaguars Sun 1:00 p.m. ET	10.2
McMillan, Tetairoa CAR WR	vs Lions Sun 8:20 p.m. ET	8.8
Hockenson, T.J. MIN TE	vs Dolphins Sun 4:05 p.m. ET	4.1
LaPorta, Sam DET TE	at Panthers Sun 8:20 p.m. ET	6.9
Smack, Trey GBP PK (R)	at Buccaneers Sun 1:00 p.m"
2026,4,AFC,HOU,Houston Texans,submitted,2026-09-27 11:35:13 EDT,https://www46.myfantasyleague.com/2026/options?L=60206&O=06&W=4,MFL shows a submitted lineup stamp.,"Houston Texans Week 4 lineup
Starters	Opponent	Proj Pts	
Purdy, Brock SFO QB	vs Broncos Sun 4:25 p.m. ET	33.2
McCaffrey, Christian SFO RB	vs Broncos Sun 4:25 p.m. ET	12.5
Skattebo, Cam NYG RB	vs Cardinals Sun 1:00 p.m. ET	9.9
Hollins, Mack NEP WR	at Bills Sun 1:00 p.m. ET	6.4
Lamb, CeeDee DAL WR	at Texans Sun 1:00 p.m. ET	13.2
Gesicki, Mike CIN TE	vs Jaguars Sun 1:00 p.m. ET	5.2
Kincaid, Dalton BUF TE	vs Patriots Sun 1:00 p.m. ET	8.1
Loop, Tyler BAL PK	vs Titans Sun 1:00 p.m. ET	0.7
Dixon, Riley"
2026,4,AFC,IND,Indianapolis Colts,submitted,2026-09-29 07:38:32 EDT,https://www46.myfantasyleague.com/2026/options?L=60206&O=06&W=4,MFL shows a submitted lineup stamp.,"Indianapolis Colts Week 4 lineup
Starters	Opponent	Proj Pts	
Jackson, Lamar BAL QB	vs Titans Sun 1:00 p.m. ET	34.0
Monangai, Kyle CHI RB	vs Jets Sun 1:00 p.m. ET	7.9
Montgomery, David HOU RB	vs Cowboys Sun 1:00 p.m. ET	7.4
Burden, Luther CHI WR	vs Jets Sun 1:00 p.m. ET	7.8
Rice, Rashee KCC WR	at Raiders Sun 4:25 p.m. ET	8.5
Williams, Jameson DET WR	at Panthers Sun 8:20 p.m. ET	8.0
Barner, AJ SEA TE	vs Chargers Sun 4:25 p.m. ET	6.1
Myers, Jason SEA PK	vs Chargers Sun 4:25 p.m. ET	1.2
Rehkow, Ryan"
2026,4,AFC,JAC,Jacksonville Jaguars,submitted,2026-09-30 11:58:25 EDT,https://www46.myfantasyleague.com/2026/options?L=60206&O=06&W=4,MFL shows a submitted lineup stamp.,"Jacksonville Jaguars Week 4 lineup
Starters	Opponent	Proj Pts	
Allen, Josh BUF QB	vs Patriots Sun 1:00 p.m. ET	31.0
Barkley, Saquon PHI RB	vs Rams Sun 1:00 p.m. ET	10.9
Warren, Jaylen PIT RB	at Browns Thu 8:15 p.m. ET	10.5
Diggs, Stefon WAS WR	vs Colts Sun 9:30 a.m. ET	8.4
Golden, Matthew GBP WR	at Buccaneers Sun 1:00 p.m. ET	7.7
Smith, DeVonta PHI WR (Q)	vs Rams Sun 1:00 p.m. ET	10.9
Kraft, Tucker GBP TE	at Buccaneers Sun 1:00 p.m. ET	5.6
Little, Cam JAC PK	at Bengals Sun 1:00 p.m. ET	0.5
Mann,"
2026,4,AFC,KCC,Kansas City Chiefs,submitted,2026-09-30 03:05:22 EDT,https://www46.myfantasyleague.com/2026/options?L=60206&O=06&W=4,MFL shows a submitted lineup stamp.,"Kansas City Chiefs Week 4 lineup
Starters	Opponent	Proj Pts	
Mahomes, Patrick KCC QB	at Raiders Sun 4:25 p.m. ET	34.0
Harvey, RJ DEN RB	at 49ers Sun 4:25 p.m. ET	5.4
Chase, Ja'Marr CIN WR	vs Jaguars Sun 1:00 p.m. ET	12.1
Concepcion, KC CLE WR (R)	vs Steelers Thu 8:15 p.m. ET	1.5
Jefferson, Justin MIN WR (Q)	vs Dolphins Sun 4:05 p.m. ET	9.0
Odunze, Rome CHI WR	vs Jets Sun 1:00 p.m. ET	7.9
Fannin, Harold CLE TE	vs Steelers Thu 8:15 p.m. ET	6.2
Shrader, Spencer IND PK	at Commanders Sun 9:30 a.m. ET"
2026,4,AFC,LAC,Los Angeles Chargers,submitted,2026-09-30 07:06:45 EDT,https://www46.myfantasyleague.com/2026/options?L=60206&O=06&W=4,MFL shows a submitted lineup stamp.,"Los Angeles Chargers Week 4 lineup
Starters	Opponent	Proj Pts	
Cousins, Kirk LVR QB	vs Chiefs Sun 4:25 p.m. ET	18.7
Cook, James BUF RB	vs Patriots Sun 1:00 p.m. ET	14.5
Tuten, Bhayshul JAC RB	at Bengals Sun 1:00 p.m. ET	9.5
McConkey, Ladd LAC WR (Q)	at Seahawks Sun 4:25 p.m. ET	9.1
Raymond, Kalif CHI WR	vs Jets Sun 1:00 p.m. ET	6.7
Thornton, Tyquan KCC WR	at Raiders Sun 4:25 p.m. ET	4.5
Strange, Brenton JAC TE	at Bengals Sun 1:00 p.m. ET	4.7
Aubrey, Brandon DAL PK	at Texans Sun 1:00 p.m. ET	-0.5"
2026,4,AFC,LVR,Las Vegas Raiders,submitted,2026-09-29 11:05:12 EDT,https://www46.myfantasyleague.com/2026/options?L=60206&O=06&W=4,MFL shows a submitted lineup stamp.,"Las Vegas Raiders Week 4 lineup
Starters	Opponent	Proj Pts	
Goff, Jared DET QB	at Panthers Sun 8:20 p.m. ET	34.7
Robinson, Bijan ATL RB	at Saints Mon 8:15 p.m. ET	17.1
Swift, D'Andre CHI RB (Q)	vs Jets Sun 1:00 p.m. ET	11.5
London, Drake ATL WR	at Saints Mon 8:15 p.m. ET	11.6
Smith-Njigba, Jaxon SEA WR	vs Chargers Sun 4:25 p.m. ET	18.6
Sutton, Courtland DEN WR	at 49ers Sun 4:25 p.m. ET	4.1
Ferguson, Jake DAL TE	at Texans Sun 1:00 p.m. ET	4.5
Dicker, Cameron LAC PK	at Seahawks Sun 4:25 p.m. ET	0."
2026,4,AFC,MIA,Miami Dolphins,submitted,2026-09-30 04:42:18 EDT,https://www46.myfantasyleague.com/2026/options?L=60206&O=06&W=4,MFL shows a submitted lineup stamp.,"Miami Dolphins Week 4 lineup
Starters	Opponent	Proj Pts	
Stafford, Matthew LAR QB	at Eagles Sun 1:00 p.m. ET	35.1
Hubbard, Chuba CAR RB	vs Lions Sun 8:20 p.m. ET	9.3
Bateman, Rashod BAL WR	vs Titans Sun 1:00 p.m. ET	5.2
Flowers, Zay BAL WR	vs Titans Sun 1:00 p.m. ET	13.6
Kupp, Cooper SEA WR	vs Chargers Sun 4:25 p.m. ET	5.4
St. Brown, Amon-Ra DET WR	at Panthers Sun 8:20 p.m. ET	11.4
Schultz, Dalton HOU TE	vs Cowboys Sun 1:00 p.m. ET	5.9
McLaughlin, Chase TBB PK	vs Packers Sun 1:00 p.m. ET	0.8
Col"
2026,4,AFC,NEP,New England Patriots,submitted,2026-09-30 09:33:27 EDT,https://www46.myfantasyleague.com/2026/options?L=60206&O=06&W=4,MFL shows a submitted lineup stamp.,"New England Patriots Week 4 lineup
Starters	Opponent	Proj Pts	
Jones, Daniel IND QB	at Commanders Sun 9:30 a.m. ET	31.8
Henry, Derrick BAL RB	vs Titans Sun 1:00 p.m. ET	15.3
Jones, Aaron MIN RB	vs Dolphins Sun 4:05 p.m. ET	7.3
Boston, Denzel CLE WR (R)	vs Steelers Thu 8:15 p.m. ET	9.6
Wilson, Garrett NYJ WR	at Bears Sun 1:00 p.m. ET	9.7
Wilson, Michael ARI WR	at Giants Sun 1:00 p.m. ET	7.7
Sadiq, Kenyon NYJ TE (R) (Q)	at Bears Sun 1:00 p.m. ET	5.7
Zvada, Dominic NYG PK (R)	vs Cardinals Sun 1:00 "
2026,4,AFC,NYJ,New York Jets,submitted,2026-10-01 02:08:14 EDT,https://www46.myfantasyleague.com/2026/options?L=60206&O=06&W=4,MFL shows a submitted lineup stamp.,"New York Jets Week 4 lineup
Starters	Opponent	Proj Pts	
Prescott, Dak DAL QB	at Texans Sun 1:00 p.m. ET	35.3
Allen, Braelon NYJ RB	at Bears Sun 1:00 p.m. ET	1.7
Taylor, Jonathan IND RB	at Commanders Sun 9:30 a.m. ET	13.8
Adams, Davante LAR WR	at Eagles Sun 1:00 p.m. ET	10.3
Pittman, Michael PIT WR	at Browns Thu 8:15 p.m. ET	3.5
Kittle, George SFO TE	vs Broncos Sun 4:25 p.m. ET	10.9
McBride, Trey ARI TE	at Giants Sun 1:00 p.m. ET	9.7
Santos, Cairo CHI PK	vs Jets Sun 1:00 p.m. ET	0.6
Araiza, Matt "
2026,4,AFC,PIT,Pittsburgh Steelers,submitted,2026-10-01 01:55:51 EDT,https://www46.myfantasyleague.com/2026/options?L=60206&O=06&W=4,MFL shows a submitted lineup stamp.,"Pittsburgh Steelers Week 4 lineup
Starters	Opponent	Proj Pts	
Hurts, Jalen PHI QB	vs Rams Sun 1:00 p.m. ET	30.1
Henderson, TreVeyon NEP RB	at Bills Sun 1:00 p.m. ET	7.0
Pollard, Tony TEN RB	at Ravens Sun 1:00 p.m. ET	6.1
Tate, Carnell TEN WR (R)	at Ravens Sun 1:00 p.m. ET	7.2
Waddle, Jaylen DEN WR	at 49ers Sun 4:25 p.m. ET	9.8
Andrews, Mark BAL TE	vs Titans Sun 1:00 p.m. ET	4.8
Freiermuth, Pat PIT TE	at Browns Thu 8:15 p.m. ET	4.5
Elliott, Jake PHI PK	vs Rams Sun 1:00 p.m. ET	0.4
Scott, J.K. LAC"
2026,4,AFC,TEN,Tennessee Titans,submitted,2026-09-30 01:38:06 EDT,https://www46.myfantasyleague.com/2026/options?L=60206&O=06&W=4,MFL shows a submitted lineup stamp.,"Tennessee Titans Week 4 lineup
Starters	Opponent	Proj Pts	
Darnold, Sam SEA QB	vs Chargers Sun 4:25 p.m. ET	28.9
Brown, Chase CIN RB	vs Jaguars Sun 1:00 p.m. ET	8.8
Williams, Javonte DAL RB	at Texans Sun 1:00 p.m. ET	7.7
Collins, Nico HOU WR (Q)	vs Cowboys Sun 1:00 p.m. ET	9.8
Nacua, Puka LAR WR (Q)	at Eagles Sun 1:00 p.m. ET	10.0
Watson, Christian GBP WR	at Buccaneers Sun 1:00 p.m. ET	12.3
Loveland, Colston CHI TE	vs Jets Sun 1:00 p.m. ET	5.0
Bates, Jake DET PK	at Panthers Sun 8:20 p.m. ET	0.9
"
2026,4,NFC,ARI,Arizona Cardinals,submitted,2026-10-01 08:00:40 EDT,https://www46.myfantasyleague.com/2026/options?L=60206&O=06&W=4,MFL shows a submitted lineup stamp.,"Arizona Cardinals Week 4 lineup
Starters	Opponent	Proj Pts	
Lawrence, Trevor JAC QB	at Bengals Sun 1:00 p.m. ET	30.5
Gibbs, Jahmyr DET RB	at Panthers Sun 8:20 p.m. ET	19.0
McCaffrey, Christian SFO RB	vs Broncos Sun 4:25 p.m. ET	12.5
Bateman, Rashod BAL WR	vs Titans Sun 1:00 p.m. ET	5.2
Mooney, Darnell NYG WR	vs Cardinals Sun 1:00 p.m. ET	1.9
Tate, Carnell TEN WR (R)	at Ravens Sun 1:00 p.m. ET	7.2
Johnson, Juwan NOS TE	vs Falcons Mon 8:15 p.m. ET	8.0
Elliott, Jake PHI PK	vs Rams Sun 1:00 p.m. ET	"
2026,4,NFC,ATL,Atlanta Falcons,submitted,2026-10-02 12:29:47 EDT,https://www46.myfantasyleague.com/2026/options?L=60206&O=06&W=4,MFL shows a submitted lineup stamp.,"Atlanta Falcons Week 4 lineup
Starters	Opponent	Proj Pts	
Smith, Geno NYJ QB	at Bears Sun 1:00 p.m. ET	20.9
White, Rachaad WAS RB (Q)	vs Colts Sun 9:30 a.m. ET	4.3
Bryant, Pat DEN WR	at 49ers Sun 4:25 p.m. ET	4.0
Noel, Jaylin HOU WR	vs Cowboys Sun 1:00 p.m. ET	4.9
Washington, Parker JAC WR	at Bengals Sun 1:00 p.m. ET	11.3
Wilson, Michael ARI WR	at Giants Sun 1:00 p.m. ET	7.7
Washington, Darnell PIT TE	at Browns Thu 8:15 p.m. ET	3.2
McPherson, Evan CIN PK	vs Jaguars Sun 1:00 p.m. ET	0.9
Araiza, M"
2026,4,NFC,CAR,Carolina Panthers,submitted,2026-10-01 08:13:39 EDT,https://www46.myfantasyleague.com/2026/options?L=60206&O=06&W=4,MFL shows a submitted lineup stamp.,"Carolina Panthers Week 4 lineup
Starters	Opponent	Proj Pts	
Allen, Josh BUF QB	vs Patriots Sun 1:00 p.m. ET	31.0
Judkins, Quinshon CLE RB	vs Steelers Thu 8:15 p.m. ET	5.1
Golden, Matthew GBP WR	at Buccaneers Sun 1:00 p.m. ET	7.7
Pickens, George DAL WR	at Texans Sun 1:00 p.m. ET	9.3
Smith-Njigba, Jaxon SEA WR	vs Chargers Sun 4:25 p.m. ET	18.6
Worthy, Xavier KCC WR	at Raiders Sun 4:25 p.m. ET	4.5
Fannin, Harold CLE TE	vs Steelers Thu 8:15 p.m. ET	6.2
Boswell, Chris PIT PK	at Browns Thu 8:15 p.m. E"
2026,4,NFC,CHI,Chicago Bears,submitted,2026-10-01 02:54:44 EDT,https://www46.myfantasyleague.com/2026/options?L=60206&O=06&W=4,MFL shows a submitted lineup stamp.,"Chicago Bears Week 4 lineup
Starters	Opponent	Proj Pts	
Mahomes, Patrick KCC QB	at Raiders Sun 4:25 p.m. ET	34.0
Henry, Derrick BAL RB	vs Titans Sun 1:00 p.m. ET	15.3
Skattebo, Cam NYG RB	vs Cardinals Sun 1:00 p.m. ET	9.9
McLaurin, Terry WAS WR	vs Colts Sun 9:30 a.m. ET	9.7
Olave, Chris NOS WR	vs Falcons Mon 8:15 p.m. ET	13.8
Rice, Rashee KCC WR	at Raiders Sun 4:25 p.m. ET	8.5
Loveland, Colston CHI TE	vs Jets Sun 1:00 p.m. ET	5.0
Aubrey, Brandon DAL PK	at Texans Sun 1:00 p.m. ET	-0.5
Cole, A.J. "
2026,4,NFC,DAL,Dallas Cowboys,submitted,2026-10-01 11:48:43 EDT,https://www46.myfantasyleague.com/2026/options?L=60206&O=06&W=4,MFL shows a submitted lineup stamp.,"Dallas Cowboys Week 4 lineup
Starters	Opponent	Proj Pts	
Prescott, Dak DAL QB	at Texans Sun 1:00 p.m. ET	35.3
Irving, Bucky TBB RB (Q)	vs Packers Sun 1:00 p.m. ET	9.7
Swift, D'Andre CHI RB (Q)	vs Jets Sun 1:00 p.m. ET	11.5
McConkey, Ladd LAC WR (Q)	at Seahawks Sun 4:25 p.m. ET	9.1
Metcalf, DK PIT WR	at Browns Thu 8:15 p.m. ET	5.9
Vele, Devaughn NOS WR	vs Falcons Mon 8:15 p.m. ET	7.0
Warren, Tyler IND TE	at Commanders Sun 9:30 a.m. ET	4.9
Little, Cam JAC PK	at Bengals Sun 1:00 p.m. ET	0.5
Wright,"
2026,4,NFC,DET,Detroit Lions,submitted,2026-09-29 09:23:55 EDT,https://www46.myfantasyleague.com/2026/options?L=60206&O=06&W=4,MFL shows a submitted lineup stamp.,"Detroit Lions Week 4 lineup
Starters	Opponent	Proj Pts	
Hurts, Jalen PHI QB	vs Rams Sun 1:00 p.m. ET	30.1
Cook, James BUF RB	vs Patriots Sun 1:00 p.m. ET	14.5
Hubbard, Chuba CAR RB	vs Lions Sun 8:20 p.m. ET	9.3
Kupp, Cooper SEA WR	vs Chargers Sun 4:25 p.m. ET	5.4
McMillan, Tetairoa CAR WR	vs Lions Sun 8:20 p.m. ET	8.8
Smith, DeVonta PHI WR (Q)	vs Rams Sun 1:00 p.m. ET	10.9
Otton, Cade TBB TE	vs Packers Sun 1:00 p.m. ET	4.8
Shrader, Spencer IND PK	at Commanders Sun 9:30 a.m. ET	1.0
Fox, Jack DET "
2026,4,NFC,GBP,Green Bay Packers,submitted,2026-10-01 10:54:21 EDT,https://www46.myfantasyleague.com/2026/options?L=60206&O=06&W=4,MFL shows a submitted lineup stamp.,"Green Bay Packers Week 4 lineup
Starters	Opponent	Proj Pts	
Murray, Kyler MIN QB	vs Dolphins Sun 4:05 p.m. ET	21.1
Robinson, Bijan ATL RB	at Saints Mon 8:15 p.m. ET	17.1
Walker III, Kenneth KCC RB	at Raiders Sun 4:25 p.m. ET	11.2
Boston, Denzel CLE WR (R)	vs Steelers Thu 8:15 p.m. ET	9.6
Moore, D.J. BUF WR (Q)	vs Patriots Sun 1:00 p.m. ET	8.2
Waddle, Jaylen DEN WR	at 49ers Sun 4:25 p.m. ET	9.8
Pitts, Kyle ATL TE	at Saints Mon 8:15 p.m. ET	4.6
Pineiro, Eddy SFO PK	vs Broncos Sun 4:25 p.m. ET	0.4
"
2026,4,NFC,LAR,Los Angeles Rams,submitted,2026-10-01 10:35:08 EDT,https://www46.myfantasyleague.com/2026/options?L=60206&O=06&W=4,MFL shows a submitted lineup stamp.,"Los Angeles Rams Week 4 lineup
Starters	Opponent	Proj Pts	
Purdy, Brock SFO QB	vs Broncos Sun 4:25 p.m. ET	33.2
Allgeier, Tyler ARI RB	at Giants Sun 1:00 p.m. ET	2.5
Ayomanor, Elic TEN WR	at Ravens Sun 1:00 p.m. ET	2.4
Evans, Mike SFO WR (Q)	vs Broncos Sun 4:25 p.m. ET	6.0
Meyers, Jakobi JAC WR (Q)	at Bengals Sun 1:00 p.m. ET	6.2
Mumpfield, Konata LAR WR	at Eagles Sun 1:00 p.m. ET	0.7
Higbee, Tyler LAR TE	at Eagles Sun 1:00 p.m. ET	3.2
Fairbairn, Ka'imi HOU PK	vs Cowboys Sun 1:00 p.m. ET	0.3
Tay"
2026,4,NFC,MIN,Minnesota Vikings,submitted,2026-09-29 04:23:42 EDT,https://www46.myfantasyleague.com/2026/options?L=60206&O=06&W=4,MFL shows a submitted lineup stamp.,"Minnesota Vikings Week 4 lineup
Starters	Opponent	Proj Pts	
Jones, Daniel IND QB	at Commanders Sun 9:30 a.m. ET	31.8
Price, Jadarian SEA RB (R) (Q)	vs Chargers Sun 4:25 p.m. ET	6.6
Williams, Javonte DAL RB	at Texans Sun 1:00 p.m. ET	7.7
Adams, Davante LAR WR	at Eagles Sun 1:00 p.m. ET	10.3
Downs, Josh IND WR	at Commanders Sun 9:30 a.m. ET	8.4
Henry, Hunter NEP TE	at Bills Sun 1:00 p.m. ET	4.7
LaPorta, Sam DET TE	at Panthers Sun 8:20 p.m. ET	6.9
Myers, Jason SEA PK	vs Chargers Sun 4:25 p.m. ET	1."
2026,4,NFC,NOS,New Orleans Saints,submitted,2026-10-01 05:41:15 EDT,https://www46.myfantasyleague.com/2026/options?L=60206&O=06&W=4,MFL shows a submitted lineup stamp.,"New Orleans Saints Week 4 lineup
Starters	Opponent	Proj Pts	
Winston, Jameis NYG QB	vs Cardinals Sun 1:00 p.m. ET	23.0
Hampton, Omarion LAC RB	at Seahawks Sun 4:25 p.m. ET	6.5
Doubs, Romeo NEP WR	at Bills Sun 1:00 p.m. ET	9.2
Higgins, Tee CIN WR	vs Jaguars Sun 1:00 p.m. ET	10.2
London, Drake ATL WR	at Saints Mon 8:15 p.m. ET	11.6
Odunze, Rome CHI WR	vs Jets Sun 1:00 p.m. ET	7.9
Schultz, Dalton HOU TE	vs Cowboys Sun 1:00 p.m. ET	5.9
Loop, Tyler BAL PK	vs Titans Sun 1:00 p.m. ET	0.7
Way, Tress WAS"
2026,4,NFC,NYG,New York Giants,submitted,2026-09-30 12:56:59 EDT,https://www46.myfantasyleague.com/2026/options?L=60206&O=06&W=4,MFL shows a submitted lineup stamp.,"New York Giants Week 4 lineup
Starters	Opponent	Proj Pts	
Herbert, Justin LAC QB	at Seahawks Sun 4:25 p.m. ET	25.5
Brown, Chase CIN RB	vs Jaguars Sun 1:00 p.m. ET	8.8
Taylor, Jonathan IND RB	at Commanders Sun 9:30 a.m. ET	13.8
Collins, Nico HOU WR (Q)	vs Cowboys Sun 1:00 p.m. ET	9.8
Lamb, CeeDee DAL WR	at Texans Sun 1:00 p.m. ET	13.2
Samuel, Deebo SFO WR	vs Broncos Sun 4:25 p.m. ET	9.3
McBride, Trey ARI TE	at Giants Sun 1:00 p.m. ET	9.7
Zvada, Dominic NYG PK (R)	vs Cardinals Sun 1:00 p.m. ET	1.6"
2026,4,NFC,PHI,Philadelphia Eagles,submitted,2026-10-01 08:27:16 EDT,https://www46.myfantasyleague.com/2026/options?L=60206&O=06&W=4,MFL shows a submitted lineup stamp.,"Philadelphia Eagles Week 4 lineup
Starters	Opponent	Proj Pts	
Goff, Jared DET QB	at Panthers Sun 8:20 p.m. ET	34.7
Tuten, Bhayshul JAC RB	at Bengals Sun 1:00 p.m. ET	9.5
Warren, Jaylen PIT RB	at Browns Thu 8:15 p.m. ET	10.5
Egbuka, Emeka TBB WR	vs Packers Sun 1:00 p.m. ET	7.6
Sutton, Courtland DEN WR	at 49ers Sun 4:25 p.m. ET	4.1
Williams, Jameson DET WR	at Panthers Sun 8:20 p.m. ET	8.0
Bowers, Brock LVR TE	vs Chiefs Sun 4:25 p.m. ET	8.2
McLaughlin, Chase TBB PK	vs Packers Sun 1:00 p.m. ET	0.8
M"
2026,4,NFC,SEA,Seattle Seahawks,submitted,2026-09-30 04:07:40 EDT,https://www46.myfantasyleague.com/2026/options?L=60206&O=06&W=4,MFL shows a submitted lineup stamp.,"Seattle Seahawks Week 4 lineup
Starters	Opponent	Proj Pts	
Stroud, C.J. HOU QB	vs Cowboys Sun 1:00 p.m. ET	29.2
Jeanty, Ashton LVR RB	vs Chiefs Sun 4:25 p.m. ET	7.0
Burden, Luther CHI WR	vs Jets Sun 1:00 p.m. ET	7.8
Coker, Jalen CAR WR (Q)	vs Lions Sun 8:20 p.m. ET	9.9
Watson, Christian GBP WR	at Buccaneers Sun 1:00 p.m. ET	12.3
Wicks, Dontayvion PHI WR	vs Rams Sun 1:00 p.m. ET	7.1
Kraft, Tucker GBP TE	at Buccaneers Sun 1:00 p.m. ET	5.6
Reichard, Will MIN PK	vs Dolphins Sun 4:05 p.m. ET	0.8
McNa"
2026,4,NFC,SFO,San Francisco 49ers,submitted,2026-10-01 01:28:25 EDT,https://www46.myfantasyleague.com/2026/options?L=60206&O=06&W=4,MFL shows a submitted lineup stamp.,"San Francisco 49ers Week 4 lineup
Starters	Opponent	Proj Pts	
Burrow, Joe CIN QB	vs Jaguars Sun 1:00 p.m. ET	29.6
Henderson, TreVeyon NEP RB	at Bills Sun 1:00 p.m. ET	7.0
Pollard, Tony TEN RB	at Ravens Sun 1:00 p.m. ET	6.1
Diggs, Stefon WAS WR	vs Colts Sun 9:30 a.m. ET	8.4
St. Brown, Amon-Ra DET WR	at Panthers Sun 8:20 p.m. ET	11.4
Tucker, Tre LVR WR	vs Chiefs Sun 4:25 p.m. ET	5.5
Kelce, Travis KCC TE	at Raiders Sun 4:25 p.m. ET	8.0
Carlson, Daniel NOS PK	vs Falcons Mon 8:15 p.m. ET	-0.6
Stout, "
2026,4,NFC,TBB,Tampa Bay Buccaneers,submitted,2026-09-30 08:44:36 EDT,https://www46.myfantasyleague.com/2026/options?L=60206&O=06&W=4,MFL shows a submitted lineup stamp.,"Tampa Bay Buccaneers Week 4 lineup
Starters	Opponent	Proj Pts	
Jackson, Lamar BAL QB	vs Titans Sun 1:00 p.m. ET	34.0
Barkley, Saquon PHI RB	vs Rams Sun 1:00 p.m. ET	10.9
Montgomery, David HOU RB	vs Cowboys Sun 1:00 p.m. ET	7.4
Addison, Jordan MIN WR	vs Dolphins Sun 4:05 p.m. ET	7.1
Nabers, Malik NYG WR	vs Cardinals Sun 1:00 p.m. ET	7.0
Nacua, Puka LAR WR (Q)	at Eagles Sun 1:00 p.m. ET	10.0
Andrews, Mark BAL TE	vs Titans Sun 1:00 p.m. ET	4.8
Fitzgerald, Ryan CAR PK	vs Lions Sun 8:20 p.m. ET	0.9
B"
2026,4,NFC,WAS,Washington Commanders,submitted,2026-10-01 06:10:33 EDT,https://www46.myfantasyleague.com/2026/options?L=60206&O=06&W=4,MFL shows a submitted lineup stamp.,"Washington Commanders Week 4 lineup
Starters	Opponent	Proj Pts	
Stafford, Matthew LAR QB	at Eagles Sun 1:00 p.m. ET	35.1
Williams, Kyren LAR RB	at Eagles Sun 1:00 p.m. ET	12.2
Chase, Ja'Marr CIN WR	vs Jaguars Sun 1:00 p.m. ET	12.1
Flowers, Zay BAL WR	vs Titans Sun 1:00 p.m. ET	13.6
Jefferson, Justin MIN WR (Q)	vs Dolphins Sun 4:05 p.m. ET	9.0
Wilson, Garrett NYJ WR	at Bears Sun 1:00 p.m. ET	9.7
Kittle, George SFO TE	vs Broncos Sun 4:25 p.m. ET	10.9
Smack, Trey GBP PK (R)	at Buccaneers Sun 1:00 p"
