season,league,team_id,team,wins,losses,ties,games,points_for,points_against,win_pct,net_margin,normalized_net_margin
2021,NFL,TB,TB,13,4,0,17,511.0,353.0,0.7647058823529411,9.294117647058824,0.4044152935530316
2021,NFL,DAL,DAL,12,5,0,17,530.0,358.0,0.7058823529411765,10.117647058823529,0.44024956007038873
2021,NFL,ATL,ATL,7,10,0,17,313.0,459.0,0.4117647058823529,-8.588235294117647,-0.3737002079667253
2021,NFL,PHI,PHI,9,8,0,17,444.0,385.0,0.5294117647058824,3.4705882352941178,0.15101583746600544
2021,NFL,BUF,BUF,11,6,0,17,483.0,289.0,0.6470588235294118,11.411764705882353,0.4965605503119501
2021,NFL,PIT,PIT,9,7,1,17,343.0,398.0,0.5588235294117647,-3.235294117647059,-0.14077747560390338
2021,NFL,CAR,CAR,5,12,0,17,304.0,404.0,0.29411764705882354,-5.882352941176471,-0.25595904655255164
2021,NFL,NYJ,NYJ,4,13,0,17,310.0,504.0,0.23529411764705882,-11.411764705882353,-0.4965605503119501
2021,NFL,CIN,CIN,10,7,0,17,460.0,376.0,0.5882352941176471,4.9411764705882355,0.21500559910414335
2021,NFL,MIN,MIN,8,9,0,17,425.0,426.0,0.47058823529411764,-0.058823529411764705,-0.002559590465525516
2021,NFL,DET,DET,3,13,1,17,325.0,467.0,0.20588235294117646,-8.352941176470589,-0.3634618461046233
2021,NFL,SF,SF,10,7,0,17,427.0,365.0,0.5882352941176471,3.6470588235294117,0.158694608862582
2021,NFL,HOU,HOU,4,13,0,17,280.0,452.0,0.23529411764705882,-10.117647058823529,-0.44024956007038873
2021,NFL,JAX,JAX,3,14,0,17,253.0,457.0,0.17647058823529413,-12.0,-0.5221564549672053
2021,NFL,IND,IND,9,8,0,17,451.0,365.0,0.5294117647058824,5.0588235294117645,0.22012478003519437
2021,NFL,SEA,SEA,7,10,0,17,395.0,366.0,0.4117647058823529,1.7058823529411764,0.07422812350023997
2021,NFL,TEN,TEN,12,5,0,17,419.0,354.0,0.7058823529411765,3.823529411764706,0.16637338025915854
2021,NFL,ARI,ARI,11,6,0,17,449.0,366.0,0.6470588235294118,4.882352941176471,0.21244600863861784
2021,NFL,WAS,WAS,7,10,0,17,335.0,434.0,0.4117647058823529,-5.823529411764706,-0.2533994560870261
2021,NFL,LAC,LAC,9,8,0,17,474.0,459.0,0.5294117647058824,0.8823529411764706,0.03839385698288274
2021,NFL,KC,KC,12,5,0,17,480.0,364.0,0.7058823529411765,6.823529411764706,0.29691249400095987
2021,NFL,CLE,CLE,8,9,0,17,349.0,371.0,0.47058823529411764,-1.2941176470588236,-0.05631099024156135
2021,NFL,NE,NE,10,7,0,17,462.0,303.0,0.5882352941176471,9.352941176470589,0.4069748840185571
2021,NFL,MIA,MIA,9,8,0,17,341.0,373.0,0.5294117647058824,-1.8823529411764706,-0.08190689489681652
2021,NFL,NO,NO,9,8,0,17,364.0,335.0,0.5294117647058824,1.7058823529411764,0.07422812350023997
2021,NFL,GB,GB,13,4,0,17,450.0,371.0,0.7647058823529411,4.647058823529412,0.2022076467765158
2021,NFL,NYG,NYG,4,13,0,17,258.0,416.0,0.23529411764705882,-9.294117647058824,-0.4044152935530316
2021,NFL,DEN,DEN,7,10,0,17,335.0,322.0,0.4117647058823529,0.7647058823529411,0.03327467605183171
2021,NFL,LA,LA,12,5,0,17,460.0,372.0,0.7058823529411765,5.176470588235294,0.2252439609662454
2021,NFL,CHI,CHI,6,11,0,17,311.0,407.0,0.35294117647058826,-5.647058823529412,-0.24572068469044955
2021,NFL,LV,LV,10,7,0,17,374.0,439.0,0.5882352941176471,-3.823529411764706,-0.16637338025915854
2021,NFL,BAL,BAL,8,9,0,17,387.0,392.0,0.47058823529411764,-0.29411764705882354,-0.012797952327627581
2021,ADL,0001,Dallas Cowboys,4,8,0,12,2140.4999999999995,2437.2000000000003,0.3333333333333333,-24.725000000000062,-0.12677032358851484
2021,ADL,0003,Philadelphia Eagles,6,6,0,12,2137.6000000000004,2459.5,0.5,-26.82499999999997,-0.13753746937358538
2021,ADL,0004,Washington Football Team,8,4,0,12,2764.7000000000003,2166.6000000000004,0.6666666666666666,49.84166666666666,0.2555488053194827
2021,ADL,0002,New York Giants,3,9,0,12,2174.7000000000003,2303.1,0.25,-10.699999999999969,-0.05486117138107589
2021,ADL,0005,Chicago Bears,7,5,0,12,2663.4999999999995,2423.1000000000004,0.5833333333333334,20.033333333333264,0.10271515264805792
2021,ADL,0006,Detroit Lions,7,5,0,12,2691.0,2472.1,0.5833333333333334,18.241666666666674,0.09352889731555726
2021,ADL,0008,Minnesota Vikings,7,5,0,12,2462.7000000000003,2461.6,0.5833333333333334,0.09166666666669698,0.0004699944588723023
2021,ADL,0007,Green Bay Packers,2,10,0,12,2039.5000000000002,2471.7999999999997,0.16666666666666666,-36.024999999999956,-0.18470782233675348
2021,ADL,0010,Carolina Panthers,6,6,0,12,2356.4,2385.4,0.5,-2.4166666666666665,-0.012390763006629325
2021,ADL,0011,New Orleans Saints,6,6,0,12,2000.3,2340.9000000000005,0.5,-28.383333333333383,-0.14552737517441228
2021,ADL,0012,Tampa Bay Buccaneers,6,6,0,12,2569.3,2206.3,0.5,30.25,0.15509817142780846
2021,ADL,0009,Atlanta Falcons,11,1,0,12,2805.9,1896.6000000000004,0.9166666666666666,75.77499999999998,0.3885145104113118
2021,ADL,0014,Los Angeles Rams,6,6,0,12,2165.3,2370.7,0.5,-17.116666666666635,-0.08776078350212617
2021,ADL,0015,San Francisco 49ers,8,4,0,12,2400.3,2234.7,0.6666666666666666,13.800000000000031,0.07075552944475244
2021,ADL,0016,Seattle Seahawks,4,8,0,12,2171.4000000000005,2515.2000000000003,0.3333333333333333,-28.649999999999977,-0.14689463178203996
2021,ADL,0013,Arizona Cardinals,5,7,0,12,1912.5999999999997,2310.8999999999996,0.4166666666666667,-33.19166666666666,-0.17018072088070552
2021,ADL,0017,Buffalo Bills,8,4,0,12,2516.2999999999997,2262.3,0.6666666666666666,21.16666666666663,0.10852599323047735
2021,ADL,0020,New York Jets,8,4,0,12,2412.7,2191.9,0.6666666666666666,18.399999999999977,0.09434070592633627
2021,ADL,0019,New England Patriots,6,6,0,12,2305.3,2331.3,0.5,-2.1666666666666665,-0.011108959936978016
2021,ADL,0018,Miami Dolphins,2,10,0,12,1812.3,2299.8,0.16666666666666666,-40.62500000000002,-0.2082929988183379
2021,ADL,0021,Baltimore Ravens,9,3,0,12,2716.5999999999995,2044.1999999999998,0.75,56.0333333333333,0.2872947946778467
2021,ADL,0022,Cincinnati Bengals,8,4,0,12,2160.8999999999996,2299.1,0.6666666666666666,-11.516666666666689,-0.059048394741937106
2021,ADL,0023,Cleveland Browns,3,9,0,12,2475.6,2574.9999999999995,0.25,-8.283333333333303,-0.042470408374446565
2021,ADL,0024,Pittsburgh Steelers,7,5,0,12,2279.2,2311.2999999999997,0.5833333333333334,-2.6749999999999923,-0.013715292845268973
2021,ADL,0026,Indianapolis Colts,5,7,0,12,2340.7000000000003,2568.2999999999997,0.4166666666666667,-18.966666666666622,-0.09724612621754579
2021,ADL,0027,Jacksonville Jaguars,7,5,0,12,2368.1,2209.6000000000004,0.5833333333333334,13.208333333333295,0.06772192884657732
2021,ADL,0025,Houston Texans,5,7,0,12,2482.7,2504.0000000000005,0.4166666666666667,-1.775000000000053,-0.00910080179452457
2021,ADL,0028,Tennessee Titans,6,6,0,12,2358.5999999999995,2390.4,0.5,-2.650000000000053,-0.013587112538304155
2021,ADL,0030,Kansas City Chiefs,10,2,0,12,2756.8,2331.2,0.8333333333333334,35.4666666666667,0.1818451288145326
2021,ADL,0032,Los Angeles Chargers,2,10,0,12,1945.7,2375.4,0.16666666666666666,-35.80833333333334,-0.18359692634305594
2021,ADL,0029,Denver Broncos,7,5,0,12,2389.0000000000005,2322.2,0.5833333333333334,5.56666666666672,0.0285414816842361
2021,ADL,0031,Las Vegas Raiders,3,9,0,12,2118.2999999999997,2422.8,0.25,-25.37500000000004,-0.13010301156960813
2022,NFL,LA,LA,5,12,0,17,307.0,384.0,0.29411764705882354,-4.529411764705882,-0.20699335383394502
2022,NFL,BUF,BUF,13,3,0,16,455.0,286.0,0.8125,10.5625,0.48270446880269813
2022,NFL,ATL,ATL,7,10,0,17,365.0,386.0,0.4117647058823529,-1.2352941176470589,-0.056452732863803194
2022,NFL,NO,NO,7,10,0,17,330.0,345.0,0.4117647058823529,-0.8823529411764706,-0.040323380617002275
2022,NFL,CAR,CAR,7,10,0,17,347.0,374.0,0.4117647058823529,-1.588235294117647,-0.0725820851106041
2022,NFL,CLE,CLE,7,10,0,17,361.0,381.0,0.4117647058823529,-1.1764705882352942,-0.05376450748933637
2022,NFL,CHI,CHI,3,14,0,17,326.0,463.0,0.17647058823529413,-8.058823529411764,-0.3682868763019541
2022,NFL,SF,SF,13,4,0,17,450.0,277.0,0.7647058823529411,10.176470588235293,0.46506298978275956
2022,NFL,CIN,CIN,12,4,0,16,418.0,322.0,0.75,6.0,0.2741989881956155
2022,NFL,PIT,PIT,9,8,0,17,308.0,346.0,0.5294117647058824,-2.235294117647059,-0.1021525642297391
2022,NFL,DET,DET,9,8,0,17,453.0,427.0,0.5294117647058824,1.5294117647058822,0.06989385973613728
2022,NFL,PHI,PHI,14,3,0,17,477.0,344.0,0.8235294117647058,7.823529411764706,0.3575339748040869
2022,NFL,HOU,HOU,3,13,1,17,289.0,420.0,0.20588235294117646,-7.705882352941177,-0.3521575240551532
2022,NFL,IND,IND,4,12,1,17,289.0,427.0,0.2647058823529412,-8.117647058823529,-0.37097510167642095
2022,NFL,MIA,MIA,9,8,0,17,397.0,399.0,0.5294117647058824,-0.11764705882352941,-0.005376450748933637
2022,NFL,NE,NE,8,9,0,17,364.0,347.0,0.47058823529411764,1.0,0.04569983136593592
2022,NFL,NYJ,NYJ,7,10,0,17,296.0,316.0,0.4117647058823529,-1.1764705882352942,-0.05376450748933637
2022,NFL,BAL,BAL,10,7,0,17,350.0,315.0,0.5882352941176471,2.0588235294117645,0.09408788810633864
2022,NFL,WAS,WAS,8,8,1,17,321.0,343.0,0.5,-1.2941176470588236,-0.05914095823827001
2022,NFL,JAX,JAX,9,8,0,17,404.0,350.0,0.5294117647058824,3.176470588235294,0.1451641702212082
2022,NFL,ARI,ARI,4,13,0,17,340.0,449.0,0.23529411764705882,-6.411764705882353,-0.29301656581688323
2022,NFL,KC,KC,14,3,0,17,496.0,369.0,0.8235294117647058,7.470588235294118,0.341404622557286
2022,NFL,LAC,LAC,10,7,0,17,391.0,384.0,0.5882352941176471,0.4117647058823529,0.01881757762126773
2022,NFL,LV,LV,6,11,0,17,395.0,418.0,0.35294117647058826,-1.3529411764705883,-0.06182918361273683
2022,NFL,MIN,MIN,13,4,0,17,424.0,427.0,0.7647058823529411,-0.17647058823529413,-0.008064676123400456
2022,NFL,GB,GB,8,9,0,17,370.0,371.0,0.47058823529411764,-0.058823529411764705,-0.0026882253744668185
2022,NFL,TEN,TEN,7,10,0,17,298.0,359.0,0.4117647058823529,-3.588235294117647,-0.16398174784247593
2022,NFL,NYG,NYG,9,7,1,17,365.0,371.0,0.5588235294117647,-0.35294117647058826,-0.016129352246800913
2022,NFL,DAL,DAL,12,5,0,17,467.0,342.0,0.7058823529411765,7.352941176470588,0.3360281718083523
2022,NFL,TB,TB,8,9,0,17,313.0,358.0,0.47058823529411764,-2.6470588235294117,-0.12097014185100684
2022,NFL,SEA,SEA,9,8,0,17,407.0,401.0,0.5294117647058824,0.35294117647058826,0.016129352246800913
2022,NFL,DEN,DEN,5,12,0,17,287.0,359.0,0.29411764705882354,-4.235294117647059,-0.19355222696161095
2022,ADL,0004,Washington Commanders,6,6,0,12,2395.5999999999995,2291.7,0.5,8.658333333333303,0.044502922645921324
2022,ADL,0002,New York Giants,6,6,0,12,2352.8,2497.899999999999,0.5,-12.091666666666583,-0.062149894859703195
2022,ADL,0003,Philadelphia Eagles,5,7,0,12,2028.7000000000003,2288.1,0.4166666666666667,-21.616666666666635,-0.11110739301590004
2022,ADL,0001,Dallas Cowboys,9,3,0,12,2460.1999999999994,2082.4,0.75,31.483333333333274,0.16182102190210879
2022,ADL,0005,Chicago Bears,9,3,0,12,2822.6000000000004,2435.8,0.75,32.23333333333335,0.16567594301677033
2022,ADL,0008,Minnesota Vikings,8,4,0,12,2478.3,2299.9999999999995,0.6666666666666666,14.858333333333386,0.07637027052712057
2022,ADL,0006,Detroit Lions,10,2,0,12,2737.6000000000004,2369.5,0.8333333333333334,30.67500000000003,0.1576662735896411
2022,ADL,0007,Green Bay Packers,3,9,0,12,1959.4999999999998,2327.5,0.25,-30.666666666666686,-0.1576234411328115
2022,ADL,0009,Atlanta Falcons,6,6,0,12,2294.5,2413.7000000000003,0.5,-9.933333333333357,-0.051056288540845554
2022,ADL,0010,Carolina Panthers,4,8,0,12,2222.4,2341.1,0.3333333333333333,-9.891666666666652,-0.05084212625669751
2022,ADL,0012,Tampa Bay Buccaneers,5,7,0,12,2168.1,2372.0,0.4166666666666667,-16.991666666666674,-0.08733537947548983
2022,ADL,0011,New Orleans Saints,4,8,0,12,2237.1,2239.2,0.3333333333333333,-0.1749999999999924,-0.0008994815934208956
2022,ADL,0015,San Francisco 49ers,8,4,0,12,2575.4999999999995,2329.8999999999996,0.6666666666666666,20.466666666666658,0.10519651397341974
2022,ADL,0016,Seattle Seahawks,6,6,0,12,2178.6,2291.6999999999994,0.5,-9.424999999999955,-0.048443508674241534
2022,ADL,0014,Los Angeles Rams,5,7,0,12,2300.7,2354.8,0.4166666666666667,-4.508333333333364,-0.023172359144796616
2022,ADL,0013,Arizona Cardinals,2,10,0,12,2006.6000000000001,2283.5,0.16666666666666666,-23.07499999999999,-0.11860307296107461
2022,ADL,0017,Buffalo Bills,7,5,0,12,2536.6,2367.5999999999995,0.5833333333333334,14.083333333333371,0.07238685204197065
2022,ADL,0019,New England Patriots,7,5,0,12,2319.8,2152.8,0.5833333333333334,13.916666666666666,0.07153020290537908
2022,ADL,0020,New York Jets,3,9,0,12,1975.1000000000001,2471.8999999999996,0.25,-41.399999999999956,-0.21279164552929516
2022,ADL,0018,Miami Dolphins,5,7,0,12,2197.9,2320.8999999999996,0.4166666666666667,-10.249999999999963,-0.05268392190036884
2022,ADL,0021,Baltimore Ravens,8,4,0,12,2429.8,2353.0,0.6666666666666666,6.4000000000000155,0.03289532684510855
2022,ADL,0024,Pittsburgh Steelers,7,5,0,12,2309.0,2196.0,0.5833333333333334,9.416666666666666,0.048400676217412196
2022,ADL,0023,Cleveland Browns,7,5,0,12,2358.1999999999994,2239.1000000000004,0.5833333333333334,9.924999999999917,0.05101345608401544
2022,ADL,0022,Cincinnati Bengals,2,10,0,12,1883.6000000000001,2445.0,0.16666666666666666,-46.783333333333324,-0.24046141264119647
2022,ADL,0025,Houston Texans,5,7,0,12,2293.1,2498.1,0.4166666666666667,-17.083333333333332,-0.08780653650061504
2022,ADL,0028,Tennessee Titans,6,6,0,12,2504.6,2467.7,0.5,3.0750000000000077,0.015805176570110747
2022,ADL,0027,Jacksonville Jaguars,9,3,0,12,2540.4,2251.1000000000004,0.75,24.10833333333331,0.12391429760794101
2022,ADL,0026,Indianapolis Colts,5,7,0,12,2346.4,2204.6000000000004,0.4166666666666667,11.816666666666643,0.06073642378432775
2022,ADL,0030,Kansas City Chiefs,9,3,0,12,3132.2,2354.2999999999997,0.75,64.825,0.3331936816772119
2022,ADL,0032,Los Angeles Chargers,6,6,0,12,2449.5000000000005,2514.4,0.5,-5.408333333333303,-0.02779826448238968
2022,ADL,0029,Denver Broncos,7,5,0,12,2234.4,2192.9,0.5833333333333334,3.4583333333333335,0.017775469584270853
2022,ADL,0031,Las Vegas Raiders,3,9,0,12,1980.3,2461.5,0.25,-40.1,-0.20610978226388274
2023,NFL,KC,KC,11,6,0,17,371.0,294.0,0.6470588235294118,4.529411764705882,0.20807296064853908
2023,NFL,DET,DET,12,5,0,17,461.0,395.0,0.7058823529411765,3.8823529411764706,0.17834825198446208
2023,NFL,ATL,ATL,7,10,0,17,321.0,373.0,0.4117647058823529,-3.0588235294117645,-0.1405168045938186
2023,NFL,CAR,CAR,2,15,0,17,236.0,416.0,0.11764705882352941,-10.588235294117647,-0.48640432359398744
2023,NFL,BAL,BAL,13,4,0,17,483.0,280.0,0.7647058823529411,11.941176470588236,0.5485559871643303
2023,NFL,HOU,HOU,10,7,0,17,377.0,353.0,0.5882352941176471,1.411764705882353,0.06485390981253167
2023,NFL,CLE,CLE,11,6,0,17,396.0,362.0,0.6470588235294118,2.0,0.09187637223441986
2023,NFL,CIN,CIN,9,8,0,17,366.0,384.0,0.5294117647058824,-1.0588235294117647,-0.04864043235939875
2023,NFL,IND,IND,9,8,0,17,396.0,415.0,0.5294117647058824,-1.1176470588235294,-0.05134267860158757
2023,NFL,JAX,JAX,9,8,0,17,377.0,371.0,0.5294117647058824,0.35294117647058826,0.016213477453132917
2023,NFL,MIN,MIN,7,10,0,17,344.0,362.0,0.4117647058823529,-1.0588235294117647,-0.04864043235939875
2023,NFL,TB,TB,9,8,0,17,348.0,325.0,0.5294117647058824,1.3529411764705883,0.062151663570342845
2023,NFL,NO,NO,9,8,0,17,402.0,327.0,0.5294117647058824,4.411764705882353,0.20266846816416145
2023,NFL,TEN,TEN,6,11,0,17,305.0,367.0,0.35294117647058826,-3.6470588235294117,-0.1675392670157068
2023,NFL,PIT,PIT,10,7,0,17,304.0,324.0,0.5882352941176471,-1.1764705882352942,-0.05404492484377639
2023,NFL,SF,SF,12,5,0,17,491.0,298.0,0.7058823529411765,11.352941176470589,0.5215335247424422
2023,NFL,WAS,WAS,4,13,0,17,329.0,518.0,0.23529411764705882,-11.117647058823529,-0.5107245397736868
2023,NFL,ARI,ARI,4,13,0,17,330.0,455.0,0.23529411764705882,-7.352941176470588,-0.3377807802736024
2023,NFL,CHI,CHI,7,10,0,17,360.0,379.0,0.4117647058823529,-1.1176470588235294,-0.05134267860158757
2023,NFL,GB,GB,9,8,0,17,383.0,350.0,0.5294117647058824,1.9411764705882353,0.08917412599223104
2023,NFL,DEN,DEN,8,9,0,17,357.0,413.0,0.47058823529411764,-3.2941176470588234,-0.15132578956257386
2023,NFL,LV,LV,8,9,0,17,332.0,331.0,0.47058823529411764,0.058823529411764705,0.002702246242188819
2023,NFL,LAC,LAC,5,12,0,17,346.0,398.0,0.29411764705882354,-3.0588235294117645,-0.1405168045938186
2023,NFL,MIA,MIA,11,6,0,17,496.0,391.0,0.6470588235294118,6.176470588235294,0.28373585542982604
2023,NFL,NE,NE,4,13,0,17,236.0,366.0,0.23529411764705882,-7.647058823529412,-0.35129201148454653
2023,NFL,PHI,PHI,11,6,0,17,433.0,428.0,0.6470588235294118,0.29411764705882354,0.013511231210944098
2023,NFL,SEA,SEA,9,8,0,17,364.0,402.0,0.5294117647058824,-2.235294117647059,-0.10268535720317513
2023,NFL,LA,LA,10,7,0,17,404.0,377.0,0.5882352941176471,1.588235294117647,0.07296064853909812
2023,NFL,NYG,NYG,6,11,0,17,266.0,407.0,0.35294117647058826,-8.294117647058824,-0.38101672014862353
2023,NFL,DAL,DAL,12,5,0,17,509.0,315.0,0.7058823529411765,11.411764705882353,0.5242357709846309
2023,NFL,NYJ,NYJ,7,10,0,17,268.0,355.0,0.4117647058823529,-5.117647058823529,-0.23509542307042727
2023,NFL,BUF,BUF,11,6,0,17,451.0,311.0,0.6470588235294118,8.235294117647058,0.3783144739064347
2023,ADL,0006,Detroit Lions,6,6,0,12,2513.5,2466.4999999999995,0.5,3.9166666666667047,0.019713550575612273
2023,ADL,0008,Minnesota Vikings,3,9,0,12,2296.7999999999997,2415.4,0.25,-9.883333333333363,-0.04974525740994894
2023,ADL,0005,Chicago Bears,8,4,0,12,2510.4,2391.1,0.6666666666666666,9.941666666666682,0.0500388634823516
2023,ADL,0007,Green Bay Packers,6,6,0,12,2191.7000000000003,2468.7000000000003,0.5,-23.083333333333332,-0.1161841172222244
2023,ADL,0004,Washington Commanders,8,4,0,12,2637.0,2294.8,0.6666666666666666,28.51666666666665,0.14353142568030747
2023,ADL,0002,New York Giants,8,4,0,12,2477.0,2409.2999999999997,0.6666666666666666,5.64166666666669,0.02839590157380731
2023,ADL,0001,Dallas Cowboys,5,7,0,12,2222.1000000000004,2453.6999999999994,0.4166666666666667,-19.299999999999915,-0.09714166624067529
2023,ADL,0003,Philadelphia Eagles,3,9,0,12,2331.2999999999997,2544.6,0.25,-17.775000000000016,-0.08946596463357577
2023,ADL,0015,San Francisco 49ers,6,6,0,12,2324.9,2441.7,0.5,-9.733333333333311,-0.04899027036662736
2023,ADL,0013,Arizona Cardinals,3,9,0,12,2310.7,2563.7000000000003,0.25,-21.08333333333337,-0.10611762331127374
2023,ADL,0014,Los Angeles Rams,6,6,0,12,2614.4000000000005,2426.5,0.5,15.65833333333338,0.0788122585778196
2023,ADL,0016,Seattle Seahawks,10,2,0,12,2640.6000000000004,2207.1,0.8333333333333334,36.125000000000036,0.1818260462665499
2023,ADL,0009,Atlanta Falcons,6,6,0,12,2536.6000000000004,2293.9,0.5,20.225000000000023,0.10179741967449059
2023,ADL,0012,Tampa Bay Buccaneers,5,7,0,12,2311.0,2367.0,0.4166666666666667,-4.666666666666667,-0.02348848579221865
2023,ADL,0010,Carolina Panthers,6,6,0,12,2025.7,2033.9,0.5,-0.6833333333333371,-0.003439385419574893
2023,ADL,0011,New Orleans Saints,7,5,0,12,2245.0,2410.8,0.5833333333333334,-13.816666666666682,-0.06954269543481888
2023,ADL,0030,Kansas City Chiefs,10,2,0,12,2820.4,2449.1,0.8333333333333334,30.94166666666668,0.15573704954733553
2023,ADL,0029,Denver Broncos,6,6,0,12,2135.4,2218.3,0.5,-6.908333333333341,-0.03477134771740944
2023,ADL,0032,Los Angeles Chargers,6,6,0,12,2445.6,2471.4,0.5,-2.150000000000015,-0.01082148095427224
2023,ADL,0031,Las Vegas Raiders,1,11,0,12,2074.3,2568.7000000000003,0.08333333333333333,-41.20000000000001,-0.20736977456558758
2023,ADL,0027,Jacksonville Jaguars,7,5,0,12,2560.3,2426.4,0.5833333333333334,11.15833333333334,0.05616264727817999
2023,ADL,0026,Indianapolis Colts,5,7,0,12,2511.2999999999997,2421.9,0.4166666666666667,7.44999999999997,0.03749768981829177
2023,ADL,0028,Tennessee Titans,8,4,0,12,2510.6,2327.0,0.6666666666666666,15.299999999999992,0.07700867841877397
2023,ADL,0025,Houston Texans,9,3,0,12,2929.3,2435.7000000000003,0.75,41.133333333333326,0.2070342247685558
2023,ADL,0017,Buffalo Bills,4,8,0,12,2265.0,2394.5000000000005,0.3333333333333333,-10.791666666666705,-0.054317123394505826
2023,ADL,0018,Miami Dolphins,8,4,0,12,2507.6,2290.9,0.6666666666666666,18.05833333333332,0.09089205127096031
2023,ADL,0019,New England Patriots,5,7,0,12,2176.8999999999996,2381.0000000000005,0.4166666666666667,-17.0083333333334,-0.08560714196771153
2023,ADL,0020,New York Jets,5,7,0,12,2193.5,2267.1,0.4166666666666667,-6.133333333333326,-0.030870581326915905
2023,ADL,0021,Baltimore Ravens,7,5,0,12,2260.6000000000004,2215.4,0.5833333333333334,3.7666666666666893,0.018958563532290883
2023,ADL,0023,Cleveland Browns,6,6,0,12,2004.7999999999997,2264.9,0.5,-21.67500000000003,-0.10909562775993
2023,ADL,0024,Pittsburgh Steelers,4,8,0,12,2456.2999999999997,2823.2000000000003,0.3333333333333333,-30.575000000000045,-0.15389152566366135
2023,ADL,0022,Cincinnati Bengals,5,7,0,12,2252.1,2148.5,0.4166666666666667,8.633333333333326,0.043453698715604464
2024,NFL,KC,KC,15,2,0,17,385.0,326.0,0.8823529411764706,3.4705882352941178,0.15147625160462133
2024,NFL,BAL,BAL,12,5,0,17,518.0,361.0,0.7058823529411765,9.235294117647058,0.4030808729139923
2024,NFL,PHI,PHI,14,3,0,17,463.0,303.0,0.8235294117647058,9.411764705882353,0.41078305519897307
2024,NFL,GB,GB,11,6,0,17,460.0,338.0,0.6470588235294118,7.176470588235294,0.313222079589217
2024,NFL,ATL,ATL,8,9,0,17,389.0,423.0,0.47058823529411764,-2.0,-0.08729139922978178
2024,NFL,PIT,PIT,10,7,0,17,380.0,347.0,0.5882352941176471,1.9411764705882353,0.0847240051347882
2024,NFL,BUF,BUF,13,4,0,17,525.0,368.0,0.7647058823529411,9.235294117647058,0.4030808729139923
2024,NFL,ARI,ARI,8,9,0,17,400.0,379.0,0.47058823529411764,1.2352941176470589,0.05391527599486522
2024,NFL,CHI,CHI,5,12,0,17,310.0,370.0,0.29411764705882354,-3.5294117647058822,-0.1540436456996149
2024,NFL,TEN,TEN,3,14,0,17,311.0,460.0,0.17647058823529413,-8.764705882352942,-0.3825417201540437
2024,NFL,CIN,CIN,9,8,0,17,472.0,434.0,0.5294117647058824,2.235294117647059,0.0975609756097561
2024,NFL,NE,NE,4,13,0,17,289.0,417.0,0.23529411764705882,-7.529411764705882,-0.32862644415917847
2024,NFL,IND,IND,8,9,0,17,377.0,427.0,0.47058823529411764,-2.9411764705882355,-0.1283697047496791
2024,NFL,HOU,HOU,10,7,0,17,372.0,372.0,0.5882352941176471,0.0,0.0
2024,NFL,MIA,MIA,8,9,0,17,345.0,364.0,0.47058823529411764,-1.1176470588235294,-0.04878048780487805
2024,NFL,JAX,JAX,4,13,0,17,320.0,435.0,0.23529411764705882,-6.764705882352941,-0.2952503209242619
2024,NFL,NO,NO,5,12,0,17,338.0,398.0,0.29411764705882354,-3.5294117647058822,-0.1540436456996149
2024,NFL,CAR,CAR,5,12,0,17,341.0,534.0,0.29411764705882354,-11.352941176470589,-0.4955070603337613
2024,NFL,NYG,NYG,3,14,0,17,273.0,415.0,0.17647058823529413,-8.352941176470589,-0.3645699614890886
2024,NFL,MIN,MIN,14,3,0,17,432.0,332.0,0.8235294117647058,5.882352941176471,0.2567394094993582
2024,NFL,LAC,LAC,11,6,0,17,402.0,301.0,0.6470588235294118,5.9411764705882355,0.25930680359435176
2024,NFL,LV,LV,4,13,0,17,309.0,434.0,0.23529411764705882,-7.352941176470588,-0.3209242618741977
2024,NFL,SEA,SEA,10,7,0,17,375.0,368.0,0.5882352941176471,0.4117647058823529,0.01797175866495507
2024,NFL,DEN,DEN,10,7,0,17,425.0,311.0,0.5882352941176471,6.705882352941177,0.29268292682926833
2024,NFL,CLE,CLE,3,14,0,17,258.0,435.0,0.17647058823529413,-10.411764705882353,-0.45442875481386397
2024,NFL,DAL,DAL,7,10,0,17,350.0,468.0,0.4117647058823529,-6.9411764705882355,-0.30295250320924266
2024,NFL,TB,TB,10,7,0,17,502.0,385.0,0.5882352941176471,6.882352941176471,0.3003851091142491
2024,NFL,WAS,WAS,12,5,0,17,485.0,391.0,0.7058823529411765,5.529411764705882,0.24133504492939667
2024,NFL,DET,DET,15,2,0,17,564.0,342.0,0.8823529411764706,13.058823529411764,0.5699614890885751
2024,NFL,LA,LA,10,7,0,17,367.0,386.0,0.5882352941176471,-1.1176470588235294,-0.04878048780487805
2024,NFL,SF,SF,6,11,0,17,389.0,436.0,0.35294117647058826,-2.764705882352941,-0.12066752246469833
2024,NFL,NYJ,NYJ,5,12,0,17,338.0,404.0,0.29411764705882354,-3.8823529411764706,-0.1694480102695764
2024,ADL,0016,Seattle Seahawks,3,9,0,12,1850.0,2348.6,0.25,-41.54999999999999,-0.21063943548546793
2024,ADL,0015,San Francisco 49ers,5,7,0,12,2234.2,2328.7000000000003,0.4166666666666667,-7.875000000000038,-0.039922636689484196
2024,ADL,0014,Los Angeles Rams,9,3,0,12,2595.7,2104.1,0.75,40.96666666666666,0.20768220313809876
2024,ADL,0013,Arizona Cardinals,6,6,0,12,2385.5,2347.6,0.5,3.1583333333333408,0.016011300852184628
2024,ADL,0006,Detroit Lions,6,6,0,12,2419.3,2531.7,0.5,-9.366666666666637,-0.04748470226347077
2024,ADL,0008,Minnesota Vikings,4,8,0,12,2413.7000000000003,2639.6,0.3333333333333333,-18.82499999999997,-0.09543411246724257
2024,ADL,0005,Chicago Bears,6,6,0,12,2584.2000000000007,2551.7000000000003,0.5,2.7083333333333712,0.01373000732707141
2024,ADL,0007,Green Bay Packers,6,6,0,12,2323.6,2390.7999999999997,0.5,-5.5999999999999845,-0.028389430534744103
2024,ADL,0004,Washington Commanders,4,8,0,12,2496.7000000000003,2342.4,0.3333333333333333,12.858333333333348,0.06518585017129512
2024,ADL,0003,Philadelphia Eagles,7,5,0,12,2608.8,2385.5,0.5833333333333334,18.60833333333335,0.09433571188107709
2024,ADL,0002,New York Giants,8,4,0,12,2555.8,2382.1,0.6666666666666666,14.475000000000023,0.07338160839114691
2024,ADL,0001,Dallas Cowboys,7,5,0,12,2361.5,2342.8000000000006,0.5833333333333334,1.5583333333332803,0.007900034985114554
2024,ADL,0009,Atlanta Falcons,6,6,0,12,2252.8,2329.6,0.5,-6.399999999999977,-0.03244506346827895
2024,ADL,0011,New Orleans Saints,4,8,0,12,2137.6,2531.7999999999997,0.3333333333333333,-32.84999999999999,-0.16653442733327606
2024,ADL,0012,Tampa Bay Buccaneers,9,3,0,12,2601.7,2293.9,0.75,25.649999999999977,0.13003373093146206
2024,ADL,0010,Carolina Panthers,6,6,0,12,2291.9,2262.1000000000004,0.5,2.4833333333333107,0.012589360564514419
2024,ADL,0025,Houston Texans,9,3,0,12,2616.4000000000005,2541.4,0.75,6.250000000000038,0.03168463229324147
2024,ADL,0027,Jacksonville Jaguars,5,7,0,12,2225.9,2378.2000000000003,0.4166666666666667,-12.691666666666682,-0.06434092664347536
2024,ADL,0026,Indianapolis Colts,10,2,0,12,2938.2,2299.4,0.8333333333333334,53.23333333333331,0.2698685747856336
2024,ADL,0028,Tennessee Titans,4,8,0,12,2351.2999999999997,2577.3,0.3333333333333333,-18.83333333333337,-0.0954763586436339
2024,ADL,0030,Kansas City Chiefs,8,4,0,12,2668.3,2281.5,0.6666666666666666,32.23333333333335,0.16340821028034308
2024,ADL,0029,Denver Broncos,4,8,0,12,2033.9999999999998,2286.3,0.3333333333333333,-21.025000000000034,-0.10658710303446382
2024,ADL,0032,Los Angeles Chargers,7,5,0,12,2667.4,2422.2000000000003,0.5833333333333334,20.43333333333332,0.1035876245107034
2024,ADL,0031,Las Vegas Raiders,6,6,0,12,2412.5,2397.9,0.5,1.216666666666659,0.006167941753084262
2024,ADL,0018,Miami Dolphins,7,5,0,12,2451.6,2330.7000000000003,0.5833333333333334,10.074999999999969,0.051075627256704774
2024,ADL,0019,New England Patriots,2,10,0,12,1882.0,2355.7999999999997,0.16666666666666666,-39.48333333333331,-0.20016238374050277
2024,ADL,0017,Buffalo Bills,9,3,0,12,2483.7999999999997,2195.2999999999997,0.75,24.041666666666668,0.12188021888800143
2024,ADL,0020,New York Jets,4,8,0,12,1993.4,2259.2,0.3333333333333333,-22.149999999999977,-0.11229033684724696
2024,ADL,0024,Pittsburgh Steelers,6,6,0,12,2303.8,2368.2000000000007,0.5,-5.366666666666712,-0.027206537595796738
2024,ADL,0022,Cincinnati Bengals,7,5,0,12,2288.0000000000005,2234.7999999999997,0.5833333333333334,4.433333333333394,0.022474965840006116
2024,ADL,0021,Baltimore Ravens,1,11,0,12,1997.3999999999999,2352.8,0.08333333333333333,-29.616666666666692,-0.1501429108935728
2024,ADL,0023,Cleveland Browns,7,5,0,12,2319.5,2352.4999999999995,0.5833333333333334,-2.7499999999999623,-0.013941238209025968
2025,NFL,PHI,PHI,11,6,0,17,379.0,325.0,0.6470588235294118,3.176470588235294,0.13803019410496045
2025,NFL,DAL,DAL,7,9,1,17,471.0,511.0,0.4411764705882353,-2.3529411764705883,-0.10224458822589665
2025,NFL,LAC,LAC,11,6,0,17,368.0,340.0,0.6470588235294118,1.6470588235294117,0.07157121175812764
2025,NFL,KC,KC,6,11,0,17,362.0,328.0,0.35294117647058826,2.0,0.08690789999201215
2025,NFL,ATL,ATL,8,9,0,17,353.0,401.0,0.47058823529411764,-2.823529411764706,-0.12269350587107598
2025,NFL,TB,TB,8,9,0,17,380.0,411.0,0.47058823529411764,-1.8235294117647058,-0.0792395558750699
2025,NFL,CLE,CLE,5,12,0,17,279.0,379.0,0.29411764705882354,-5.882352941176471,-0.25561147056474165
2025,NFL,CIN,CIN,6,11,0,17,414.0,492.0,0.35294117647058826,-4.588235294117647,-0.19937694704049844
2025,NFL,IND,IND,8,9,0,17,466.0,412.0,0.47058823529411764,3.176470588235294,0.13803019410496045
2025,NFL,MIA,MIA,7,10,0,17,347.0,424.0,0.4117647058823529,-4.529411764705882,-0.19682083233485104
2025,NFL,JAX,JAX,13,4,0,17,474.0,336.0,0.7647058823529411,8.117647058823529,0.3527438293793434
2025,NFL,CAR,CAR,8,9,0,17,311.0,380.0,0.47058823529411764,-4.0588235294117645,-0.1763719146896717
2025,NFL,NE,NE,14,3,0,17,490.0,320.0,0.8235294117647058,10.0,0.43453949996006075
2025,NFL,LV,LV,3,14,0,17,241.0,432.0,0.17647058823529413,-11.235294117647058,-0.48821790877865645
2025,NFL,NO,NO,6,11,0,17,306.0,383.0,0.35294117647058826,-4.529411764705882,-0.19682083233485104
2025,NFL,ARI,ARI,3,14,0,17,355.0,488.0,0.17647058823529413,-7.823529411764706,-0.3399632558511063
2025,NFL,NYJ,NYJ,3,14,0,17,300.0,503.0,0.17647058823529413,-11.941176470588236,-0.5188912852464255
2025,NFL,PIT,PIT,10,7,0,17,397.0,387.0,0.5882352941176471,0.5882352941176471,0.02556114705647416
2025,NFL,WAS,WAS,5,12,0,17,356.0,451.0,0.29411764705882354,-5.588235294117647,-0.2428308970365045
2025,NFL,NYG,NYG,4,13,0,17,381.0,439.0,0.23529411764705882,-3.411764705882353,-0.14825465292755013
2025,NFL,DEN,DEN,14,3,0,17,401.0,311.0,0.8235294117647058,5.294117647058823,0.23005032350826743
2025,NFL,TEN,TEN,3,14,0,17,284.0,478.0,0.17647058823529413,-11.411764705882353,-0.49588625289559873
2025,NFL,SEA,SEA,14,3,0,17,483.0,292.0,0.8235294117647058,11.235294117647058,0.48821790877865645
2025,NFL,SF,SF,12,5,0,17,437.0,371.0,0.7058823529411765,3.8823529411764706,0.16870357057272944
2025,NFL,GB,GB,9,7,1,17,391.0,360.0,0.5588235294117647,1.8235294117647058,0.0792395558750699
2025,NFL,DET,DET,9,8,0,17,481.0,413.0,0.5294117647058824,4.0,0.1738157999840243
2025,NFL,LA,LA,12,5,0,17,518.0,346.0,0.7058823529411765,10.117647058823529,0.43965172937135555
2025,NFL,HOU,HOU,12,5,0,17,404.0,295.0,0.7058823529411765,6.411764705882353,0.2786165029155684
2025,NFL,BUF,BUF,12,5,0,17,481.0,365.0,0.7058823529411765,6.823529411764706,0.29650930585510027
2025,NFL,BAL,BAL,8,9,0,17,424.0,398.0,0.47058823529411764,1.5294117647058822,0.06645898234683281
2025,NFL,CHI,CHI,11,6,0,17,441.0,415.0,0.6470588235294118,1.5294117647058822,0.06645898234683281
2025,NFL,MIN,MIN,9,8,0,17,344.0,333.0,0.5294117647058824,0.6470588235294118,0.02811726176212158
2025,ADL,0003,Philadelphia Eagles,4,8,0,12,2401.3,2498.5,0.3333333333333333,-8.099999999999985,-0.04302390078387481
2025,ADL,0004,Washington Commanders,7,5,0,12,2372.1,2275.7,0.5833333333333334,8.03333333333334,0.042669794604583776
2025,ADL,0002,New York Giants,9,3,0,12,2558.7000000000003,2441.6,0.75,9.758333333333363,0.05183229199374244
2025,ADL,0001,Dallas Cowboys,6,6,0,12,2322.7000000000003,2274.1,0.5,4.05000000000003,0.021511950391937606
2025,ADL,0005,Chicago Bears,6,6,0,12,2379.7999999999997,2342.3,0.5,3.1249999999999623,0.01659872715427252
2025,ADL,0006,Detroit Lions,6,6,0,12,2321.9000000000005,2285.1,0.5,3.0666666666667197,0.016288884247393245
2025,ADL,0008,Minnesota Vikings,4,8,0,12,2276.3,2441.7000000000003,0.3333333333333333,-13.78333333333334,-0.07321145256844558
2025,ADL,0007,Green Bay Packers,5,7,0,12,2237.0,2456.2000000000003,0.4166666666666667,-18.26666666666669,-0.09702509312577559
2025,ADL,0014,Los Angeles Rams,7,4,1,12,2148.3999999999996,2098.5,0.625,4.158333333333303,0.022087372933285405
2025,ADL,0013,Arizona Cardinals,6,6,0,12,2176.7999999999997,2222.6,0.5,-3.816666666666682,-0.020272578764418497
2025,ADL,0015,San Francisco 49ers,6,6,0,12,2136.6,2149.5,0.5,-1.0750000000000075,-0.005709962141069855
2025,ADL,0016,Seattle Seahawks,3,8,1,12,1869.2,1996.6000000000001,0.2916666666666667,-10.616666666666674,-0.05639140905211589
2025,ADL,0012,Tampa Bay Buccaneers,5,7,0,12,2308.2000000000003,2171.8999999999996,0.4166666666666667,11.358333333333386,0.06033084029673019
2025,ADL,0009,Atlanta Falcons,4,8,0,12,1772.6000000000001,2239.9,0.3333333333333333,-38.94166666666666,-0.20684227197844376
2025,ADL,0010,Carolina Panthers,8,4,0,12,2395.8,2112.2999999999997,0.6666666666666666,23.62500000000004,0.12548637728630196
2025,ADL,0011,New Orleans Saints,9,3,0,12,2421.7000000000003,2092.6,0.75,27.42500000000003,0.14567042950589754
2025,ADL,0026,Indianapolis Colts,6,6,0,12,2269.2000000000003,2294.6,0.5,-2.1166666666666365,-0.011242871192493896
2025,ADL,0028,Tennessee Titans,4,8,0,12,2235.6,2535.6,0.3333333333333333,-25.0,-0.13278981723418176
2025,ADL,0025,Houston Texans,5,7,0,12,2350.5,2241.8,0.4166666666666667,9.058333333333318,0.048114177111185104
2025,ADL,0027,Jacksonville Jaguars,7,5,0,12,2134.8,2157.2,0.5833333333333334,-1.8666666666666363,-0.009914973020152077
2025,ADL,0030,Kansas City Chiefs,11,1,0,12,2771.7999999999997,2026.4,0.9166666666666666,62.11666666666664,0.32993843255453015
2025,ADL,0031,Las Vegas Raiders,10,2,0,12,2647.6,2174.4999999999995,0.8333333333333334,39.42500000000003,0.20940954177830481
2025,ADL,0032,Los Angeles Chargers,3,9,0,12,2158.9,2452.3999999999996,0.25,-24.458333333333297,-0.12991270452744097
2025,ADL,0029,Denver Broncos,4,8,0,12,1895.9999999999998,2377.0,0.3333333333333333,-40.08333333333335,-0.21290634029880484
2025,ADL,0018,Miami Dolphins,7,5,0,12,2496.3,2365.2000000000003,0.5833333333333334,10.924999999999992,0.05802915013133739
2025,ADL,0019,New England Patriots,3,9,0,12,1979.1999999999998,2440.3,0.25,-38.42500000000003,-0.20409794908893752
2025,ADL,0017,Buffalo Bills,5,7,0,12,2270.8,2307.2999999999997,0.4166666666666667,-3.0416666666666288,-0.016156094430158578
2025,ADL,0020,New York Jets,12,0,0,12,2346.6,1962.1,1.0,32.041666666666664,0.17019228242180962
2025,ADL,0024,Pittsburgh Steelers,3,9,0,12,2038.4999999999998,2344.3,0.25,-25.483333333333366,-0.13535708703404278
2025,ADL,0022,Cincinnati Bengals,2,10,0,12,2014.6999999999998,2274.8,0.16666666666666666,-21.67500000000003,-0.11512877154203574
2025,ADL,0023,Cleveland Browns,5,7,0,12,2095.3,2208.9,0.4166666666666667,-9.46666666666666,-0.050283077459343455
2025,ADL,0021,Baltimore Ravens,9,3,0,12,2489.7999999999997,2033.2,0.75,38.049999999999976,0.20210610183042452
2026,NFL,SEA,SEA,3,1,0,4,105.0,73.0,0.75,8.0,0.34617985125084516
2026,NFL,NE,NE,2,2,0,4,65.0,77.0,0.5,-3.0,-0.12981744421906694
2026,NFL,LA,LA,2,2,0,4,85.0,83.0,0.5,0.5,0.021636240703177823
2026,NFL,SF,SF,4,0,0,4,122.0,64.0,1.0,14.5,0.6274509803921569
2026,NFL,CAR,CAR,2,2,0,4,121.0,109.0,0.5,3.0,0.12981744421906694
2026,NFL,CHI,CHI,3,1,0,4,112.0,65.0,0.75,11.75,0.5084516565246788
2026,NFL,CIN,CIN,2,2,0,4,97.0,85.0,0.5,3.0,0.12981744421906694
2026,NFL,TB,TB,0,4,0,4,76.0,96.0,0.0,-5.0,-0.21636240703177823
2026,NFL,DET,DET,2,2,0,4,119.0,127.0,0.5,-2.0,-0.08654496281271129
2026,NFL,NO,NO,1,3,0,4,105.0,128.0,0.25,-5.75,-0.24881676808654496
2026,NFL,HOU,HOU,0,4,0,4,84.0,109.0,0.0,-6.25,-0.2704530087897228
2026,NFL,BUF,BUF,3,1,0,4,127.0,107.0,0.75,5.0,0.21636240703177823
2026,NFL,IND,IND,2,2,0,4,102.0,104.0,0.5,-0.5,-0.021636240703177823
2026,NFL,BAL,BAL,3,1,0,4,116.0,96.0,0.75,5.0,0.21636240703177823
2026,NFL,JAX,JAX,3,1,0,4,104.0,53.0,0.75,12.75,0.5517241379310345
2026,NFL,CLE,CLE,3,1,0,4,81.0,95.0,0.75,-3.5,-0.15145368492224476
2026,NFL,PIT,PIT,2,2,0,4,77.0,87.0,0.5,-2.5,-0.10818120351588911
2026,NFL,ATL,ATL,2,2,0,4,96.0,92.0,0.5,1.0,0.043272481406355645
2026,NFL,TEN,TEN,0,4,0,4,55.0,83.0,0.0,-7.0,-0.3029073698444895
2026,NFL,NYJ,NYJ,1,3,0,4,76.0,84.0,0.25,-2.0,-0.08654496281271129
2026,NFL,LAC,LAC,0,4,0,4,67.0,106.0,0.0,-9.75,-0.42190669371196754
2026,NFL,ARI,ARI,1,3,0,4,87.0,117.0,0.25,-7.5,-0.32454361054766734
2026,NFL,LV,LV,3,1,0,4,115.0,84.0,0.75,7.75,0.33536173089925625
2026,NFL,MIA,MIA,0,4,0,4,46.0,101.0,0.0,-13.75,-0.5949966193373901
2026,NFL,MIN,MIN,4,0,0,4,86.0,51.0,1.0,8.75,0.3786342123056119
2026,NFL,GB,GB,2,2,0,4,73.0,105.0,0.5,-8.0,-0.34617985125084516
2026,NFL,PHI,PHI,2,2,0,4,75.0,93.0,0.5,-4.5,-0.1947261663286004
2026,NFL,WAS,WAS,1,3,0,4,88.0,122.0,0.25,-8.5,-0.367816091954023
2026,NFL,NYG,NYG,3,1,0,4,82.0,79.0,0.75,0.75,0.032454361054766734
2026,NFL,DAL,DAL,2,2,0,4,122.0,112.0,0.5,2.5,0.10818120351588911
2026,NFL,KC,KC,4,0,0,4,118.0,77.0,1.0,10.25,0.44354293441514536
2026,NFL,DEN,DEN,2,2,0,4,74.0,94.0,0.5,-5.0,-0.21636240703177823
2026,ADL,0003,Philadelphia Eagles,2,2,0,4,859.4,812.4000000000001,0.5,11.749999999999972,0.05905357226995007
2026,ADL,0004,Washington Commanders,4,0,0,4,948.2,818.1999999999999,1.0,32.50000000000003,0.16333966798071348
2026,ADL,0002,New York Giants,2,2,0,4,794.7,848.8,0.5,-13.524999999999977,-0.06797443105966598
2026,ADL,0001,Dallas Cowboys,1,3,0,4,755.8,827.1999999999999,0.25,-17.849999999999994,-0.08971117149094561
2026,ADL,0005,Chicago Bears,3,1,0,4,888.9,767.3,0.75,30.400000000000006,0.15278541251119035
2026,ADL,0008,Minnesota Vikings,2,2,0,4,773.5999999999999,816.1,0.5,-10.625000000000028,-0.05339950683984874
2026,ADL,0007,Green Bay Packers,1,3,0,4,707.3,764.5,0.25,-14.300000000000011,-0.07186945391151393
2026,ADL,0006,Detroit Lions,2,2,0,4,764.5,807.6,0.5,-10.775000000000006,-0.05415338223052884
2026,ADL,0014,Los Angeles Rams,3,1,0,4,881.8000000000001,730.0,0.75,37.95000000000002,0.1907304738420946
2026,ADL,0016,Seattle Seahawks,1,3,0,4,792.3,926.3,0.25,-33.5,-0.16836550391858146
2026,ADL,0015,San Francisco 49ers,3,1,0,4,766.3,788.5,0.75,-5.550000000000011,-0.02789338945516803
2026,ADL,0013,Arizona Cardinals,3,1,0,4,823.6,730.8,0.75,23.200000000000017,0.11659939375854007
2026,ADL,0012,Tampa Bay Buccaneers,2,2,0,4,759.5,716.6999999999999,0.5,10.700000000000017,0.05377644453518879
2026,ADL,0009,Atlanta Falcons,0,4,0,4,689.6,882.5,0.0,-48.224999999999994,-0.24237093810368923
2026,ADL,0010,Carolina Panthers,1,3,0,4,792.5999999999999,860.6999999999999,0.25,-17.025000000000006,-0.08556485684220448
2026,ADL,0011,New Orleans Saints,2,2,0,4,817.0,717.5,0.5,24.875,0.12501766895446906
2026,ADL,0025,Houston Texans,3,1,0,4,886.1,782.1999999999999,0.75,25.975000000000023,0.1305460884861241
2026,ADL,0028,Tennessee Titans,0,4,0,4,685.2,831.1,0.0,-36.474999999999994,-0.18331736583373903
2026,ADL,0027,Jacksonville Jaguars,1,2,1,4,786.6999999999999,882.8,0.375,-24.025000000000006,-0.1207457084072812
2026,ADL,0026,Indianapolis Colts,3,0,1,4,816.7,752.7,0.875,16.0,0.08041337500588965
2026,ADL,0030,Kansas City Chiefs,0,4,0,4,760.8,952.2,0.0,-47.85000000000002,-0.24048624962698884
2026,ADL,0029,Denver Broncos,3,1,0,4,836.9,793.3,0.75,10.900000000000006,0.05478161172276235
2026,ADL,0031,Las Vegas Raiders,3,1,0,4,1002.6,776.4000000000001,0.75,56.54999999999998,0.28421102228644113
2026,ADL,0032,Los Angeles Chargers,3,1,0,4,729.1999999999999,778.8,0.75,-12.400000000000006,-0.06232036562956451
2026,ADL,0018,Miami Dolphins,3,1,0,4,860.9000000000001,770.1000000000001,0.75,22.69999999999999,0.11408647578960587
2026,ADL,0017,Buffalo Bills,2,2,0,4,862.0,764.9,0.5,24.275000000000006,0.12200216739174823
2026,ADL,0020,New York Jets,3,1,0,4,818.5,695.3,0.75,30.80000000000001,0.15479574688633763
2026,ADL,0019,New England Patriots,1,3,0,4,681.7,760.5,0.25,-19.69999999999999,-0.09900896797600157
2026,ADL,0023,Cleveland Browns,0,4,0,4,739.4999999999999,926.5,0.0,-46.75000000000003,-0.23495783009533394
2026,ADL,0022,Cincinnati Bengals,3,1,0,4,701.8,686.5,0.75,3.8249999999999886,0.019223822462345438
2026,ADL,0021,Baltimore Ravens,3,1,0,4,824.5999999999999,652.8,0.75,42.94999999999999,0.21585965353143496
2026,ADL,0024,Pittsburgh Steelers,0,4,0,4,660.0999999999999,847.2,0.0,-46.775000000000034,-0.23508347599378068
