season,week,adl_bye_entries_excluded,adl_postseason_entries_excluded,duplicate_matchups_excluded
2021,1,0,0,0
2021,2,0,0,0
2021,3,0,0,0
2021,4,0,0,0
2021,5,0,0,0
2021,6,0,0,0
2021,7,0,0,0
2021,8,0,0,0
2021,9,0,0,0
2021,10,0,0,0
2021,11,0,0,0
2021,12,0,0,0
2022,1,0,0,0
2022,2,0,0,0
2022,3,0,0,0
2022,4,0,0,0
2022,5,0,0,0
2022,6,0,0,0
2022,7,0,0,0
2022,8,0,0,0
2022,9,0,0,0
2022,10,0,0,0
2022,11,0,0,0
2022,12,0,0,0
2023,1,0,0,0
2023,2,0,0,0
2023,3,0,0,0
2023,4,0,0,0
2023,5,0,0,0
2023,6,0,0,0
2023,7,0,0,0
2023,8,0,0,0
2023,9,0,0,0
2023,10,0,0,0
2023,11,0,0,0
2023,12,0,0,0
2024,1,0,0,0
2024,2,0,0,0
2024,3,0,0,0
2024,4,0,0,0
2024,5,0,0,0
2024,6,0,0,0
2024,7,0,0,0
2024,8,0,0,0
2024,9,0,0,0
2024,10,0,0,0
2024,11,0,0,0
2024,12,0,0,0
2025,1,0,0,0
2025,2,0,0,0
2025,3,0,0,0
2025,4,0,0,0
2025,5,0,0,0
2025,6,0,0,0
2025,7,0,0,0
2025,8,0,0,0
2025,9,0,0,0
2025,10,0,0,0
2025,11,0,0,0
2025,12,0,0,0
2026,1,0,0,0
2026,2,0,0,0
2026,3,0,0,0
2026,4,0,0,0
