SEASON,WEEK,WAIVER_WINDOW_START_ET,WAIVER_WINDOW_END_ET,DATE,CONF,FRAN,FRANCHISE_ID,PLAYER,PLAYER_ID,SALARY,YEARS,CONTRACT,FG,1.XX+,RVSD?,SALARY_SNAPSHOT_TIME_ET,WAIVER_STATUS,NOTES
2026,1,09/06/2026 05:00 AM EDT,09/08/2026 03:30 AM EDT,09/07/2026 07:49:44,AFC,BAL,0021,Bobby Wagner,10775,2.1,1,2026 UFA,,,,09/06/2026 08:58 AM EDT,Not rostered in same conference at cap run,Dropped in waiver-correction window; verify whether prior-week cap correction is needed.
2026,1,09/06/2026 05:00 AM EDT,09/08/2026 03:30 AM EDT,09/07/2026 07:55:41,AFC,BAL,0021,Jeremy Reaves,14434,1.1,1,2026 UFA,,,,09/06/2026 08:58 AM EDT,Not rostered in same conference at cap run,Dropped in waiver-correction window; verify whether prior-week cap correction is needed.
2026,1,09/06/2026 05:00 AM EDT,09/08/2026 03:30 AM EDT,09/07/2026 07:55:41,AFC,BAL,0021,TVondre Sweat,16693,1.23,2,2024 3.19,,,,09/06/2026 08:58 AM EDT,Not rostered in same conference at cap run,Dropped in waiver-correction window; verify whether prior-week cap correction is needed.
2026,1,09/06/2026 05:00 AM EDT,09/08/2026 03:30 AM EDT,09/07/2026 13:15:24,AFC,BUF,0017,Arik Armstead,12218,1.1,1,2026 UFA,,,,09/07/2026 11:09 AM EDT,Not rostered in same conference at cap run,Dropped in waiver-correction window; verify whether prior-week cap correction is needed.
2026,1,09/06/2026 05:00 AM EDT,09/08/2026 03:30 AM EDT,09/07/2026 11:35:44,AFC,CIN,0022,Cameron Thomas,15814,1.1,1,2026 UFA,,,,09/07/2026 11:09 AM EDT,Not rostered in same conference at cap run,Dropped in waiver-correction window; verify whether prior-week cap correction is needed.
2026,1,09/06/2026 05:00 AM EDT,09/08/2026 03:30 AM EDT,09/07/2026 11:35:44,AFC,CIN,0022,Jacob Cowing,16640,1.22,2,2024 4.01,,,,09/07/2026 11:09 AM EDT,Not rostered in same conference at cap run,Dropped in waiver-correction window; verify whether prior-week cap correction is needed.
2026,1,09/06/2026 05:00 AM EDT,09/08/2026 03:30 AM EDT,09/07/2026 11:42:18,AFC,CIN,0022,Darius Slayton,14122,1.1,1,2025 R/F,,,,09/07/2026 11:09 AM EDT,Not rostered in same conference at cap run,Dropped in waiver-correction window; verify whether prior-week cap correction is needed.
2026,1,09/06/2026 05:00 AM EDT,09/08/2026 03:30 AM EDT,09/06/2026 17:21:50,AFC,DEN,0029,Vernon Broughton,17158,1.1,1,2026 R/F,,,,09/06/2026 08:58 AM EDT,Not rostered in same conference at cap run,Dropped in waiver-correction window; verify whether prior-week cap correction is needed.
2026,1,09/06/2026 05:00 AM EDT,09/08/2026 03:30 AM EDT,09/06/2026 18:20:44,AFC,DEN,0029,Greg Dulcich,15797,1.1,1,2026 UFA,,,,09/06/2026 08:58 AM EDT,Not rostered in same conference at cap run,Dropped in waiver-correction window; verify whether prior-week cap correction is needed.
2026,1,09/06/2026 05:00 AM EDT,09/08/2026 03:30 AM EDT,09/07/2026 12:54:25,AFC,DEN,0029,Dante Trader,17202,1.1,1,2026 R/F,,,,09/07/2026 11:09 AM EDT,Not rostered in same conference at cap run,Dropped in waiver-correction window; verify whether prior-week cap correction is needed.
2026,1,09/06/2026 05:00 AM EDT,09/08/2026 03:30 AM EDT,09/07/2026 11:13:49,AFC,HOU,0025,Dalvin Tomlinson,13260,1.1,1,2026 R/F,,,,09/07/2026 11:09 AM EDT,Not rostered in same conference at cap run,Dropped in waiver-correction window; verify whether prior-week cap correction is needed.
2026,1,09/06/2026 05:00 AM EDT,09/08/2026 03:30 AM EDT,09/07/2026 11:13:49,AFC,HOU,0025,Darrell Baker,16139,1.1,1,2026 R/F,,,,09/07/2026 11:09 AM EDT,Not rostered in same conference at cap run,Dropped in waiver-correction window; verify whether prior-week cap correction is needed.
2026,1,09/06/2026 05:00 AM EDT,09/08/2026 03:30 AM EDT,09/07/2026 11:13:49,AFC,HOU,0025,David Ojabo,15807,1.1,1,2026 UFA,,,,09/07/2026 11:09 AM EDT,Not rostered in same conference at cap run,Dropped in waiver-correction window; verify whether prior-week cap correction is needed.
2026,1,09/06/2026 05:00 AM EDT,09/08/2026 03:30 AM EDT,09/07/2026 11:13:49,AFC,HOU,0025,Gardner Minshew,14067,1.1,1,2026 R/F,,,,09/07/2026 11:09 AM EDT,Not rostered in same conference at cap run,Dropped in waiver-correction window; verify whether prior-week cap correction is needed.
2026,1,09/06/2026 05:00 AM EDT,09/08/2026 03:30 AM EDT,09/07/2026 11:13:49,AFC,HOU,0025,Jalen Milroe,17033,1.29,3,2025 3.13,,,,09/07/2026 11:09 AM EDT,Not rostered in same conference at cap run,Dropped in waiver-correction window; verify whether prior-week cap correction is needed.
2026,1,09/06/2026 05:00 AM EDT,09/08/2026 03:30 AM EDT,09/07/2026 11:13:49,AFC,HOU,0025,Jason Sanders,13832,1.1,1,2026 R/F,,,,09/07/2026 11:09 AM EDT,Not rostered in same conference at cap run,Dropped in waiver-correction window; verify whether prior-week cap correction is needed.
2026,1,09/06/2026 05:00 AM EDT,09/08/2026 03:30 AM EDT,09/07/2026 11:13:49,AFC,HOU,0025,Micah McFadden,15890,1.1,1,2026 R/F,,,,09/07/2026 11:09 AM EDT,Not rostered in same conference at cap run,Dropped in waiver-correction window; verify whether prior-week cap correction is needed.
2026,1,09/06/2026 05:00 AM EDT,09/08/2026 03:30 AM EDT,09/07/2026 11:13:49,AFC,HOU,0025,Tyler Higbee,12678,1.1,1,2026 R/F,,,,09/07/2026 11:09 AM EDT,Not rostered in same conference at cap run,Dropped in waiver-correction window; verify whether prior-week cap correction is needed.
2026,1,09/06/2026 05:00 AM EDT,09/08/2026 03:30 AM EDT,09/07/2026 11:13:49,AFC,HOU,0025,Xavier Legette,16639,2.57,2,2024 1.15,x,,,09/07/2026 11:09 AM EDT,Not rostered in same conference at cap run,Dropped in waiver-correction window; verify whether prior-week cap correction is needed.
2026,1,09/06/2026 05:00 AM EDT,09/08/2026 03:30 AM EDT,09/07/2026 11:13:49,AFC,HOU,0025,Zyon McCollum,15895,1.1,1,2026 UFA,,,,09/07/2026 11:09 AM EDT,Not rostered in same conference at cap run,Dropped in waiver-correction window; verify whether prior-week cap correction is needed.
2026,1,09/06/2026 05:00 AM EDT,09/08/2026 03:30 AM EDT,09/07/2026 08:32:30,AFC,IND,0026,Alvin Kamara,13132,2.1,1,2026 UFA,,,,09/06/2026 08:58 AM EDT,Not rostered in same conference at cap run,Dropped in waiver-correction window; verify whether prior-week cap correction is needed.
2026,1,09/06/2026 05:00 AM EDT,09/08/2026 03:30 AM EDT,09/07/2026 08:38:51,AFC,IND,0026,Isaiah Pola-Mao,16102,1.1,1,2026 R/F,,,,09/06/2026 08:58 AM EDT,Not rostered in same conference at cap run,Dropped in waiver-correction window; verify whether prior-week cap correction is needed.
2026,1,09/06/2026 05:00 AM EDT,09/08/2026 03:30 AM EDT,09/06/2026 21:08:32,AFC,JAC,0027,Demarcus Robinson,12785,1.1,1,2026 R/F,,,,09/06/2026 08:58 AM EDT,Not rostered in same conference at cap run,Dropped in waiver-correction window; verify whether prior-week cap correction is needed.
2026,1,09/06/2026 05:00 AM EDT,09/08/2026 03:30 AM EDT,09/06/2026 21:08:32,AFC,JAC,0027,Elandon Roberts,12831,1.1,1,2026 R/F,,,,09/06/2026 08:58 AM EDT,Not rostered in same conference at cap run,Dropped in waiver-correction window; verify whether prior-week cap correction is needed.
2026,1,09/06/2026 05:00 AM EDT,09/08/2026 03:30 AM EDT,09/06/2026 21:08:32,AFC,JAC,0027,Shaq Thompson,12231,1.1,1,2026 R/F,,,,09/06/2026 08:58 AM EDT,Not rostered in same conference at cap run,Dropped in waiver-correction window; verify whether prior-week cap correction is needed.
2026,1,09/06/2026 05:00 AM EDT,09/08/2026 03:30 AM EDT,09/06/2026 21:08:32,AFC,JAC,0027,Winston Reid,16926,1.1,1,2026 UFA,,,,09/06/2026 08:58 AM EDT,Not rostered in same conference at cap run,Dropped in waiver-correction window; verify whether prior-week cap correction is needed.
2026,1,09/06/2026 05:00 AM EDT,09/08/2026 03:30 AM EDT,09/06/2026 21:10:10,AFC,JAC,0027,Johnny Hekker,10945,1.1,1,2026 UFA,,,,09/06/2026 08:58 AM EDT,Not rostered in same conference at cap run,Dropped in waiver-correction window; verify whether prior-week cap correction is needed.
2026,1,09/06/2026 05:00 AM EDT,09/08/2026 03:30 AM EDT,09/06/2026 23:12:07,AFC,KCC,0030,Blake Grupe,16444,1.1,1,2026 R/F,,,,09/06/2026 08:58 AM EDT,Not rostered in same conference at cap run,Dropped in waiver-correction window; verify whether prior-week cap correction is needed.
2026,1,09/06/2026 05:00 AM EDT,09/08/2026 03:30 AM EDT,09/06/2026 23:12:07,AFC,KCC,0030,Emanuel Wilson,16432,2,1,2026 UFA,,,,09/06/2026 08:58 AM EDT,Not rostered in same conference at cap run,Dropped in waiver-correction window; verify whether prior-week cap correction is needed.
2026,1,09/06/2026 05:00 AM EDT,09/08/2026 03:30 AM EDT,09/06/2026 23:12:07,AFC,KCC,0030,Jameis Winston,12140,2,1,2026 UFA,,,,09/06/2026 08:58 AM EDT,Not rostered in same conference at cap run,Dropped in waiver-correction window; verify whether prior-week cap correction is needed.
2026,1,09/06/2026 05:00 AM EDT,09/08/2026 03:30 AM EDT,09/06/2026 23:12:07,AFC,KCC,0030,Justin Fields,15238,1.9,1,2026 UFA,,,,09/06/2026 08:58 AM EDT,Not rostered in same conference at cap run,Dropped in waiver-correction window; verify whether prior-week cap correction is needed.
2026,1,09/06/2026 05:00 AM EDT,09/08/2026 03:30 AM EDT,09/06/2026 23:12:07,AFC,KCC,0030,Maliek Collins,12754,1.1,1,2026 R/F,,,,09/06/2026 08:58 AM EDT,Not rostered in same conference at cap run,Dropped in waiver-correction window; verify whether prior-week cap correction is needed.
2026,1,09/06/2026 05:00 AM EDT,09/08/2026 03:30 AM EDT,09/06/2026 23:12:07,AFC,KCC,0030,Rock Ya-Sin,14198,1.1,1,2026 UFA,,,,09/06/2026 08:58 AM EDT,Not rostered in same conference at cap run,Dropped in waiver-correction window; verify whether prior-week cap correction is needed.
2026,1,09/06/2026 05:00 AM EDT,09/08/2026 03:30 AM EDT,09/06/2026 23:12:07,AFC,KCC,0030,Roger McCreary,15849,1.1,1,2026 R/F,,,,09/06/2026 08:58 AM EDT,Not rostered in same conference at cap run,Dropped in waiver-correction window; verify whether prior-week cap correction is needed.
2026,1,09/06/2026 05:00 AM EDT,09/08/2026 03:30 AM EDT,09/06/2026 23:12:07,AFC,KCC,0030,Sam Martin,11383,1.1,1,2026 R/F,,,,09/06/2026 08:58 AM EDT,Not rostered in same conference at cap run,Dropped in waiver-correction window; verify whether prior-week cap correction is needed.
2026,1,09/06/2026 05:00 AM EDT,09/08/2026 03:30 AM EDT,09/06/2026 23:12:07,AFC,KCC,0030,Trey Benson,16594,1.98,2,2024 2.06,,,,09/06/2026 08:58 AM EDT,Not rostered in same conference at cap run,Dropped in waiver-correction window; verify whether prior-week cap correction is needed.
2026,1,09/06/2026 05:00 AM EDT,09/08/2026 03:30 AM EDT,09/06/2026 23:12:07,AFC,KCC,0030,Wil Lutz,12956,1.1,1,2026 R/F,,,,09/06/2026 08:58 AM EDT,Not rostered in same conference at cap run,Dropped in waiver-correction window; verify whether prior-week cap correction is needed.
2026,1,09/06/2026 05:00 AM EDT,09/08/2026 03:30 AM EDT,09/06/2026 23:54:46,AFC,KCC,0030,ArDarius Washington,15510,1.1,1,2026 ERFA,,,,09/06/2026 08:58 AM EDT,Not rostered in same conference at cap run,Dropped in waiver-correction window; verify whether prior-week cap correction is needed.
2026,1,09/06/2026 05:00 AM EDT,09/08/2026 03:30 AM EDT,09/06/2026 23:54:46,AFC,KCC,0030,Cole Kmet,14867,1.1,1,2026 UFA,,,,09/06/2026 08:58 AM EDT,Not rostered in same conference at cap run,Dropped in waiver-correction window; verify whether prior-week cap correction is needed.
2026,1,09/06/2026 05:00 AM EDT,09/08/2026 03:30 AM EDT,09/06/2026 23:54:46,AFC,KCC,0030,Cordale Flott,15866,1.1,1,2026 R/F,,,,09/06/2026 08:58 AM EDT,Not rostered in same conference at cap run,Dropped in waiver-correction window; verify whether prior-week cap correction is needed.
2026,1,09/06/2026 05:00 AM EDT,09/08/2026 03:30 AM EDT,09/06/2026 23:54:46,AFC,KCC,0030,Dondrea Tillman,16923,2,1,2026 UFA,,,,09/06/2026 08:58 AM EDT,Not rostered in same conference at cap run,Dropped in waiver-correction window; verify whether prior-week cap correction is needed.
2026,1,09/06/2026 05:00 AM EDT,09/08/2026 03:30 AM EDT,09/06/2026 23:54:46,AFC,KCC,0030,Elijah Molden,15402,1.1,1,2026 R/F,,,,09/06/2026 08:58 AM EDT,Not rostered in same conference at cap run,Dropped in waiver-correction window; verify whether prior-week cap correction is needed.
2026,1,09/06/2026 05:00 AM EDT,09/08/2026 03:30 AM EDT,09/06/2026 23:54:46,AFC,KCC,0030,Jordan van den Berg,17666,1.1,1,2026 UFA,,,,09/06/2026 08:58 AM EDT,Not rostered in same conference at cap run,Dropped in waiver-correction window; verify whether prior-week cap correction is needed.
2026,1,09/06/2026 05:00 AM EDT,09/08/2026 03:30 AM EDT,09/06/2026 23:54:46,AFC,KCC,0030,Tershawn Wharton,15081,1.1,1,2025 R/F,,,,09/06/2026 08:58 AM EDT,Not rostered in same conference at cap run,Dropped in waiver-correction window; verify whether prior-week cap correction is needed.
2026,1,09/06/2026 05:00 AM EDT,09/08/2026 03:30 AM EDT,09/07/2026 00:06:33,AFC,KCC,0030,Adam Butler,13448,1.1,1,2026 UFA,,,,09/06/2026 08:58 AM EDT,Not rostered in same conference at cap run,Dropped in waiver-correction window; verify whether prior-week cap correction is needed.
2026,1,09/06/2026 05:00 AM EDT,09/08/2026 03:30 AM EDT,09/07/2026 00:06:33,AFC,KCC,0030,Kimani Vidal,16757,2.3,1,2026 UFA,,,,09/06/2026 08:58 AM EDT,Not rostered in same conference at cap run,Dropped in waiver-correction window; verify whether prior-week cap correction is needed.
2026,1,09/06/2026 05:00 AM EDT,09/08/2026 03:30 AM EDT,09/07/2026 00:06:33,AFC,KCC,0030,Tyquan Thornton,15787,2.4,1,2026 B/R,,,,09/06/2026 08:58 AM EDT,Not rostered in same conference at cap run,Dropped in waiver-correction window; verify whether prior-week cap correction is needed.
2026,1,09/06/2026 05:00 AM EDT,09/08/2026 03:30 AM EDT,09/07/2026 00:06:33,AFC,KCC,0030,Xavier Woods,13325,1.1,1,2026 UFA,,,,09/06/2026 08:58 AM EDT,Not rostered in same conference at cap run,Dropped in waiver-correction window; verify whether prior-week cap correction is needed.
2026,1,09/06/2026 05:00 AM EDT,09/08/2026 03:30 AM EDT,09/06/2026 15:37:21,AFC,LAC,0032,Jahdae Walker,17353,1.1,1,2026 UFA,,,,09/06/2026 08:58 AM EDT,Not rostered in same conference at cap run,Dropped in waiver-correction window; verify whether prior-week cap correction is needed.
2026,1,09/06/2026 05:00 AM EDT,09/08/2026 03:30 AM EDT,09/07/2026 15:03:57,AFC,LAC,0032,Ifeatu Melifonwu,15363,2.06,2,2024 oEXT,,,,09/07/2026 11:09 AM EDT,Not rostered in same conference at cap run,Dropped in waiver-correction window; verify whether prior-week cap correction is needed.
2026,1,09/06/2026 05:00 AM EDT,09/08/2026 03:30 AM EDT,09/07/2026 12:01:06,AFC,PIT,0024,Dylan Laube,16613,1.1,1,2026 R/F,,,,09/07/2026 11:09 AM EDT,Not rostered in same conference at cap run,Dropped in waiver-correction window; verify whether prior-week cap correction is needed.
2026,1,09/06/2026 05:00 AM EDT,09/08/2026 03:30 AM EDT,09/07/2026 12:01:06,AFC,PIT,0024,JaLynn Polk,16631,1.1,1,2026 R/F,,,,09/07/2026 11:09 AM EDT,Not rostered in same conference at cap run,Dropped in waiver-correction window; verify whether prior-week cap correction is needed.
2026,1,09/06/2026 05:00 AM EDT,09/08/2026 03:30 AM EDT,09/07/2026 12:01:06,AFC,PIT,0024,John Metchie,15759,1.1,1,2026 R/F,,,,09/07/2026 11:09 AM EDT,Not rostered in same conference at cap run,Dropped in waiver-correction window; verify whether prior-week cap correction is needed.
2026,1,09/06/2026 05:00 AM EDT,09/08/2026 03:30 AM EDT,09/07/2026 12:01:06,AFC,PIT,0024,Xavier Restrepo,17077,1.1,1,2026 R/F,,,,09/07/2026 11:09 AM EDT,Not rostered in same conference at cap run,Dropped in waiver-correction window; verify whether prior-week cap correction is needed.
2026,1,09/06/2026 05:00 AM EDT,09/08/2026 03:30 AM EDT,09/07/2026 12:04:09,AFC,PIT,0024,Dante Fowler,12217,1.1,1,2026 UFA,,,,09/07/2026 11:09 AM EDT,Not rostered in same conference at cap run,Dropped in waiver-correction window; verify whether prior-week cap correction is needed.
2026,1,09/06/2026 05:00 AM EDT,09/08/2026 03:30 AM EDT,09/07/2026 10:15:19,AFC,TEN,0028,DJ Jones,13332,1.1,1,2025 R/F,,,,09/06/2026 08:58 AM EDT,Not rostered in same conference at cap run,Dropped in waiver-correction window; verify whether prior-week cap correction is needed.
2026,1,09/06/2026 05:00 AM EDT,09/08/2026 03:30 AM EDT,09/07/2026 10:15:19,AFC,TEN,0028,Darnell Washington,16216,2,1,2026 UFA,,,,09/06/2026 08:58 AM EDT,Not rostered in same conference at cap run,Dropped in waiver-correction window; verify whether prior-week cap correction is needed.
2026,1,09/06/2026 05:00 AM EDT,09/08/2026 03:30 AM EDT,09/07/2026 10:15:19,AFC,TEN,0028,Marvin Mims,16189,1.38,1,2023 3.13,,,,09/06/2026 08:58 AM EDT,Not rostered in same conference at cap run,Dropped in waiver-correction window; verify whether prior-week cap correction is needed.
2026,1,09/06/2026 05:00 AM EDT,09/08/2026 03:30 AM EDT,09/07/2026 10:15:19,AFC,TEN,0028,Michael Hall,16661,1.28,2,2024 3.15,,,,09/06/2026 08:58 AM EDT,Not rostered in same conference at cap run,Dropped in waiver-correction window; verify whether prior-week cap correction is needed.
2026,1,09/06/2026 05:00 AM EDT,09/08/2026 03:30 AM EDT,09/07/2026 10:15:19,AFC,TEN,0028,Samaje Perine,13133,1.1,1,2026 UFA,,,,09/06/2026 08:58 AM EDT,Not rostered in same conference at cap run,Dropped in waiver-correction window; verify whether prior-week cap correction is needed.
2026,1,09/06/2026 05:00 AM EDT,09/08/2026 03:30 AM EDT,09/07/2026 10:23:02,AFC,TEN,0028,Levi Onwuzurike,15382,1.1,1,2026 UFA,,,,09/06/2026 08:58 AM EDT,Not rostered in same conference at cap run,Dropped in waiver-correction window; verify whether prior-week cap correction is needed.
2026,1,09/06/2026 05:00 AM EDT,09/08/2026 03:30 AM EDT,09/07/2026 10:23:02,AFC,TEN,0028,Mack Hollins,13289,1.1,1,2025 R/F,,,,09/06/2026 08:58 AM EDT,Not rostered in same conference at cap run,Dropped in waiver-correction window; verify whether prior-week cap correction is needed.
2026,1,09/06/2026 05:00 AM EDT,09/08/2026 03:30 AM EDT,09/07/2026 10:32:42,AFC,TEN,0028,Derrick Barnes,15409,1.1,1,2025 R/F,,,,09/06/2026 08:58 AM EDT,Not rostered in same conference at cap run,Dropped in waiver-correction window; verify whether prior-week cap correction is needed.
2026,1,09/06/2026 05:00 AM EDT,09/08/2026 03:30 AM EDT,09/07/2026 10:36:15,AFC,TEN,0028,Adoree Jackson,13226,1.1,1,2026 R/F,,,,09/06/2026 08:58 AM EDT,Not rostered in same conference at cap run,Dropped in waiver-correction window; verify whether prior-week cap correction is needed.
2026,1,09/06/2026 05:00 AM EDT,09/08/2026 03:30 AM EDT,09/07/2026 12:02:04,AFC,TEN,0028,AJ Epenesa,14879,1.1,1,2026 UFA,,,,09/07/2026 11:09 AM EDT,Not rostered in same conference at cap run,Dropped in waiver-correction window; verify whether prior-week cap correction is needed.
2026,1,09/06/2026 05:00 AM EDT,09/08/2026 03:30 AM EDT,09/07/2026 12:02:04,AFC,TEN,0028,Ahmad Gardner,15833,1.1,1,2025 R/F,,,,09/07/2026 11:09 AM EDT,Not rostered in same conference at cap run,Dropped in waiver-correction window; verify whether prior-week cap correction is needed.
2026,1,09/06/2026 05:00 AM EDT,09/08/2026 03:30 AM EDT,09/07/2026 12:02:04,AFC,TEN,0028,Jauan Jennings,14860,2,1,2026 UFA,,,,09/07/2026 11:09 AM EDT,Not rostered in same conference at cap run,Dropped in waiver-correction window; verify whether prior-week cap correction is needed.
2026,1,09/06/2026 05:00 AM EDT,09/08/2026 03:30 AM EDT,09/07/2026 12:02:04,AFC,TEN,0028,Javon Kinlaw,14899,1.1,1,2026 R/F,,,,09/07/2026 11:09 AM EDT,Not rostered in same conference at cap run,Dropped in waiver-correction window; verify whether prior-week cap correction is needed.
2026,1,09/06/2026 05:00 AM EDT,09/08/2026 03:30 AM EDT,09/07/2026 12:02:04,AFC,TEN,0028,Patrick Jones,15398,1.1,1,2025 R/F,,,,09/07/2026 11:09 AM EDT,Not rostered in same conference at cap run,Dropped in waiver-correction window; verify whether prior-week cap correction is needed.
2026,1,09/06/2026 05:00 AM EDT,09/08/2026 03:30 AM EDT,09/07/2026 12:02:04,AFC,TEN,0028,Von Miller,10267,1.1,1,2026 R/F,,,,09/07/2026 11:09 AM EDT,Not rostered in same conference at cap run,Dropped in waiver-correction window; verify whether prior-week cap correction is needed.
2026,1,09/06/2026 05:00 AM EDT,09/08/2026 03:30 AM EDT,09/07/2026 05:04:47,NFC,ARI,0013,Cam Taylor-Britt,15859,1.1,1,2026 R/F,,,,09/06/2026 08:58 AM EDT,Not rostered in same conference at cap run,Dropped in waiver-correction window; verify whether prior-week cap correction is needed.
2026,1,09/06/2026 05:00 AM EDT,09/08/2026 03:30 AM EDT,09/07/2026 05:04:47,NFC,ARI,0013,Daniel Bellinger,15873,1.1,1,2026 UFA,,,,09/06/2026 08:58 AM EDT,Not rostered in same conference at cap run,Dropped in waiver-correction window; verify whether prior-week cap correction is needed.
2026,1,09/06/2026 05:00 AM EDT,09/08/2026 03:30 AM EDT,09/07/2026 05:04:47,NFC,ARI,0013,Jason Sanders,13832,1.1,1,2026 R/F,,,,09/06/2026 08:58 AM EDT,Not rostered in same conference at cap run,Dropped in waiver-correction window; verify whether prior-week cap correction is needed.
2026,1,09/06/2026 05:00 AM EDT,09/08/2026 03:30 AM EDT,09/07/2026 05:04:47,NFC,ARI,0013,Leo Chenal,15831,2.1,3,2026 oEXT,,,,09/06/2026 08:58 AM EDT,Not rostered in same conference at cap run,Dropped in waiver-correction window; verify whether prior-week cap correction is needed.
2026,1,09/06/2026 05:00 AM EDT,09/08/2026 03:30 AM EDT,09/07/2026 05:04:47,NFC,ARI,0013,Malik Davis,15738,1.1,1,2026 R/F,,,,09/06/2026 08:58 AM EDT,Not rostered in same conference at cap run,Dropped in waiver-correction window; verify whether prior-week cap correction is needed.
2026,1,09/06/2026 05:00 AM EDT,09/08/2026 03:30 AM EDT,09/07/2026 05:04:47,NFC,ARI,0013,Malik Hooker,13228,1.1,1,2026 R/F,,,,09/06/2026 08:58 AM EDT,Not rostered in same conference at cap run,Dropped in waiver-correction window; verify whether prior-week cap correction is needed.
2026,1,09/06/2026 05:00 AM EDT,09/08/2026 03:30 AM EDT,09/07/2026 05:04:47,NFC,ARI,0013,Nicholas Singleton,17476,1.46,4,2026 3.03,,,,09/06/2026 08:58 AM EDT,Not rostered in same conference at cap run,Dropped in waiver-correction window; verify whether prior-week cap correction is needed.
2026,1,09/06/2026 05:00 AM EDT,09/08/2026 03:30 AM EDT,09/06/2026 15:28:57,NFC,ATL,0009,Anthony Richardson,16152,10.93,1,2023 1.01,x,,,09/06/2026 08:58 AM EDT,Not rostered in same conference at cap run,Dropped in waiver-correction window; verify whether prior-week cap correction is needed.
2026,1,09/06/2026 05:00 AM EDT,09/08/2026 03:30 AM EDT,09/06/2026 15:28:57,NFC,ATL,0009,Clark Phillips,16293,1.1,1,2026 UFA,,,,09/06/2026 08:58 AM EDT,Not rostered in same conference at cap run,Dropped in waiver-correction window; verify whether prior-week cap correction is needed.
2026,1,09/06/2026 05:00 AM EDT,09/08/2026 03:30 AM EDT,09/06/2026 15:28:57,NFC,ATL,0009,Evan Engram,13189,11.5,1,2024 oEXT,,,,09/06/2026 08:58 AM EDT,Not rostered in same conference at cap run,Dropped in waiver-correction window; verify whether prior-week cap correction is needed.
2026,1,09/06/2026 05:00 AM EDT,09/08/2026 03:30 AM EDT,09/07/2026 09:14:20,NFC,ATL,0009,Chimere Dike,17171,1.1,1,2026 ERFA,,,,09/06/2026 08:58 AM EDT,Not rostered in same conference at cap run,Dropped in waiver-correction window; verify whether prior-week cap correction is needed.
2026,1,09/06/2026 05:00 AM EDT,09/08/2026 03:30 AM EDT,09/07/2026 09:14:20,NFC,ATL,0009,Luke McCaffrey,16635,4.09,4,2025 iEXT,,,,09/06/2026 08:58 AM EDT,Not rostered in same conference at cap run,Dropped in waiver-correction window; verify whether prior-week cap correction is needed.
2026,1,09/06/2026 05:00 AM EDT,09/08/2026 03:30 AM EDT,09/07/2026 09:14:52,NFC,ATL,0009,Nnamdi Madubuike,14900,10.45,1,2025 B/R,,,,09/06/2026 08:58 AM EDT,Not rostered in same conference at cap run,Dropped in waiver-correction window; verify whether prior-week cap correction is needed.
2026,1,09/06/2026 05:00 AM EDT,09/08/2026 03:30 AM EDT,09/06/2026 19:31:33,NFC,DET,0006,Shemar James,17201,1.1,1,2026 ERFA,,,,09/06/2026 08:58 AM EDT,Not rostered in same conference at cap run,Dropped in waiver-correction window; verify whether prior-week cap correction is needed.
2026,1,09/06/2026 05:00 AM EDT,09/08/2026 03:30 AM EDT,09/06/2026 19:47:11,NFC,DET,0006,Andy Borregales,17220,1.1,1,2026 ERFA,,,,09/06/2026 08:58 AM EDT,Not rostered in same conference at cap run,Dropped in waiver-correction window; verify whether prior-week cap correction is needed.
2026,1,09/06/2026 05:00 AM EDT,09/08/2026 03:30 AM EDT,09/06/2026 22:28:21,NFC,DET,0006,Tanner McKee,15702,1.1,1,2025 R/F,,,,09/06/2026 08:58 AM EDT,Not rostered in same conference at cap run,Dropped in waiver-correction window; verify whether prior-week cap correction is needed.
2026,1,09/06/2026 05:00 AM EDT,09/08/2026 03:30 AM EDT,09/06/2026 20:33:40,NFC,GBP,0007,Claudin Cherelus,16492,1.1,1,2026 UFA,,,,09/06/2026 08:58 AM EDT,Not rostered in same conference at cap run,Dropped in waiver-correction window; verify whether prior-week cap correction is needed.
2026,1,09/06/2026 05:00 AM EDT,09/08/2026 03:30 AM EDT,09/06/2026 20:33:40,NFC,GBP,0007,Efton Chism,17269,1.1,1,2026 ERFA,,,,09/06/2026 08:58 AM EDT,Not rostered in same conference at cap run,Dropped in waiver-correction window; verify whether prior-week cap correction is needed.
2026,1,09/06/2026 05:00 AM EDT,09/08/2026 03:30 AM EDT,09/06/2026 20:44:19,NFC,GBP,0007,Azeez Ojulari,15385,2.42,2,2025 oEXT,,,,09/06/2026 08:58 AM EDT,Not rostered in same conference at cap run,Dropped in waiver-correction window; verify whether prior-week cap correction is needed.
2026,1,09/06/2026 05:00 AM EDT,09/08/2026 03:30 AM EDT,09/06/2026 20:44:19,NFC,GBP,0007,Gardner Minshew,14067,1.1,1,2026 R/F,,,,09/06/2026 08:58 AM EDT,Not rostered in same conference at cap run,Dropped in waiver-correction window; verify whether prior-week cap correction is needed.
2026,1,09/06/2026 05:00 AM EDT,09/08/2026 03:30 AM EDT,09/06/2026 23:09:16,NFC,LAR,0014,Jake Bailey,14256,1.1,1,2026 UFA,,,,09/06/2026 08:58 AM EDT,Not rostered in same conference at cap run,Dropped in waiver-correction window; verify whether prior-week cap correction is needed.
2026,1,09/06/2026 05:00 AM EDT,09/08/2026 03:30 AM EDT,09/06/2026 23:09:16,NFC,LAR,0014,Tyler Bass,14983,1.1,1,2026 R/F,,,,09/06/2026 08:58 AM EDT,Not rostered in same conference at cap run,Dropped in waiver-correction window; verify whether prior-week cap correction is needed.
2026,1,09/06/2026 05:00 AM EDT,09/08/2026 03:30 AM EDT,09/06/2026 11:23:55,NFC,MIN,0008,Zayne Anderson,15676,1.1,1,2026 UFA,,,,09/06/2026 08:58 AM EDT,Not rostered in same conference at cap run,Dropped in waiver-correction window; verify whether prior-week cap correction is needed.
2026,1,09/06/2026 05:00 AM EDT,09/08/2026 03:30 AM EDT,09/07/2026 11:28:34,NFC,MIN,0008,Baron Browning,15356,1.1,1,2026 R/F,,,,09/07/2026 11:09 AM EDT,Not rostered in same conference at cap run,Dropped in waiver-correction window; verify whether prior-week cap correction is needed.
2026,1,09/06/2026 05:00 AM EDT,09/08/2026 03:30 AM EDT,09/07/2026 11:28:47,NFC,MIN,0008,Dayo Odeyingbo,15386,1.1,1,2026 R/F,,,,09/07/2026 11:09 AM EDT,Not rostered in same conference at cap run,Dropped in waiver-correction window; verify whether prior-week cap correction is needed.
2026,1,09/06/2026 05:00 AM EDT,09/08/2026 03:30 AM EDT,09/07/2026 11:29:20,NFC,MIN,0008,Jacob Thomas,17753,1.1,1,2026 UFA,,,,09/07/2026 11:09 AM EDT,Not rostered in same conference at cap run,Dropped in waiver-correction window; verify whether prior-week cap correction is needed.
2026,1,09/06/2026 05:00 AM EDT,09/08/2026 03:30 AM EDT,09/07/2026 11:56:34,NFC,NOS,0011,Cade Otton,15802,2,1,2026 UFA,,,,09/07/2026 11:09 AM EDT,Not rostered in same conference at cap run,Dropped in waiver-correction window; verify whether prior-week cap correction is needed.
2026,1,09/06/2026 05:00 AM EDT,09/08/2026 03:30 AM EDT,09/07/2026 11:56:34,NFC,NOS,0011,Chris Boswell,11936,2.09,1,2025 UFA,,,,09/07/2026 11:09 AM EDT,Not rostered in same conference at cap run,Dropped in waiver-correction window; verify whether prior-week cap correction is needed.
2026,1,09/06/2026 05:00 AM EDT,09/08/2026 03:30 AM EDT,09/07/2026 11:56:34,NFC,NOS,0011,Christian Barmore,15357,13.7,1,2025 UFA,,,,09/07/2026 11:09 AM EDT,Not rostered in same conference at cap run,Dropped in waiver-correction window; verify whether prior-week cap correction is needed.
2026,1,09/06/2026 05:00 AM EDT,09/08/2026 03:30 AM EDT,09/07/2026 11:56:34,NFC,NOS,0011,Denzel Perryman,12238,1.1,1,2026 R/F,,,,09/07/2026 11:09 AM EDT,Not rostered in same conference at cap run,Dropped in waiver-correction window; verify whether prior-week cap correction is needed.
2026,1,09/06/2026 05:00 AM EDT,09/08/2026 03:30 AM EDT,09/07/2026 11:56:34,NFC,NOS,0011,Greg Newsome,15375,1.1,1,2026 R/F,,,,09/07/2026 11:09 AM EDT,Not rostered in same conference at cap run,Dropped in waiver-correction window; verify whether prior-week cap correction is needed.
2026,1,09/06/2026 05:00 AM EDT,09/08/2026 03:30 AM EDT,09/07/2026 11:56:34,NFC,NOS,0011,Henry TooToo,16236,2,1,2026 UFA,,,,09/07/2026 11:09 AM EDT,Not rostered in same conference at cap run,Dropped in waiver-correction window; verify whether prior-week cap correction is needed.
2026,1,09/06/2026 05:00 AM EDT,09/08/2026 03:30 AM EDT,09/07/2026 11:56:34,NFC,NOS,0011,JT Tuimoloau,17149,3.14,3,2026 oEXT,,,,09/07/2026 11:09 AM EDT,Not rostered in same conference at cap run,Dropped in waiver-correction window; verify whether prior-week cap correction is needed.
2026,1,09/06/2026 05:00 AM EDT,09/08/2026 03:30 AM EDT,09/07/2026 11:56:34,NFC,NOS,0011,Malcolm Roach,15089,1.1,1,2026 ERFA,,,,09/07/2026 11:09 AM EDT,Not rostered in same conference at cap run,Dropped in waiver-correction window; verify whether prior-week cap correction is needed.
2026,1,09/06/2026 05:00 AM EDT,09/08/2026 03:30 AM EDT,09/07/2026 11:56:34,NFC,NOS,0011,Oluwafemi Oladejo,17150,1.1,1,2026 UFA,,,,09/07/2026 11:09 AM EDT,Not rostered in same conference at cap run,Dropped in waiver-correction window; verify whether prior-week cap correction is needed.
2026,1,09/06/2026 05:00 AM EDT,09/08/2026 03:30 AM EDT,09/07/2026 11:56:34,NFC,NOS,0011,Quincy Riley,17187,1.1,1,2026 UFA,,,,09/07/2026 11:09 AM EDT,Not rostered in same conference at cap run,Dropped in waiver-correction window; verify whether prior-week cap correction is needed.
2026,1,09/06/2026 05:00 AM EDT,09/08/2026 03:30 AM EDT,09/07/2026 11:56:34,NFC,NOS,0011,Riley Dixon,12842,1.1,1,2026 R/F,,,,09/07/2026 11:09 AM EDT,Not rostered in same conference at cap run,Dropped in waiver-correction window; verify whether prior-week cap correction is needed.
2026,1,09/06/2026 05:00 AM EDT,09/08/2026 03:30 AM EDT,09/07/2026 11:56:34,NFC,NOS,0011,Shavon Revel,17142,1.1,1,2026 ERFA,,,,09/07/2026 11:09 AM EDT,Not rostered in same conference at cap run,Dropped in waiver-correction window; verify whether prior-week cap correction is needed.
2026,1,09/06/2026 05:00 AM EDT,09/08/2026 03:30 AM EDT,09/07/2026 11:56:34,NFC,NOS,0011,Thomas Booker,15892,1.1,1,2026 R/F,,,,09/07/2026 11:09 AM EDT,Not rostered in same conference at cap run,Dropped in waiver-correction window; verify whether prior-week cap correction is needed.
2026,1,09/06/2026 05:00 AM EDT,09/08/2026 03:30 AM EDT,09/07/2026 11:16:35,NFC,PHI,0003,Elijah Molden,15402,1.1,1,2026 UFA,,,,09/07/2026 11:09 AM EDT,Not rostered in same conference at cap run,Dropped in waiver-correction window; verify whether prior-week cap correction is needed.
2026,1,09/06/2026 05:00 AM EDT,09/08/2026 03:30 AM EDT,09/07/2026 11:16:35,NFC,PHI,0003,KLavon Chaisson,14888,1.1,1,2026 UFA,,,,09/07/2026 11:09 AM EDT,Not rostered in same conference at cap run,Dropped in waiver-correction window; verify whether prior-week cap correction is needed.
2026,1,09/06/2026 05:00 AM EDT,09/08/2026 03:30 AM EDT,09/07/2026 11:16:35,NFC,PHI,0003,Nahshon Wright,15401,1.1,1,2026 ERFA,,,,09/07/2026 11:09 AM EDT,Not rostered in same conference at cap run,Dropped in waiver-correction window; verify whether prior-week cap correction is needed.
2026,1,09/06/2026 05:00 AM EDT,09/08/2026 03:30 AM EDT,09/07/2026 11:16:35,NFC,PHI,0003,Theo Jackson,15921,1.1,1,2026 UFA,,,,09/07/2026 11:09 AM EDT,Not rostered in same conference at cap run,Dropped in waiver-correction window; verify whether prior-week cap correction is needed.
2026,1,09/06/2026 05:00 AM EDT,09/08/2026 03:30 AM EDT,09/07/2026 08:00:59,NFC,SFO,0015,Maxwell Hairston,17141,1.13,3,2025 4.06,,,,09/06/2026 08:58 AM EDT,Not rostered in same conference at cap run,Dropped in waiver-correction window; verify whether prior-week cap correction is needed.
2026,1,09/06/2026 05:00 AM EDT,09/08/2026 03:30 AM EDT,09/07/2026 08:01:49,NFC,SFO,0015,Joe Flacco,9064,1.1,1,2025 R/F,,,,09/06/2026 08:58 AM EDT,Not rostered in same conference at cap run,Dropped in waiver-correction window; verify whether prior-week cap correction is needed.
2026,1,09/06/2026 05:00 AM EDT,09/08/2026 03:30 AM EDT,09/07/2026 08:01:49,NFC,SFO,0015,Marcus Mariota,12141,1.1,1,2026 UFA,,,,09/06/2026 08:58 AM EDT,Not rostered in same conference at cap run,Dropped in waiver-correction window; verify whether prior-week cap correction is needed.
2026,1,09/06/2026 05:00 AM EDT,09/08/2026 03:30 AM EDT,09/07/2026 08:06:49,NFC,SFO,0015,Derrick Barnes,15409,2,1,2026 UFA,,,,09/06/2026 08:58 AM EDT,Not rostered in same conference at cap run,Dropped in waiver-correction window; verify whether prior-week cap correction is needed.
2026,1,09/06/2026 05:00 AM EDT,09/08/2026 03:30 AM EDT,09/07/2026 08:06:49,NFC,SFO,0015,Olamide Zaccheaus,14592,1.1,1,2025 R/F,,,,09/06/2026 08:58 AM EDT,Not rostered in same conference at cap run,Dropped in waiver-correction window; verify whether prior-week cap correction is needed.
2026,1,09/06/2026 05:00 AM EDT,09/08/2026 03:30 AM EDT,09/07/2026 08:09:58,NFC,SFO,0015,Emari Demercado,16385,1.1,1,2026 UFA,,,,09/06/2026 08:58 AM EDT,Not rostered in same conference at cap run,Dropped in waiver-correction window; verify whether prior-week cap correction is needed.
2026,1,09/06/2026 05:00 AM EDT,09/08/2026 03:30 AM EDT,09/07/2026 08:09:58,NFC,SFO,0015,Roman Wilson,16629,1.81,2,2024 2.09,,,,09/06/2026 08:58 AM EDT,Not rostered in same conference at cap run,Dropped in waiver-correction window; verify whether prior-week cap correction is needed.
2026,1,09/06/2026 05:00 AM EDT,09/08/2026 03:30 AM EDT,09/07/2026 11:44:28,NFC,TBB,0012,Audric Estime,16595,1.1,1,2026 R/F,,,,09/07/2026 11:09 AM EDT,Not rostered in same conference at cap run,Dropped in waiver-correction window; verify whether prior-week cap correction is needed.
2026,1,09/06/2026 05:00 AM EDT,09/08/2026 03:30 AM EDT,09/07/2026 11:44:28,NFC,TBB,0012,Greg Dortch,14108,1.1,1,2026 UFA,,,,09/07/2026 11:09 AM EDT,Not rostered in same conference at cap run,Dropped in waiver-correction window; verify whether prior-week cap correction is needed.
2026,1,09/06/2026 05:00 AM EDT,09/08/2026 03:30 AM EDT,09/07/2026 11:44:28,NFC,TBB,0012,Jaydon Blue,17069,1.49,3,2025 3.03,,,,09/07/2026 11:09 AM EDT,Not rostered in same conference at cap run,Dropped in waiver-correction window; verify whether prior-week cap correction is needed.
2026,1,09/06/2026 05:00 AM EDT,09/08/2026 03:30 AM EDT,09/07/2026 11:44:28,NFC,TBB,0012,Kareem Hunt,13138,1.1,1,2025 R/F,,,,09/07/2026 11:09 AM EDT,Not rostered in same conference at cap run,Dropped in waiver-correction window; verify whether prior-week cap correction is needed.
2026,1,09/06/2026 05:00 AM EDT,09/08/2026 03:30 AM EDT,09/07/2026 11:54:57,NFC,TBB,0012,Marquise Brown,14105,2,1,2026 UFA,,,,09/07/2026 11:09 AM EDT,Not rostered in same conference at cap run,Dropped in waiver-correction window; verify whether prior-week cap correction is needed.
2026,1,09/06/2026 05:00 AM EDT,09/08/2026 03:30 AM EDT,09/06/2026 17:41:01,NFC,WAS,0004,DJ Jones,13332,1.1,1,2026 R/F,,,,09/06/2026 08:58 AM EDT,Not rostered in same conference at cap run,Dropped in waiver-correction window; verify whether prior-week cap correction is needed.
2026,1,09/06/2026 05:00 AM EDT,09/08/2026 03:30 AM EDT,09/06/2026 17:41:01,NFC,WAS,0004,Jason Marshall,17200,1.1,1,2026 R/F,,,,09/06/2026 08:58 AM EDT,Not rostered in same conference at cap run,Dropped in waiver-correction window; verify whether prior-week cap correction is needed.
2026,1,09/06/2026 05:00 AM EDT,09/08/2026 03:30 AM EDT,09/06/2026 17:41:01,NFC,WAS,0004,Jay Ward,16304,1.1,1,2026 R/F,,,,09/06/2026 08:58 AM EDT,Not rostered in same conference at cap run,Dropped in waiver-correction window; verify whether prior-week cap correction is needed.
2026,1,09/06/2026 05:00 AM EDT,09/08/2026 03:30 AM EDT,09/06/2026 17:41:01,NFC,WAS,0004,Malcolm Koonce,15395,1.1,1,2026 R/F,,,,09/06/2026 08:58 AM EDT,Not rostered in same conference at cap run,Dropped in waiver-correction window; verify whether prior-week cap correction is needed.
2026,1,09/06/2026 05:00 AM EDT,09/08/2026 03:30 AM EDT,09/06/2026 17:41:01,NFC,WAS,0004,Marcus Harris,17221,1.1,1,2026 UFA,,,,09/06/2026 08:58 AM EDT,Not rostered in same conference at cap run,Dropped in waiver-correction window; verify whether prior-week cap correction is needed.
2026,1,09/06/2026 05:00 AM EDT,09/08/2026 03:30 AM EDT,09/06/2026 17:41:01,NFC,WAS,0004,Quinn Ewers,17034,1.1,1,2026 UFA,,,,09/06/2026 08:58 AM EDT,Not rostered in same conference at cap run,Dropped in waiver-correction window; verify whether prior-week cap correction is needed.
2026,1,09/06/2026 05:00 AM EDT,09/08/2026 03:30 AM EDT,09/06/2026 20:32:47,NFC,WAS,0004,Cam Hart,16731,1.1,1,2026 R/F,,,,09/06/2026 08:58 AM EDT,Not rostered in same conference at cap run,Dropped in waiver-correction window; verify whether prior-week cap correction is needed.
