issue_key,issued_at
WRONG_FRANCHISE|ATL|SFO|Dre Greenlaw|3.64|3.64,2026-10-07 21:33:14 EDT
MISSING_ENTRY|ATL|NA|Luke Schoonmaker|2.46|NA,2026-10-07 21:33:14 EDT
MISSING_ENTRY|DEN|NA|Tyrel Dodson|1.38|NA,2026-10-07 21:33:14 EDT
SalAdj Curator -> Contract Admin Sal Adj|WRONG_FRANCHISE|ATL|SFO|Dre Greenlaw|3.64|3.64,2026-10-07 22:29:59 EDT
SalAdj Curator -> Contract Admin Sal Adj|MISSING_ENTRY|DEN|NA|Tyrel Dodson|1.38|NA,2026-10-07 22:29:59 EDT
SalAdj Curator -> Contract Admin Sal Adj|MISSING_ENTRY|NOS|NA|Cash Trade|8.60|NA,2026-10-07 22:29:59 EDT
SalAdj Curator -> Contract Admin Sal Adj|MISSING_ENTRY|NOS|NA|Cash Trade|3.60|NA,2026-10-07 22:29:59 EDT
SalAdj Curator -> Contract Admin Sal Adj|MISSING_ENTRY|NYG|NA|Cash Trade|-3.60|NA,2026-10-07 22:29:59 EDT
SalAdj Curator -> Contract Admin Sal Adj|MISSING_ENTRY|WAS|NA|Cash Trade|-8.60|NA,2026-10-07 22:29:59 EDT
Official snapshot CSV -> Contract Admin Cap Rollover|CAP_ROLLOVER_MISMATCH|DAL|DAL|Week 1 RostSal|237.86|NA,2026-10-07 22:29:59 EDT
Official snapshot CSV -> Contract Admin Cap Rollover|CAP_ROLLOVER_MISMATCH|DAL|DAL|Week 1 Adj|17.13|NA,2026-10-07 22:29:59 EDT
Official snapshot CSV -> Contract Admin Cap Rollover|CAP_ROLLOVER_MISMATCH|NYG|NYG|Week 1 RostSal|257.71|NA,2026-10-07 22:29:59 EDT
Official snapshot CSV -> Contract Admin Cap Rollover|CAP_ROLLOVER_MISMATCH|NYG|NYG|Week 1 Adj|-11.24|NA,2026-10-07 22:29:59 EDT
Official snapshot CSV -> Contract Admin Cap Rollover|CAP_ROLLOVER_MISMATCH|PHI|PHI|Week 1 RostSal|240.13|NA,2026-10-07 22:29:59 EDT
Official snapshot CSV -> Contract Admin Cap Rollover|CAP_ROLLOVER_MISMATCH|PHI|PHI|Week 1 Adj|3.38|NA,2026-10-07 22:29:59 EDT
Official snapshot CSV -> Contract Admin Cap Rollover|CAP_ROLLOVER_MISMATCH|WAS|WAS|Week 1 RostSal|231.86|NA,2026-10-07 22:29:59 EDT
Official snapshot CSV -> Contract Admin Cap Rollover|CAP_ROLLOVER_MISMATCH|WAS|WAS|Week 1 Adj|-0.34|NA,2026-10-07 22:29:59 EDT
Official snapshot CSV -> Contract Admin Cap Rollover|CAP_ROLLOVER_MISMATCH|CHI|CHI|Week 1 RostSal|238.21|NA,2026-10-07 22:29:59 EDT
Official snapshot CSV -> Contract Admin Cap Rollover|CAP_ROLLOVER_MISMATCH|CHI|CHI|Week 1 Adj|13.36|NA,2026-10-07 22:29:59 EDT
Official snapshot CSV -> Contract Admin Cap Rollover|CAP_ROLLOVER_MISMATCH|DET|DET|Week 1 RostSal|224.40|NA,2026-10-07 22:29:59 EDT
Official snapshot CSV -> Contract Admin Cap Rollover|CAP_ROLLOVER_MISMATCH|DET|DET|Week 1 Adj|21.65|NA,2026-10-07 22:29:59 EDT
Official snapshot CSV -> Contract Admin Cap Rollover|CAP_ROLLOVER_MISMATCH|GBP|GBP|Week 1 RostSal|227.22|NA,2026-10-07 22:29:59 EDT
Official snapshot CSV -> Contract Admin Cap Rollover|CAP_ROLLOVER_MISMATCH|GBP|GBP|Week 1 Adj|2.18|NA,2026-10-07 22:29:59 EDT
Official snapshot CSV -> Contract Admin Cap Rollover|CAP_ROLLOVER_MISMATCH|MIN|MIN|Week 1 RostSal|227.40|NA,2026-10-07 22:29:59 EDT
Official snapshot CSV -> Contract Admin Cap Rollover|CAP_ROLLOVER_MISMATCH|MIN|MIN|Week 1 Adj|18.81|NA,2026-10-07 22:29:59 EDT
Official snapshot CSV -> Contract Admin Cap Rollover|CAP_ROLLOVER_MISMATCH|ATL|ATL|Week 1 RostSal|174.83|NA,2026-10-07 22:29:59 EDT
Official snapshot CSV -> Contract Admin Cap Rollover|CAP_ROLLOVER_MISMATCH|ATL|ATL|Week 1 Adj|69.40|NA,2026-10-07 22:29:59 EDT
Official snapshot CSV -> Contract Admin Cap Rollover|CAP_ROLLOVER_MISMATCH|CAR|CAR|Week 1 RostSal|223.04|NA,2026-10-07 22:29:59 EDT
Official snapshot CSV -> Contract Admin Cap Rollover|CAP_ROLLOVER_MISMATCH|CAR|CAR|Week 1 Adj|15.93|NA,2026-10-07 22:29:59 EDT
Official snapshot CSV -> Contract Admin Cap Rollover|CAP_ROLLOVER_MISMATCH|NOS|NOS|Week 1 RostSal|203.93|NA,2026-10-07 22:29:59 EDT
Official snapshot CSV -> Contract Admin Cap Rollover|CAP_ROLLOVER_MISMATCH|NOS|NOS|Week 1 Adj|17.22|NA,2026-10-07 22:29:59 EDT
Official snapshot CSV -> Contract Admin Cap Rollover|CAP_ROLLOVER_MISMATCH|TBB|TBB|Week 1 RostSal|225.34|NA,2026-10-07 22:29:59 EDT
Official snapshot CSV -> Contract Admin Cap Rollover|CAP_ROLLOVER_MISMATCH|TBB|TBB|Week 1 Adj|0.00|NA,2026-10-07 22:29:59 EDT
Official snapshot CSV -> Contract Admin Cap Rollover|CAP_ROLLOVER_MISMATCH|ARI|ARI|Week 1 RostSal|242.66|NA,2026-10-07 22:29:59 EDT
Official snapshot CSV -> Contract Admin Cap Rollover|CAP_ROLLOVER_MISMATCH|ARI|ARI|Week 1 Adj|2.42|NA,2026-10-07 22:29:59 EDT
Official snapshot CSV -> Contract Admin Cap Rollover|CAP_ROLLOVER_MISMATCH|LAR|LAR|Week 1 RostSal|216.54|NA,2026-10-07 22:29:59 EDT
Official snapshot CSV -> Contract Admin Cap Rollover|CAP_ROLLOVER_MISMATCH|LAR|LAR|Week 1 Adj|9.67|NA,2026-10-07 22:29:59 EDT
Official snapshot CSV -> Contract Admin Cap Rollover|CAP_ROLLOVER_MISMATCH|SFO|SFO|Week 1 RostSal|230.62|NA,2026-10-07 22:29:59 EDT
Official snapshot CSV -> Contract Admin Cap Rollover|CAP_ROLLOVER_MISMATCH|SFO|SFO|Week 1 Adj|6.50|NA,2026-10-07 22:29:59 EDT
Official snapshot CSV -> Contract Admin Cap Rollover|CAP_ROLLOVER_MISMATCH|SEA|SEA|Week 1 RostSal|201.39|NA,2026-10-07 22:29:59 EDT
Official snapshot CSV -> Contract Admin Cap Rollover|CAP_ROLLOVER_MISMATCH|SEA|SEA|Week 1 Adj|33.57|NA,2026-10-07 22:29:59 EDT
Official snapshot CSV -> Contract Admin Cap Rollover|CAP_ROLLOVER_MISMATCH|BUF|BUF|Week 1 RostSal|182.72|NA,2026-10-07 22:29:59 EDT
Official snapshot CSV -> Contract Admin Cap Rollover|CAP_ROLLOVER_MISMATCH|BUF|BUF|Week 1 Adj|5.71|NA,2026-10-07 22:29:59 EDT
Official snapshot CSV -> Contract Admin Cap Rollover|CAP_ROLLOVER_MISMATCH|MIA|MIA|Week 1 RostSal|217.08|NA,2026-10-07 22:29:59 EDT
Official snapshot CSV -> Contract Admin Cap Rollover|CAP_ROLLOVER_MISMATCH|MIA|MIA|Week 1 Adj|6.78|NA,2026-10-07 22:29:59 EDT
Official snapshot CSV -> Contract Admin Cap Rollover|CAP_ROLLOVER_MISMATCH|NEP|NEP|Week 1 RostSal|211.29|NA,2026-10-07 22:29:59 EDT
Official snapshot CSV -> Contract Admin Cap Rollover|CAP_ROLLOVER_MISMATCH|NEP|NEP|Week 1 Adj|22.27|NA,2026-10-07 22:29:59 EDT
Official snapshot CSV -> Contract Admin Cap Rollover|CAP_ROLLOVER_MISMATCH|NYJ|NYJ|Week 1 RostSal|242.40|NA,2026-10-07 22:29:59 EDT
Official snapshot CSV -> Contract Admin Cap Rollover|CAP_ROLLOVER_MISMATCH|NYJ|NYJ|Week 1 Adj|-2.27|NA,2026-10-07 22:29:59 EDT
Official snapshot CSV -> Contract Admin Cap Rollover|CAP_ROLLOVER_MISMATCH|BAL|BAL|Week 1 RostSal|217.01|NA,2026-10-07 22:29:59 EDT
Official snapshot CSV -> Contract Admin Cap Rollover|CAP_ROLLOVER_MISMATCH|BAL|BAL|Week 1 Adj|17.37|NA,2026-10-07 22:29:59 EDT
Official snapshot CSV -> Contract Admin Cap Rollover|CAP_ROLLOVER_MISMATCH|CIN|CIN|Week 1 RostSal|219.77|NA,2026-10-07 22:29:59 EDT
Official snapshot CSV -> Contract Admin Cap Rollover|CAP_ROLLOVER_MISMATCH|CIN|CIN|Week 1 Adj|0.00|NA,2026-10-07 22:29:59 EDT
Official snapshot CSV -> Contract Admin Cap Rollover|CAP_ROLLOVER_MISMATCH|CLE|CLE|Week 1 RostSal|223.07|NA,2026-10-07 22:29:59 EDT
Official snapshot CSV -> Contract Admin Cap Rollover|CAP_ROLLOVER_MISMATCH|CLE|CLE|Week 1 Adj|9.73|NA,2026-10-07 22:29:59 EDT
Official snapshot CSV -> Contract Admin Cap Rollover|CAP_ROLLOVER_MISMATCH|PIT|PIT|Week 1 RostSal|240.61|NA,2026-10-07 22:29:59 EDT
Official snapshot CSV -> Contract Admin Cap Rollover|CAP_ROLLOVER_MISMATCH|PIT|PIT|Week 1 Adj|0.00|NA,2026-10-07 22:29:59 EDT
Official snapshot CSV -> Contract Admin Cap Rollover|CAP_ROLLOVER_MISMATCH|HOU|HOU|Week 1 RostSal|226.59|NA,2026-10-07 22:29:59 EDT
Official snapshot CSV -> Contract Admin Cap Rollover|CAP_ROLLOVER_MISMATCH|HOU|HOU|Week 1 Adj|2.57|NA,2026-10-07 22:29:59 EDT
Official snapshot CSV -> Contract Admin Cap Rollover|CAP_ROLLOVER_MISMATCH|IND|IND|Week 1 RostSal|250.46|NA,2026-10-07 22:29:59 EDT
Official snapshot CSV -> Contract Admin Cap Rollover|CAP_ROLLOVER_MISMATCH|IND|IND|Week 1 Adj|-5.94|NA,2026-10-07 22:29:59 EDT
Official snapshot CSV -> Contract Admin Cap Rollover|CAP_ROLLOVER_MISMATCH|JAC|JAC|Week 1 RostSal|225.07|NA,2026-10-07 22:29:59 EDT
Official snapshot CSV -> Contract Admin Cap Rollover|CAP_ROLLOVER_MISMATCH|JAC|JAC|Week 1 Adj|32.44|NA,2026-10-07 22:29:59 EDT
Official snapshot CSV -> Contract Admin Cap Rollover|CAP_ROLLOVER_MISMATCH|TEN|TEN|Week 1 RostSal|242.85|NA,2026-10-07 22:29:59 EDT
Official snapshot CSV -> Contract Admin Cap Rollover|CAP_ROLLOVER_MISMATCH|TEN|TEN|Week 1 Adj|0.00|NA,2026-10-07 22:29:59 EDT
Official snapshot CSV -> Contract Admin Cap Rollover|CAP_ROLLOVER_MISMATCH|DEN|DEN|Week 1 RostSal|209.60|NA,2026-10-07 22:29:59 EDT
Official snapshot CSV -> Contract Admin Cap Rollover|CAP_ROLLOVER_MISMATCH|DEN|DEN|Week 1 Adj|37.51|NA,2026-10-07 22:29:59 EDT
Official snapshot CSV -> Contract Admin Cap Rollover|CAP_ROLLOVER_MISMATCH|KCC|KCC|Week 1 RostSal|204.87|NA,2026-10-07 22:29:59 EDT
Official snapshot CSV -> Contract Admin Cap Rollover|CAP_ROLLOVER_MISMATCH|KCC|KCC|Week 1 Adj|21.60|NA,2026-10-07 22:29:59 EDT
Official snapshot CSV -> Contract Admin Cap Rollover|CAP_ROLLOVER_MISMATCH|LVR|LVR|Week 1 RostSal|251.91|NA,2026-10-07 22:29:59 EDT
Official snapshot CSV -> Contract Admin Cap Rollover|CAP_ROLLOVER_MISMATCH|LVR|LVR|Week 1 Adj|-9.19|NA,2026-10-07 22:29:59 EDT
Official snapshot CSV -> Contract Admin Cap Rollover|CAP_ROLLOVER_MISMATCH|LAC|LAC|Week 1 RostSal|183.13|NA,2026-10-07 22:29:59 EDT
Official snapshot CSV -> Contract Admin Cap Rollover|CAP_ROLLOVER_MISMATCH|LAC|LAC|Week 1 Adj|25.24|NA,2026-10-07 22:29:59 EDT
Official snapshot CSV -> Contract Admin Cap Rollover|CAP_ROLLOVER_MISMATCH|DAL|DAL|Week 2 RostSal|237.82|NA,2026-10-07 22:29:59 EDT
Official snapshot CSV -> Contract Admin Cap Rollover|CAP_ROLLOVER_MISMATCH|DAL|DAL|Week 2 Adj|17.13|NA,2026-10-07 22:29:59 EDT
Official snapshot CSV -> Contract Admin Cap Rollover|CAP_ROLLOVER_MISMATCH|NYG|NYG|Week 2 RostSal|259.42|NA,2026-10-07 22:29:59 EDT
Official snapshot CSV -> Contract Admin Cap Rollover|CAP_ROLLOVER_MISMATCH|NYG|NYG|Week 2 Adj|-11.24|NA,2026-10-07 22:29:59 EDT
Official snapshot CSV -> Contract Admin Cap Rollover|CAP_ROLLOVER_MISMATCH|PHI|PHI|Week 2 RostSal|240.14|NA,2026-10-07 22:29:59 EDT
Official snapshot CSV -> Contract Admin Cap Rollover|CAP_ROLLOVER_MISMATCH|PHI|PHI|Week 2 Adj|3.38|NA,2026-10-07 22:29:59 EDT
Official snapshot CSV -> Contract Admin Cap Rollover|CAP_ROLLOVER_MISMATCH|WAS|WAS|Week 2 RostSal|237.06|NA,2026-10-07 22:29:59 EDT
Official snapshot CSV -> Contract Admin Cap Rollover|CAP_ROLLOVER_MISMATCH|WAS|WAS|Week 2 Adj|-0.34|NA,2026-10-07 22:29:59 EDT
Official snapshot CSV -> Contract Admin Cap Rollover|CAP_ROLLOVER_MISMATCH|CHI|CHI|Week 2 RostSal|236.37|NA,2026-10-07 22:29:59 EDT
Official snapshot CSV -> Contract Admin Cap Rollover|CAP_ROLLOVER_MISMATCH|CHI|CHI|Week 2 Adj|13.36|NA,2026-10-07 22:29:59 EDT
Official snapshot CSV -> Contract Admin Cap Rollover|CAP_ROLLOVER_MISMATCH|DET|DET|Week 2 RostSal|222.44|NA,2026-10-07 22:29:59 EDT
Official snapshot CSV -> Contract Admin Cap Rollover|CAP_ROLLOVER_MISMATCH|DET|DET|Week 2 Adj|21.65|NA,2026-10-07 22:29:59 EDT
Official snapshot CSV -> Contract Admin Cap Rollover|CAP_ROLLOVER_MISMATCH|GBP|GBP|Week 2 RostSal|229.52|NA,2026-10-07 22:29:59 EDT
Official snapshot CSV -> Contract Admin Cap Rollover|CAP_ROLLOVER_MISMATCH|GBP|GBP|Week 2 Adj|2.18|NA,2026-10-07 22:29:59 EDT
Official snapshot CSV -> Contract Admin Cap Rollover|CAP_ROLLOVER_MISMATCH|MIN|MIN|Week 2 RostSal|227.20|NA,2026-10-07 22:29:59 EDT
Official snapshot CSV -> Contract Admin Cap Rollover|CAP_ROLLOVER_MISMATCH|MIN|MIN|Week 2 Adj|18.81|NA,2026-10-07 22:29:59 EDT
Official snapshot CSV -> Contract Admin Cap Rollover|CAP_ROLLOVER_MISMATCH|ATL|ATL|Week 2 RostSal|175.93|NA,2026-10-07 22:29:59 EDT
Official snapshot CSV -> Contract Admin Cap Rollover|CAP_ROLLOVER_MISMATCH|ATL|ATL|Week 2 Adj|69.40|NA,2026-10-07 22:29:59 EDT
Official snapshot CSV -> Contract Admin Cap Rollover|CAP_ROLLOVER_MISMATCH|CAR|CAR|Week 2 RostSal|225.64|NA,2026-10-07 22:29:59 EDT
Official snapshot CSV -> Contract Admin Cap Rollover|CAP_ROLLOVER_MISMATCH|CAR|CAR|Week 2 Adj|15.93|NA,2026-10-07 22:29:59 EDT
Official snapshot CSV -> Contract Admin Cap Rollover|CAP_ROLLOVER_MISMATCH|NOS|NOS|Week 2 RostSal|210.01|NA,2026-10-07 22:29:59 EDT
Official snapshot CSV -> Contract Admin Cap Rollover|CAP_ROLLOVER_MISMATCH|NOS|NOS|Week 2 Adj|18.54|NA,2026-10-07 22:29:59 EDT
Official snapshot CSV -> Contract Admin Cap Rollover|CAP_ROLLOVER_MISMATCH|TBB|TBB|Week 2 RostSal|229.45|NA,2026-10-07 22:29:59 EDT
Official snapshot CSV -> Contract Admin Cap Rollover|CAP_ROLLOVER_MISMATCH|TBB|TBB|Week 2 Adj|0.00|NA,2026-10-07 22:29:59 EDT
Official snapshot CSV -> Contract Admin Cap Rollover|CAP_ROLLOVER_MISMATCH|ARI|ARI|Week 2 RostSal|241.28|NA,2026-10-07 22:29:59 EDT
Official snapshot CSV -> Contract Admin Cap Rollover|CAP_ROLLOVER_MISMATCH|ARI|ARI|Week 2 Adj|4.68|NA,2026-10-07 22:29:59 EDT
Official snapshot CSV -> Contract Admin Cap Rollover|CAP_ROLLOVER_MISMATCH|LAR|LAR|Week 2 RostSal|227.91|NA,2026-10-07 22:29:59 EDT
Official snapshot CSV -> Contract Admin Cap Rollover|CAP_ROLLOVER_MISMATCH|LAR|LAR|Week 2 Adj|9.67|NA,2026-10-07 22:29:59 EDT
Official snapshot CSV -> Contract Admin Cap Rollover|CAP_ROLLOVER_MISMATCH|SFO|SFO|Week 2 RostSal|228.62|NA,2026-10-07 22:29:59 EDT
Official snapshot CSV -> Contract Admin Cap Rollover|CAP_ROLLOVER_MISMATCH|SFO|SFO|Week 2 Adj|6.50|NA,2026-10-07 22:29:59 EDT
Official snapshot CSV -> Contract Admin Cap Rollover|CAP_ROLLOVER_MISMATCH|SEA|SEA|Week 2 RostSal|208.96|NA,2026-10-07 22:29:59 EDT
Official snapshot CSV -> Contract Admin Cap Rollover|CAP_ROLLOVER_MISMATCH|SEA|SEA|Week 2 Adj|34.82|NA,2026-10-07 22:29:59 EDT
Official snapshot CSV -> Contract Admin Cap Rollover|CAP_ROLLOVER_MISMATCH|BUF|BUF|Week 2 RostSal|183.02|NA,2026-10-07 22:29:59 EDT
Official snapshot CSV -> Contract Admin Cap Rollover|CAP_ROLLOVER_MISMATCH|BUF|BUF|Week 2 Adj|5.71|NA,2026-10-07 22:29:59 EDT
Official snapshot CSV -> Contract Admin Cap Rollover|CAP_ROLLOVER_MISMATCH|MIA|MIA|Week 2 RostSal|203.90|NA,2026-10-07 22:29:59 EDT
Official snapshot CSV -> Contract Admin Cap Rollover|CAP_ROLLOVER_MISMATCH|MIA|MIA|Week 2 Adj|21.48|NA,2026-10-07 22:29:59 EDT
Official snapshot CSV -> Contract Admin Cap Rollover|CAP_ROLLOVER_MISMATCH|NEP|NEP|Week 2 RostSal|222.36|NA,2026-10-07 22:29:59 EDT
Official snapshot CSV -> Contract Admin Cap Rollover|CAP_ROLLOVER_MISMATCH|NEP|NEP|Week 2 Adj|22.27|NA,2026-10-07 22:29:59 EDT
Official snapshot CSV -> Contract Admin Cap Rollover|CAP_ROLLOVER_MISMATCH|NYJ|NYJ|Week 2 RostSal|245.60|NA,2026-10-07 22:29:59 EDT
Official snapshot CSV -> Contract Admin Cap Rollover|CAP_ROLLOVER_MISMATCH|NYJ|NYJ|Week 2 Adj|-2.27|NA,2026-10-07 22:29:59 EDT
Official snapshot CSV -> Contract Admin Cap Rollover|CAP_ROLLOVER_MISMATCH|BAL|BAL|Week 2 RostSal|222.22|NA,2026-10-07 22:29:59 EDT
Official snapshot CSV -> Contract Admin Cap Rollover|CAP_ROLLOVER_MISMATCH|BAL|BAL|Week 2 Adj|18.61|NA,2026-10-07 22:29:59 EDT
Official snapshot CSV -> Contract Admin Cap Rollover|CAP_ROLLOVER_MISMATCH|CIN|CIN|Week 2 RostSal|219.77|NA,2026-10-07 22:29:59 EDT
Official snapshot CSV -> Contract Admin Cap Rollover|CAP_ROLLOVER_MISMATCH|CIN|CIN|Week 2 Adj|0.00|NA,2026-10-07 22:29:59 EDT
Official snapshot CSV -> Contract Admin Cap Rollover|CAP_ROLLOVER_MISMATCH|CLE|CLE|Week 2 RostSal|224.57|NA,2026-10-07 22:29:59 EDT
Official snapshot CSV -> Contract Admin Cap Rollover|CAP_ROLLOVER_MISMATCH|CLE|CLE|Week 2 Adj|9.73|NA,2026-10-07 22:29:59 EDT
Official snapshot CSV -> Contract Admin Cap Rollover|CAP_ROLLOVER_MISMATCH|PIT|PIT|Week 2 RostSal|240.61|NA,2026-10-07 22:29:59 EDT
Official snapshot CSV -> Contract Admin Cap Rollover|CAP_ROLLOVER_MISMATCH|PIT|PIT|Week 2 Adj|0.00|NA,2026-10-07 22:29:59 EDT
Official snapshot CSV -> Contract Admin Cap Rollover|CAP_ROLLOVER_MISMATCH|HOU|HOU|Week 2 RostSal|227.89|NA,2026-10-07 22:29:59 EDT
Official snapshot CSV -> Contract Admin Cap Rollover|CAP_ROLLOVER_MISMATCH|HOU|HOU|Week 2 Adj|2.57|NA,2026-10-07 22:29:59 EDT
Official snapshot CSV -> Contract Admin Cap Rollover|CAP_ROLLOVER_MISMATCH|IND|IND|Week 2 RostSal|250.46|NA,2026-10-07 22:29:59 EDT
Official snapshot CSV -> Contract Admin Cap Rollover|CAP_ROLLOVER_MISMATCH|IND|IND|Week 2 Adj|-5.94|NA,2026-10-07 22:29:59 EDT
Official snapshot CSV -> Contract Admin Cap Rollover|CAP_ROLLOVER_MISMATCH|JAC|JAC|Week 2 RostSal|222.87|NA,2026-10-07 22:29:59 EDT
Official snapshot CSV -> Contract Admin Cap Rollover|CAP_ROLLOVER_MISMATCH|JAC|JAC|Week 2 Adj|32.44|NA,2026-10-07 22:29:59 EDT
Official snapshot CSV -> Contract Admin Cap Rollover|CAP_ROLLOVER_MISMATCH|TEN|TEN|Week 2 RostSal|242.30|NA,2026-10-07 22:29:59 EDT
Official snapshot CSV -> Contract Admin Cap Rollover|CAP_ROLLOVER_MISMATCH|TEN|TEN|Week 2 Adj|1.71|NA,2026-10-07 22:29:59 EDT
Official snapshot CSV -> Contract Admin Cap Rollover|CAP_ROLLOVER_MISMATCH|DEN|DEN|Week 2 RostSal|214.91|NA,2026-10-07 22:29:59 EDT
Official snapshot CSV -> Contract Admin Cap Rollover|CAP_ROLLOVER_MISMATCH|DEN|DEN|Week 2 Adj|37.51|NA,2026-10-07 22:29:59 EDT
Official snapshot CSV -> Contract Admin Cap Rollover|CAP_ROLLOVER_MISMATCH|KCC|KCC|Week 2 RostSal|205.87|NA,2026-10-07 22:29:59 EDT
Official snapshot CSV -> Contract Admin Cap Rollover|CAP_ROLLOVER_MISMATCH|KCC|KCC|Week 2 Adj|21.60|NA,2026-10-07 22:29:59 EDT
Official snapshot CSV -> Contract Admin Cap Rollover|CAP_ROLLOVER_MISMATCH|LVR|LVR|Week 2 RostSal|251.91|NA,2026-10-07 22:29:59 EDT
Official snapshot CSV -> Contract Admin Cap Rollover|CAP_ROLLOVER_MISMATCH|LVR|LVR|Week 2 Adj|-9.19|NA,2026-10-07 22:29:59 EDT
Official snapshot CSV -> Contract Admin Cap Rollover|CAP_ROLLOVER_MISMATCH|LAC|LAC|Week 2 RostSal|181.15|NA,2026-10-07 22:29:59 EDT
Official snapshot CSV -> Contract Admin Cap Rollover|CAP_ROLLOVER_MISMATCH|LAC|LAC|Week 2 Adj|27.69|NA,2026-10-07 22:29:59 EDT
Official snapshot CSV -> Contract Admin Cap Rollover|CAP_ROLLOVER_MISMATCH|DAL|DAL|Week 3 RostSal|238.72|NA,2026-10-07 22:29:59 EDT
Official snapshot CSV -> Contract Admin Cap Rollover|CAP_ROLLOVER_MISMATCH|DAL|DAL|Week 3 Adj|17.13|NA,2026-10-07 22:29:59 EDT
Official snapshot CSV -> Contract Admin Cap Rollover|CAP_ROLLOVER_MISMATCH|NYG|NYG|Week 3 RostSal|259.42|NA,2026-10-07 22:29:59 EDT
Official snapshot CSV -> Contract Admin Cap Rollover|CAP_ROLLOVER_MISMATCH|NYG|NYG|Week 3 Adj|-11.24|NA,2026-10-07 22:29:59 EDT
Official snapshot CSV -> Contract Admin Cap Rollover|CAP_ROLLOVER_MISMATCH|PHI|PHI|Week 3 RostSal|238.34|NA,2026-10-07 22:29:59 EDT
Official snapshot CSV -> Contract Admin Cap Rollover|CAP_ROLLOVER_MISMATCH|PHI|PHI|Week 3 Adj|3.38|NA,2026-10-07 22:29:59 EDT
Official snapshot CSV -> Contract Admin Cap Rollover|CAP_ROLLOVER_MISMATCH|WAS|WAS|Week 3 RostSal|235.06|NA,2026-10-07 22:29:59 EDT
Official snapshot CSV -> Contract Admin Cap Rollover|CAP_ROLLOVER_MISMATCH|WAS|WAS|Week 3 Adj|-0.34|NA,2026-10-07 22:29:59 EDT
Official snapshot CSV -> Contract Admin Cap Rollover|CAP_ROLLOVER_MISMATCH|CHI|CHI|Week 3 RostSal|236.37|NA,2026-10-07 22:29:59 EDT
Official snapshot CSV -> Contract Admin Cap Rollover|CAP_ROLLOVER_MISMATCH|CHI|CHI|Week 3 Adj|13.36|NA,2026-10-07 22:29:59 EDT
Official snapshot CSV -> Contract Admin Cap Rollover|CAP_ROLLOVER_MISMATCH|DET|DET|Week 3 RostSal|220.17|NA,2026-10-07 22:29:59 EDT
Official snapshot CSV -> Contract Admin Cap Rollover|CAP_ROLLOVER_MISMATCH|DET|DET|Week 3 Adj|23.85|NA,2026-10-07 22:29:59 EDT
Official snapshot CSV -> Contract Admin Cap Rollover|CAP_ROLLOVER_MISMATCH|GBP|GBP|Week 3 RostSal|231.62|NA,2026-10-07 22:29:59 EDT
Official snapshot CSV -> Contract Admin Cap Rollover|CAP_ROLLOVER_MISMATCH|GBP|GBP|Week 3 Adj|2.18|NA,2026-10-07 22:29:59 EDT
Official snapshot CSV -> Contract Admin Cap Rollover|CAP_ROLLOVER_MISMATCH|MIN|MIN|Week 3 RostSal|226.10|NA,2026-10-07 22:29:59 EDT
Official snapshot CSV -> Contract Admin Cap Rollover|CAP_ROLLOVER_MISMATCH|MIN|MIN|Week 3 Adj|18.81|NA,2026-10-07 22:29:59 EDT
Official snapshot CSV -> Contract Admin Cap Rollover|CAP_ROLLOVER_MISMATCH|ATL|ATL|Week 3 RostSal|175.97|NA,2026-10-07 22:29:59 EDT
Official snapshot CSV -> Contract Admin Cap Rollover|CAP_ROLLOVER_MISMATCH|ATL|ATL|Week 3 Adj|69.40|NA,2026-10-07 22:29:59 EDT
Official snapshot CSV -> Contract Admin Cap Rollover|CAP_ROLLOVER_MISMATCH|CAR|CAR|Week 3 RostSal|225.64|NA,2026-10-07 22:29:59 EDT
Official snapshot CSV -> Contract Admin Cap Rollover|CAP_ROLLOVER_MISMATCH|CAR|CAR|Week 3 Adj|15.93|NA,2026-10-07 22:29:59 EDT
Official snapshot CSV -> Contract Admin Cap Rollover|CAP_ROLLOVER_MISMATCH|NOS|NOS|Week 3 RostSal|213.01|NA,2026-10-07 22:29:59 EDT
Official snapshot CSV -> Contract Admin Cap Rollover|CAP_ROLLOVER_MISMATCH|NOS|NOS|Week 3 Adj|18.54|NA,2026-10-07 22:29:59 EDT
Official snapshot CSV -> Contract Admin Cap Rollover|CAP_ROLLOVER_MISMATCH|TBB|TBB|Week 3 RostSal|229.45|NA,2026-10-07 22:29:59 EDT
Official snapshot CSV -> Contract Admin Cap Rollover|CAP_ROLLOVER_MISMATCH|TBB|TBB|Week 3 Adj|0.00|NA,2026-10-07 22:29:59 EDT
Official snapshot CSV -> Contract Admin Cap Rollover|CAP_ROLLOVER_MISMATCH|ARI|ARI|Week 3 RostSal|241.28|NA,2026-10-07 22:29:59 EDT
Official snapshot CSV -> Contract Admin Cap Rollover|CAP_ROLLOVER_MISMATCH|ARI|ARI|Week 3 Adj|4.68|NA,2026-10-07 22:29:59 EDT
Official snapshot CSV -> Contract Admin Cap Rollover|CAP_ROLLOVER_MISMATCH|LAR|LAR|Week 3 RostSal|230.01|NA,2026-10-07 22:29:59 EDT
Official snapshot CSV -> Contract Admin Cap Rollover|CAP_ROLLOVER_MISMATCH|LAR|LAR|Week 3 Adj|9.67|NA,2026-10-07 22:29:59 EDT
Official snapshot CSV -> Contract Admin Cap Rollover|CAP_ROLLOVER_MISMATCH|SFO|SFO|Week 3 RostSal|228.72|NA,2026-10-07 22:29:59 EDT
Official snapshot CSV -> Contract Admin Cap Rollover|CAP_ROLLOVER_MISMATCH|SFO|SFO|Week 3 Adj|6.50|NA,2026-10-07 22:29:59 EDT
Official snapshot CSV -> Contract Admin Cap Rollover|CAP_ROLLOVER_MISMATCH|SEA|SEA|Week 3 RostSal|208.96|NA,2026-10-07 22:29:59 EDT
Official snapshot CSV -> Contract Admin Cap Rollover|CAP_ROLLOVER_MISMATCH|SEA|SEA|Week 3 Adj|34.82|NA,2026-10-07 22:29:59 EDT
Official snapshot CSV -> Contract Admin Cap Rollover|CAP_ROLLOVER_MISMATCH|BUF|BUF|Week 3 RostSal|184.12|NA,2026-10-07 22:29:59 EDT
Official snapshot CSV -> Contract Admin Cap Rollover|CAP_ROLLOVER_MISMATCH|BUF|BUF|Week 3 Adj|5.71|NA,2026-10-07 22:29:59 EDT
Official snapshot CSV -> Contract Admin Cap Rollover|CAP_ROLLOVER_MISMATCH|MIA|MIA|Week 3 RostSal|213.69|NA,2026-10-07 22:29:59 EDT
Official snapshot CSV -> Contract Admin Cap Rollover|CAP_ROLLOVER_MISMATCH|MIA|MIA|Week 3 Adj|21.48|NA,2026-10-07 22:29:59 EDT
Official snapshot CSV -> Contract Admin Cap Rollover|CAP_ROLLOVER_MISMATCH|NEP|NEP|Week 3 RostSal|224.66|NA,2026-10-07 22:29:59 EDT
Official snapshot CSV -> Contract Admin Cap Rollover|CAP_ROLLOVER_MISMATCH|NEP|NEP|Week 3 Adj|22.27|NA,2026-10-07 22:29:59 EDT
Official snapshot CSV -> Contract Admin Cap Rollover|CAP_ROLLOVER_MISMATCH|NYJ|NYJ|Week 3 RostSal|249.00|NA,2026-10-07 22:29:59 EDT
Official snapshot CSV -> Contract Admin Cap Rollover|CAP_ROLLOVER_MISMATCH|NYJ|NYJ|Week 3 Adj|-2.27|NA,2026-10-07 22:29:59 EDT
Official snapshot CSV -> Contract Admin Cap Rollover|CAP_ROLLOVER_MISMATCH|BAL|BAL|Week 3 RostSal|219.72|NA,2026-10-07 22:29:59 EDT
Official snapshot CSV -> Contract Admin Cap Rollover|CAP_ROLLOVER_MISMATCH|BAL|BAL|Week 3 Adj|18.61|NA,2026-10-07 22:29:59 EDT
Official snapshot CSV -> Contract Admin Cap Rollover|CAP_ROLLOVER_MISMATCH|CIN|CIN|Week 3 RostSal|219.77|NA,2026-10-07 22:29:59 EDT
Official snapshot CSV -> Contract Admin Cap Rollover|CAP_ROLLOVER_MISMATCH|CIN|CIN|Week 3 Adj|0.00|NA,2026-10-07 22:29:59 EDT
Official snapshot CSV -> Contract Admin Cap Rollover|CAP_ROLLOVER_MISMATCH|CLE|CLE|Week 3 RostSal|224.15|NA,2026-10-07 22:29:59 EDT
Official snapshot CSV -> Contract Admin Cap Rollover|CAP_ROLLOVER_MISMATCH|CLE|CLE|Week 3 Adj|11.84|NA,2026-10-07 22:29:59 EDT
Official snapshot CSV -> Contract Admin Cap Rollover|CAP_ROLLOVER_MISMATCH|PIT|PIT|Week 3 RostSal|240.61|NA,2026-10-07 22:29:59 EDT
Official snapshot CSV -> Contract Admin Cap Rollover|CAP_ROLLOVER_MISMATCH|PIT|PIT|Week 3 Adj|0.00|NA,2026-10-07 22:29:59 EDT
Official snapshot CSV -> Contract Admin Cap Rollover|CAP_ROLLOVER_MISMATCH|HOU|HOU|Week 3 RostSal|232.94|NA,2026-10-07 22:29:59 EDT
Official snapshot CSV -> Contract Admin Cap Rollover|CAP_ROLLOVER_MISMATCH|HOU|HOU|Week 3 Adj|2.57|NA,2026-10-07 22:29:59 EDT
Official snapshot CSV -> Contract Admin Cap Rollover|CAP_ROLLOVER_MISMATCH|IND|IND|Week 3 RostSal|250.46|NA,2026-10-07 22:29:59 EDT
Official snapshot CSV -> Contract Admin Cap Rollover|CAP_ROLLOVER_MISMATCH|IND|IND|Week 3 Adj|-5.94|NA,2026-10-07 22:29:59 EDT
Official snapshot CSV -> Contract Admin Cap Rollover|CAP_ROLLOVER_MISMATCH|JAC|JAC|Week 3 RostSal|223.77|NA,2026-10-07 22:29:59 EDT
Official snapshot CSV -> Contract Admin Cap Rollover|CAP_ROLLOVER_MISMATCH|JAC|JAC|Week 3 Adj|32.44|NA,2026-10-07 22:29:59 EDT
Official snapshot CSV -> Contract Admin Cap Rollover|CAP_ROLLOVER_MISMATCH|TEN|TEN|Week 3 RostSal|242.30|NA,2026-10-07 22:29:59 EDT
Official snapshot CSV -> Contract Admin Cap Rollover|CAP_ROLLOVER_MISMATCH|TEN|TEN|Week 3 Adj|0.00|NA,2026-10-07 22:29:59 EDT
Official snapshot CSV -> Contract Admin Cap Rollover|CAP_ROLLOVER_MISMATCH|DEN|DEN|Week 3 RostSal|215.06|NA,2026-10-07 22:29:59 EDT
Official snapshot CSV -> Contract Admin Cap Rollover|CAP_ROLLOVER_MISMATCH|DEN|DEN|Week 3 Adj|37.51|NA,2026-10-07 22:29:59 EDT
Official snapshot CSV -> Contract Admin Cap Rollover|CAP_ROLLOVER_MISMATCH|KCC|KCC|Week 3 RostSal|198.95|NA,2026-10-07 22:29:59 EDT
Official snapshot CSV -> Contract Admin Cap Rollover|CAP_ROLLOVER_MISMATCH|KCC|KCC|Week 3 Adj|21.60|NA,2026-10-07 22:29:59 EDT
Official snapshot CSV -> Contract Admin Cap Rollover|CAP_ROLLOVER_MISMATCH|LVR|LVR|Week 3 RostSal|254.03|NA,2026-10-07 22:29:59 EDT
Official snapshot CSV -> Contract Admin Cap Rollover|CAP_ROLLOVER_MISMATCH|LVR|LVR|Week 3 Adj|-9.19|NA,2026-10-07 22:29:59 EDT
Official snapshot CSV -> Contract Admin Cap Rollover|CAP_ROLLOVER_MISMATCH|LAC|LAC|Week 3 RostSal|193.19|NA,2026-10-07 22:29:59 EDT
Official snapshot CSV -> Contract Admin Cap Rollover|CAP_ROLLOVER_MISMATCH|LAC|LAC|Week 3 Adj|27.69|NA,2026-10-07 22:29:59 EDT
Official snapshot CSV -> Contract Admin Cap Rollover|CAP_ROLLOVER_MISMATCH|DAL|DAL|Week 4 RostSal|238.82|NA,2026-10-07 22:29:59 EDT
Official snapshot CSV -> Contract Admin Cap Rollover|CAP_ROLLOVER_MISMATCH|DAL|DAL|Week 4 Adj|17.13|NA,2026-10-07 22:29:59 EDT
Official snapshot CSV -> Contract Admin Cap Rollover|CAP_ROLLOVER_MISMATCH|NYG|NYG|Week 4 RostSal|258.32|NA,2026-10-07 22:29:59 EDT
Official snapshot CSV -> Contract Admin Cap Rollover|CAP_ROLLOVER_MISMATCH|NYG|NYG|Week 4 Adj|-11.24|NA,2026-10-07 22:29:59 EDT
Official snapshot CSV -> Contract Admin Cap Rollover|CAP_ROLLOVER_MISMATCH|PHI|PHI|Week 4 RostSal|242.47|NA,2026-10-07 22:29:59 EDT
Official snapshot CSV -> Contract Admin Cap Rollover|CAP_ROLLOVER_MISMATCH|PHI|PHI|Week 4 Adj|3.38|NA,2026-10-07 22:29:59 EDT
Official snapshot CSV -> Contract Admin Cap Rollover|CAP_ROLLOVER_MISMATCH|WAS|WAS|Week 4 RostSal|237.56|NA,2026-10-07 22:29:59 EDT
Official snapshot CSV -> Contract Admin Cap Rollover|CAP_ROLLOVER_MISMATCH|WAS|WAS|Week 4 Adj|-0.34|NA,2026-10-07 22:29:59 EDT
Official snapshot CSV -> Contract Admin Cap Rollover|CAP_ROLLOVER_MISMATCH|CHI|CHI|Week 4 RostSal|227.52|NA,2026-10-07 22:29:59 EDT
Official snapshot CSV -> Contract Admin Cap Rollover|CAP_ROLLOVER_MISMATCH|CHI|CHI|Week 4 Adj|13.36|NA,2026-10-07 22:29:59 EDT
Official snapshot CSV -> Contract Admin Cap Rollover|CAP_ROLLOVER_MISMATCH|DET|DET|Week 4 RostSal|220.37|NA,2026-10-07 22:29:59 EDT
Official snapshot CSV -> Contract Admin Cap Rollover|CAP_ROLLOVER_MISMATCH|DET|DET|Week 4 Adj|23.85|NA,2026-10-07 22:29:59 EDT
Official snapshot CSV -> Contract Admin Cap Rollover|CAP_ROLLOVER_MISMATCH|GBP|GBP|Week 4 RostSal|231.62|NA,2026-10-07 22:29:59 EDT
Official snapshot CSV -> Contract Admin Cap Rollover|CAP_ROLLOVER_MISMATCH|GBP|GBP|Week 4 Adj|2.18|NA,2026-10-07 22:29:59 EDT
Official snapshot CSV -> Contract Admin Cap Rollover|CAP_ROLLOVER_MISMATCH|MIN|MIN|Week 4 RostSal|223.00|NA,2026-10-07 22:29:59 EDT
Official snapshot CSV -> Contract Admin Cap Rollover|CAP_ROLLOVER_MISMATCH|MIN|MIN|Week 4 Adj|21.87|NA,2026-10-07 22:29:59 EDT
Official snapshot CSV -> Contract Admin Cap Rollover|CAP_ROLLOVER_MISMATCH|ATL|ATL|Week 4 RostSal|178.28|NA,2026-10-07 22:29:59 EDT
Official snapshot CSV -> Contract Admin Cap Rollover|CAP_ROLLOVER_MISMATCH|ATL|ATL|Week 4 Adj|70.61|NA,2026-10-07 22:29:59 EDT
Official snapshot CSV -> Contract Admin Cap Rollover|CAP_ROLLOVER_MISMATCH|CAR|CAR|Week 4 RostSal|226.87|NA,2026-10-07 22:29:59 EDT
Official snapshot CSV -> Contract Admin Cap Rollover|CAP_ROLLOVER_MISMATCH|CAR|CAR|Week 4 Adj|15.93|NA,2026-10-07 22:29:59 EDT
Official snapshot CSV -> Contract Admin Cap Rollover|CAP_ROLLOVER_MISMATCH|NOS|NOS|Week 4 RostSal|215.31|NA,2026-10-07 22:29:59 EDT
Official snapshot CSV -> Contract Admin Cap Rollover|CAP_ROLLOVER_MISMATCH|NOS|NOS|Week 4 Adj|18.54|NA,2026-10-07 22:29:59 EDT
Official snapshot CSV -> Contract Admin Cap Rollover|CAP_ROLLOVER_MISMATCH|TBB|TBB|Week 4 RostSal|230.42|NA,2026-10-07 22:29:59 EDT
Official snapshot CSV -> Contract Admin Cap Rollover|CAP_ROLLOVER_MISMATCH|TBB|TBB|Week 4 Adj|0.00|NA,2026-10-07 22:29:59 EDT
Official snapshot CSV -> Contract Admin Cap Rollover|CAP_ROLLOVER_MISMATCH|ARI|ARI|Week 4 RostSal|242.38|NA,2026-10-07 22:29:59 EDT
Official snapshot CSV -> Contract Admin Cap Rollover|CAP_ROLLOVER_MISMATCH|ARI|ARI|Week 4 Adj|4.68|NA,2026-10-07 22:29:59 EDT
Official snapshot CSV -> Contract Admin Cap Rollover|CAP_ROLLOVER_MISMATCH|LAR|LAR|Week 4 RostSal|234.01|NA,2026-10-07 22:29:59 EDT
Official snapshot CSV -> Contract Admin Cap Rollover|CAP_ROLLOVER_MISMATCH|LAR|LAR|Week 4 Adj|9.67|NA,2026-10-07 22:29:59 EDT
Official snapshot CSV -> Contract Admin Cap Rollover|CAP_ROLLOVER_MISMATCH|SFO|SFO|Week 4 RostSal|228.72|NA,2026-10-07 22:29:59 EDT
Official snapshot CSV -> Contract Admin Cap Rollover|CAP_ROLLOVER_MISMATCH|SFO|SFO|Week 4 Adj|10.14|NA,2026-10-07 22:29:59 EDT
Official snapshot CSV -> Contract Admin Cap Rollover|CAP_ROLLOVER_MISMATCH|SEA|SEA|Week 4 RostSal|207.51|NA,2026-10-07 22:29:59 EDT
Official snapshot CSV -> Contract Admin Cap Rollover|CAP_ROLLOVER_MISMATCH|SEA|SEA|Week 4 Adj|36.89|NA,2026-10-07 22:29:59 EDT
Official snapshot CSV -> Contract Admin Cap Rollover|CAP_ROLLOVER_MISMATCH|BUF|BUF|Week 4 RostSal|185.22|NA,2026-10-07 22:29:59 EDT
Official snapshot CSV -> Contract Admin Cap Rollover|CAP_ROLLOVER_MISMATCH|BUF|BUF|Week 4 Adj|5.71|NA,2026-10-07 22:29:59 EDT
Official snapshot CSV -> Contract Admin Cap Rollover|CAP_ROLLOVER_MISMATCH|MIA|MIA|Week 4 RostSal|212.89|NA,2026-10-07 22:29:59 EDT
Official snapshot CSV -> Contract Admin Cap Rollover|CAP_ROLLOVER_MISMATCH|MIA|MIA|Week 4 Adj|21.48|NA,2026-10-07 22:29:59 EDT
Official snapshot CSV -> Contract Admin Cap Rollover|CAP_ROLLOVER_MISMATCH|NEP|NEP|Week 4 RostSal|227.46|NA,2026-10-07 22:29:59 EDT
Official snapshot CSV -> Contract Admin Cap Rollover|CAP_ROLLOVER_MISMATCH|NEP|NEP|Week 4 Adj|22.27|NA,2026-10-07 22:29:59 EDT
Official snapshot CSV -> Contract Admin Cap Rollover|CAP_ROLLOVER_MISMATCH|NYJ|NYJ|Week 4 RostSal|246.20|NA,2026-10-07 22:29:59 EDT
Official snapshot CSV -> Contract Admin Cap Rollover|CAP_ROLLOVER_MISMATCH|NYJ|NYJ|Week 4 Adj|-2.27|NA,2026-10-07 22:29:59 EDT
Official snapshot CSV -> Contract Admin Cap Rollover|CAP_ROLLOVER_MISMATCH|BAL|BAL|Week 4 RostSal|220.33|NA,2026-10-07 22:29:59 EDT
Official snapshot CSV -> Contract Admin Cap Rollover|CAP_ROLLOVER_MISMATCH|BAL|BAL|Week 4 Adj|18.61|NA,2026-10-07 22:29:59 EDT
Official snapshot CSV -> Contract Admin Cap Rollover|CAP_ROLLOVER_MISMATCH|CIN|CIN|Week 4 RostSal|219.77|NA,2026-10-07 22:29:59 EDT
Official snapshot CSV -> Contract Admin Cap Rollover|CAP_ROLLOVER_MISMATCH|CIN|CIN|Week 4 Adj|0.00|NA,2026-10-07 22:29:59 EDT
Official snapshot CSV -> Contract Admin Cap Rollover|CAP_ROLLOVER_MISMATCH|CLE|CLE|Week 4 RostSal|221.32|NA,2026-10-07 22:29:59 EDT
Official snapshot CSV -> Contract Admin Cap Rollover|CAP_ROLLOVER_MISMATCH|CLE|CLE|Week 4 Adj|17.60|NA,2026-10-07 22:29:59 EDT
Official snapshot CSV -> Contract Admin Cap Rollover|CAP_ROLLOVER_MISMATCH|PIT|PIT|Week 4 RostSal|240.61|NA,2026-10-07 22:29:59 EDT
Official snapshot CSV -> Contract Admin Cap Rollover|CAP_ROLLOVER_MISMATCH|PIT|PIT|Week 4 Adj|0.00|NA,2026-10-07 22:29:59 EDT
Official snapshot CSV -> Contract Admin Cap Rollover|CAP_ROLLOVER_MISMATCH|HOU|HOU|Week 4 RostSal|232.94|NA,2026-10-07 22:29:59 EDT
Official snapshot CSV -> Contract Admin Cap Rollover|CAP_ROLLOVER_MISMATCH|HOU|HOU|Week 4 Adj|2.57|NA,2026-10-07 22:29:59 EDT
Official snapshot CSV -> Contract Admin Cap Rollover|CAP_ROLLOVER_MISMATCH|IND|IND|Week 4 RostSal|250.46|NA,2026-10-07 22:29:59 EDT
Official snapshot CSV -> Contract Admin Cap Rollover|CAP_ROLLOVER_MISMATCH|IND|IND|Week 4 Adj|-5.94|NA,2026-10-07 22:29:59 EDT
Official snapshot CSV -> Contract Admin Cap Rollover|CAP_ROLLOVER_MISMATCH|JAC|JAC|Week 4 RostSal|222.07|NA,2026-10-07 22:29:59 EDT
Official snapshot CSV -> Contract Admin Cap Rollover|CAP_ROLLOVER_MISMATCH|JAC|JAC|Week 4 Adj|35.44|NA,2026-10-07 22:29:59 EDT
Official snapshot CSV -> Contract Admin Cap Rollover|CAP_ROLLOVER_MISMATCH|TEN|TEN|Week 4 RostSal|244.50|NA,2026-10-07 22:29:59 EDT
Official snapshot CSV -> Contract Admin Cap Rollover|CAP_ROLLOVER_MISMATCH|TEN|TEN|Week 4 Adj|0.00|NA,2026-10-07 22:29:59 EDT
Official snapshot CSV -> Contract Admin Cap Rollover|CAP_ROLLOVER_MISMATCH|DEN|DEN|Week 4 RostSal|217.25|NA,2026-10-07 22:29:59 EDT
Official snapshot CSV -> Contract Admin Cap Rollover|CAP_ROLLOVER_MISMATCH|DEN|DEN|Week 4 Adj|37.51|NA,2026-10-07 22:29:59 EDT
Official snapshot CSV -> Contract Admin Cap Rollover|CAP_ROLLOVER_MISMATCH|KCC|KCC|Week 4 RostSal|197.38|NA,2026-10-07 22:29:59 EDT
Official snapshot CSV -> Contract Admin Cap Rollover|CAP_ROLLOVER_MISMATCH|KCC|KCC|Week 4 Adj|25.11|NA,2026-10-07 22:29:59 EDT
Official snapshot CSV -> Contract Admin Cap Rollover|CAP_ROLLOVER_MISMATCH|LVR|LVR|Week 4 RostSal|254.03|NA,2026-10-07 22:29:59 EDT
Official snapshot CSV -> Contract Admin Cap Rollover|CAP_ROLLOVER_MISMATCH|LVR|LVR|Week 4 Adj|-9.19|NA,2026-10-07 22:29:59 EDT
Official snapshot CSV -> Contract Admin Cap Rollover|CAP_ROLLOVER_MISMATCH|LAC|LAC|Week 4 RostSal|194.29|NA,2026-10-07 22:29:59 EDT
Official snapshot CSV -> Contract Admin Cap Rollover|CAP_ROLLOVER_MISMATCH|LAC|LAC|Week 4 Adj|27.69|NA,2026-10-07 22:29:59 EDT
SalAdj Curator -> Contract Admin Sal Adj|WRONG_FRANCHISE|ATL|SFO|Dre Greenlaw|6.06|6.06,2026-10-07 22:33:35 EDT
SalAdj Curator -> Contract Admin Sal Adj|MISSING_ENTRY|DEN|NA|Tyrel Dodson|2.30|NA,2026-10-07 22:33:35 EDT
WRONG_AMOUNT|LAR|LAR|S. Diggs|7.83|7.38,2026-10-07 22:33:35 EDT
MISSING_ENTRY|MIN|NA|J. Owusu-Koromoah|0.63|NA,2026-10-07 22:33:35 EDT
MISSING_ENTRY|NOS|NA|Cash Trade|5.16|NA,2026-10-07 22:33:35 EDT
MISSING_ENTRY|NOS|NA|Cash Trade|2.16|NA,2026-10-07 22:33:35 EDT
MISSING_ENTRY|NYG|NA|Cash Trade|-2.16|NA,2026-10-07 22:33:35 EDT
MISSING_ENTRY|WAS|NA|Cash Trade|-5.16|NA,2026-10-07 22:33:35 EDT
