franchise,mfl_saladj,saladj_expected,saladj_expected_known,difference,status,adjustment_count,saladj_row_count,known_penalty_rows,missing_penalty_rows,missing_penalty_players,accelerated_rows,acceleration_declaration_players
ATL,74.25,51.36,51.36,22.89,MISMATCH,19,11,11,0,,1,Tatum Bethune
BAL,18.61,7.98,7.98,10.63,MISMATCH,9,7,7,0,,0,
BUF,5.71,1.25,1.25,4.46,MISMATCH,5,1,1,0,,0,
CAR,15.93,10.61,10.61,5.32,MISMATCH,7,4,4,0,,0,
CHI,13.36,3.52,3.52,9.84,MISMATCH,5,3,3,0,,0,
CLE,17.6,11.66,11.66,5.94,MISMATCH,6,4,4,0,,0,
DAL,17.13,-6.5,-6.5,23.63,MISMATCH,5,1,1,0,,0,
DEN,37.51,34.25,34.25,3.26,MISMATCH,9,7,7,0,,0,
DET,23.85,8,8,15.85,MISMATCH,9,3,3,0,,0,
IND,-5.94,-7.2,-7.2,1.26,MISMATCH,2,1,1,0,,0,
JAC,35.44,3,3,32.44,MISMATCH,4,1,1,0,,0,
KCC,25.11,19.72,19.72,5.39,MISMATCH,13,7,7,0,,1,Marquise Brown
LAC,27.69,6.6,6.6,21.09,MISMATCH,6,3,3,0,,1,Ifeatu Melifonwu
LAR,10.12,0,0,10.12,MISMATCH,2,0,0,0,,0,
MIA,21.48,20.76,20.76,0.72,MISMATCH,8,7,7,0,,1,Paulson Adebo
MIN,21.87,12.28,12.28,9.59,MISMATCH,8,3,3,0,,1,Tershawn Wharton
NEP,22.27,4.62,4.62,17.65,MISMATCH,5,2,2,0,,0,
NYG,-11.24,-12.15,-12.15,0.91,MISMATCH,3,2,2,0,,0,
NYJ,-2.27,-8,-8,5.73,MISMATCH,2,1,1,0,,0,
SEA,36.89,9.38,9.38,27.51,MISMATCH,12,5,5,0,,0,
WAS,-0.34,-7.06,-7.06,6.72,MISMATCH,6,4,4,0,,0,
ARI,4.68,4.68,4.68,0,MATCH,3,3,3,0,,0,
GBP,2.18,2.18,2.18,0,MATCH,1,1,1,0,,1,Azeez Ojulari
HOU,2.57,2.57,2.57,0,MATCH,1,1,1,0,,0,
LVR,-9.19,-9.19,-9.19,0,MATCH,3,3,3,0,,0,
NOS,18.54,18.54,18.54,0,MATCH,5,5,5,0,,1,JT Tuimoloau
PHI,3.38,3.38,3.38,0,MATCH,1,1,1,0,,0,
SFO,6.5,6.5,6.5,0,MATCH,1,1,1,0,,0,
