status,adl_position,mean_players,seasons,season,team
ACT,CB,5.156525735294117,5,ALL,NFL
ACT,DE,4.331617647058824,5,ALL,NFL
ACT,DT,4.682444852941177,5,ALL,NFL
ACT,LB,4.879457720588236,5,ALL,NFL
ACT,LS,1,5,ALL,NFL
ACT,OL,8.01985294117647,5,ALL,NFL
ACT,PK,1.0018382352941178,5,ALL,NFL
ACT,PN,1,5,ALL,NFL
ACT,QB,2.027941176470588,5,ALL,NFL
ACT,RB,3.5000229779411764,5,ALL,NFL
ACT,S,4.068405330882353,5,ALL,NFL
ACT,TE,3.144439338235294,5,ALL,NFL
ACT,UNMAPPED,0,5,ALL,NFL
ACT,WR,5.1933363970588236,5,ALL,NFL
INA,CB,0.7774356617647059,5,ALL,NFL
INA,DE,0.5815487132352941,5,ALL,NFL
INA,DT,0.6909007352941177,5,ALL,NFL
INA,LB,0.4345818014705882,5,ALL,NFL
INA,LS,0.0022058823529411764,5,ALL,NFL
INA,OL,1.1853170955882353,5,ALL,NFL
INA,PK,0.030147058823529412,5,ALL,NFL
INA,PN,0.010363051470588235,5,ALL,NFL
INA,QB,0.49450827205882353,5,ALL,NFL
INA,RB,0.48970588235294116,5,ALL,NFL
INA,S,0.42339154411764707,5,ALL,NFL
INA,TE,0.3821231617647059,5,ALL,NFL
INA,UNMAPPED,0,5,ALL,NFL
INA,WR,0.6830422794117647,5,ALL,NFL
