season,position,depth_chart_position,estimated_position,support,total_support,confidence
2021,DB,CB,CB,274,285,0.9614035087719298
2021,DB,DB,CB,33,55,0.6
2021,DB,FS,S,96,110,0.8727272727272727
2021,DB,SS,S,97,103,0.941747572815534
2021,DL,DE,DE,132,197,0.6700507614213198
2021,DL,DT,DT,159,164,0.9695121951219512
2021,DL,NT,DT,42,42,1
2021,K,K,PK,53,53,1
2021,LB,ILB,LB,129,133,0.9699248120300752
2021,LB,LB,LB,33,43,0.7674418604651163
2021,LB,MLB,LB,33,33,1
2021,LB,OLB,DE,101,198,0.51010101010101
2021,P,P,PN,42,42,1
2021,QB,QB,QB,118,118,1
2021,RB,FB,RB,19,23,0.8260869565217391
2021,RB,RB,RB,196,200,0.98
2021,TE,TE,TE,168,173,0.9710982658959537
2021,WR,WR,WR,327,330,0.990909090909091
2022,DB,CB,CB,253,262,0.9656488549618321
2022,DB,DB,CB,56,93,0.6021505376344086
2022,DB,FS,S,99,106,0.9339622641509434
2022,DB,SS,S,88,91,0.967032967032967
2022,DL,DE,DE,119,185,0.6432432432432432
2022,DL,DT,DT,156,161,0.968944099378882
2022,DL,NT,DT,39,40,0.975
2022,K,K,PK,53,53,1
2022,LB,ILB,LB,125,129,0.9689922480620154
2022,LB,LB,LB,51,65,0.7846153846153846
2022,LB,MLB,LB,34,36,0.9444444444444444
2022,LB,OLB,DE,100,187,0.5347593582887701
2022,P,P,PN,44,45,0.9777777777777777
2022,QB,QB,QB,117,119,0.9831932773109243
2022,RB,FB,RB,17,20,0.85
2022,RB,RB,RB,203,205,0.9902439024390244
2022,TE,TE,TE,163,168,0.9702380952380952
2022,WR,WR,WR,346,350,0.9885714285714285
2023,DB,CB,CB,262,271,0.966789667896679
2023,DB,FS,S,121,131,0.9236641221374046
2023,DB,SS,S,106,112,0.9464285714285714
2023,DL,DE,DE,119,184,0.6467391304347826
2023,DL,DT,DT,165,171,0.9649122807017544
2023,DL,NT,DT,51,51,1
2023,K,K,PK,44,44,1
2023,LB,ILB,LB,156,161,0.968944099378882
2023,LB,MLB,LB,32,32,1
2023,LB,OLB,DE,115,184,0.625
2023,P,P,PN,40,41,0.975609756097561
2023,QB,QB,QB,115,116,0.9913793103448276
2023,RB,FB,RB,13,14,0.9285714285714286
2023,RB,RB,RB,194,194,1
2023,TE,TE,TE,161,165,0.9757575757575757
2023,WR,WR,WR,335,339,0.9882005899705014
2024,DB,CB,CB,261,271,0.9630996309963099
2024,DB,DB,CB,30,42,0.7142857142857143
2024,DB,FS,S,102,108,0.9444444444444444
2024,DB,SS,S,96,99,0.9696969696969697
2024,DL,DE,DE,126,183,0.6885245901639344
2024,DL,DT,DT,161,161,1
2024,DL,NT,DT,34,34,1
2024,K,K,PK,48,48,1
2024,LB,ILB,LB,160,163,0.9815950920245399
2024,LB,LB,LB,24,30,0.8
2024,LB,MLB,LB,29,30,0.9666666666666667
2024,LB,OLB,DE,110,156,0.7051282051282052
2024,P,P,PN,43,43,1
2024,QB,QB,QB,119,119,1
2024,RB,FB,RB,13,14,0.9285714285714286
2024,RB,RB,RB,197,201,0.9800995024875622
2024,TE,TE,TE,163,165,0.9878787878787879
2024,WR,WR,WR,342,346,0.9884393063583815
2025,DB,CB,CB,269,275,0.9781818181818182
2025,DB,DB,CB,10,12,0.8333333333333334
2025,DB,FS,S,108,115,0.9391304347826087
2025,DB,S,S,14,17,0.8235294117647058
2025,DB,SS,S,92,96,0.9583333333333334
2025,DL,DE,DE,123,186,0.6612903225806451
2025,DL,DT,DT,181,186,0.9731182795698925
2025,DL,NT,DT,39,39,1
2025,K,K,PK,48,48,1
2025,LB,ILB,LB,129,132,0.9772727272727273
2025,LB,LB,LB,11,16,0.6875
2025,LB,MLB,LB,77,79,0.9746835443037974
2025,LB,OLB,DE,127,191,0.6649214659685864
2025,P,P,PN,37,37,1
2025,QB,QB,QB,122,123,0.991869918699187
2025,RB,FB,RB,15,16,0.9375
2025,RB,RB,RB,198,200,0.99
2025,TE,TE,TE,165,166,0.9939759036144579
2025,WR,WR,WR,331,332,0.9969879518072289
