season,status,adl_position,mean_players
2022,ACT,CB,5.050260416666666
2022,ACT,DE,4.166145833333333
2022,ACT,DT,4.644921875
2022,ACT,LB,5.072395833333333
2022,ACT,LS,1.001953125
2022,ACT,OL,8.013671875
2022,ACT,PK,1.009765625
2022,ACT,PN,1
2022,ACT,QB,2.013671875
2022,ACT,RB,3.709114583333333
2022,ACT,S,4.146614583333333
2022,ACT,TE,3.101432291666667
2022,ACT,UNMAPPED,0
2022,ACT,WR,5.077864583333334
2022,INA,CB,0.8390625
2022,INA,DE,0.6109375
2022,INA,DT,0.6061197916666666
2022,INA,LB,0.4395833333333333
2022,INA,LS,0.001953125
2022,INA,OL,1.1153645833333334
2022,INA,PK,0.037109375
2022,INA,PN,0.008203125
2022,INA,QB,0.458984375
2022,INA,RB,0.5
2022,INA,S,0.473828125
2022,INA,TE,0.4069010416666667
2022,INA,UNMAPPED,0
2022,INA,WR,0.7674479166666667
2023,ACT,CB,5.267578125
2023,ACT,DE,4.43359375
2023,ACT,DT,4.666015625
2023,ACT,LB,4.791015625
2023,ACT,LS,1
2023,ACT,OL,8.021484375
2023,ACT,PK,1
2023,ACT,PN,1
2023,ACT,QB,2.01171875
2023,ACT,RB,3.45703125
2023,ACT,S,3.98046875
2023,ACT,TE,3.1015625
2023,ACT,UNMAPPED,0
2023,ACT,WR,5.26953125
2023,INA,CB,0.78125
2023,INA,DE,0.53515625
2023,INA,DT,0.640625
2023,INA,LB,0.505859375
2023,INA,LS,0
2023,INA,OL,1.291015625
2023,INA,PK,0.015625
2023,INA,PN,0.009765625
2023,INA,QB,0.50390625
2023,INA,RB,0.4765625
2023,INA,S,0.447265625
2023,INA,TE,0.38671875
2023,INA,UNMAPPED,0
2023,INA,WR,0.623046875
2024,ACT,CB,5.208984375
2024,ACT,DE,4.3125
2024,ACT,DT,4.83203125
2024,ACT,LB,4.755859375
2024,ACT,LS,1
2024,ACT,OL,8.03125
2024,ACT,PK,1
2024,ACT,PN,1
2024,ACT,QB,2.013671875
2024,ACT,RB,3.375
2024,ACT,S,4.107421875
2024,ACT,TE,3.181640625
2024,ACT,UNMAPPED,0
2024,ACT,WR,5.208984375
2024,INA,CB,0.76171875
2024,INA,DE,0.5859375
2024,INA,DT,0.6640625
2024,INA,LB,0.44140625
2024,INA,LS,0.001953125
2024,INA,OL,1.37890625
2024,INA,PK,0.03125
2024,INA,PN,0.017578125
2024,INA,QB,0.478515625
2024,INA,RB,0.455078125
2024,INA,S,0.462890625
2024,INA,TE,0.3828125
2024,INA,UNMAPPED,0
2024,INA,WR,0.62890625
2025,ACT,CB,5.142578125
2025,ACT,DE,4.447265625
2025,ACT,DT,4.658203125
2025,ACT,LB,4.84765625
2025,ACT,LS,1
2025,ACT,OL,8.029296875
2025,ACT,PK,1
2025,ACT,PN,1
2025,ACT,QB,2.021484375
2025,ACT,RB,3.396484375
2025,ACT,S,4.09375
2025,ACT,TE,3.220703125
2025,ACT,UNMAPPED,0
2025,ACT,WR,5.17578125
2025,INA,CB,0.658203125
2025,INA,DE,0.6015625
2025,INA,DT,0.837890625
2025,INA,LB,0.39453125
2025,INA,LS,0.00390625
2025,INA,OL,1.216796875
2025,INA,PK,0.044921875
2025,INA,PN,0.00390625
2025,INA,QB,0.4609375
2025,INA,RB,0.513671875
2025,INA,S,0.357421875
2025,INA,TE,0.41015625
2025,INA,UNMAPPED,0
2025,INA,WR,0.759765625
ALL,ACT,CB,5.167350260416667
ALL,ACT,DE,4.339876302083333
ALL,ACT,DT,4.70029296875
ALL,ACT,LB,4.866731770833333
ALL,ACT,LS,1.00048828125
ALL,ACT,OL,8.02392578125
ALL,ACT,PK,1.00244140625
ALL,ACT,PN,1
ALL,ACT,QB,2.01513671875
ALL,ACT,RB,3.4844075520833333
ALL,ACT,S,4.082063802083333
ALL,ACT,TE,3.1513346354166667
ALL,ACT,UNMAPPED,0
ALL,ACT,WR,5.183040364583333
ALL,INA,CB,0.76005859375
ALL,INA,DE,0.5833984375
ALL,INA,DT,0.6871744791666666
ALL,INA,LB,0.4453450520833333
ALL,INA,LS,0.001953125
ALL,INA,OL,1.2505208333333333
ALL,INA,PK,0.0322265625
ALL,INA,PN,0.00986328125
ALL,INA,QB,0.4755859375
ALL,INA,RB,0.486328125
ALL,INA,S,0.4353515625
ALL,INA,TE,0.3966471354166667
ALL,INA,UNMAPPED,0
ALL,INA,WR,0.6947916666666667
