season,team,act,ina,observed_roster,ol,ls,unmapped,observed_adl,observed_non_ol_ls
2021,ARI,48.05882352941176,5.529411764705882,53.588235294117645,8.705882352941176,1.0588235294117647,0,43.8235294117647,43.8235294117647
2021,ATL,48,5.705882352941177,53.705882352941174,8.529411764705882,1,0,44.1764705882353,44.17647058823529
2021,BAL,48,5.529411764705882,53.529411764705884,9.117647058823529,1,0,43.411764705882355,43.411764705882355
2021,BUF,48,5.235294117647059,53.23529411764706,8.941176470588236,1,0,43.294117647058826,43.294117647058826
2021,CAR,48,6.352941176470588,54.35294117647059,9.294117647058822,1,0,44.05882352941177,44.05882352941177
2021,CHI,48,6,54,8.529411764705882,1,0,44.470588235294116,44.470588235294116
2021,CIN,48,5.764705882352941,53.76470588235294,9.058823529411764,1,0,43.705882352941174,43.705882352941174
2021,CLE,48,6.235294117647059,54.23529411764706,9.117647058823529,1,0,44.11764705882353,44.11764705882353
2021,DAL,47.94117647058823,5.176470588235294,53.11764705882353,8.764705882352942,1,0,43.35294117647059,43.35294117647059
2021,DEN,47.94117647058824,6,53.94117647058824,8.823529411764707,1,0,44.11764705882353,44.117647058823536
2021,DET,48,5.9411764705882355,53.94117647058823,8.588235294117647,1,0,44.35294117647059,44.35294117647059
2021,GB,48,5.176470588235294,53.1764705882353,9.176470588235293,1,0,43,43
2021,HOU,47.64705882352941,6.647058823529412,54.294117647058826,7.9411764705882355,1,0,45.35294117647059,45.352941176470594
2021,IND,48,6.294117647058823,54.294117647058826,9.764705882352942,1,0,43.529411764705884,43.529411764705884
2021,JAX,48,5.0588235294117645,53.05882352941177,8.411764705882353,1,0,43.64705882352941,43.64705882352941
2021,KC,48,5.11764705882353,53.11764705882353,9.941176470588236,1,0,42.1764705882353,42.17647058823529
2021,LA,48,6.0588235294117645,54.05882352941177,9.470588235294118,1,0,43.588235294117645,43.58823529411765
2021,LAC,48,5.470588235294118,53.470588235294116,8.823529411764707,1,0,43.64705882352941,43.647058823529406
2021,LV,48,6.11764705882353,54.11764705882353,9.176470588235293,1,0,43.94117647058823,43.94117647058823
2021,MIA,48,5.588235294117648,53.588235294117645,8.705882352941176,1,0,43.88235294117647,43.88235294117647
2021,MIN,48,5.705882352941177,53.705882352941174,8.764705882352942,1,0,43.94117647058823,43.94117647058823
2021,NE,48,6.0588235294117645,54.05882352941177,8.823529411764707,1,0,44.23529411764706,44.23529411764706
2021,NFL,47.981617647058826,5.797794117647059,53.779411764705884,8.939338235294118,1.0018382352941178,0,43.838235294117645,43.83823529411765
2021,NO,48.05882352941177,6,54.05882352941177,9.176470588235293,1,0,43.88235294117647,43.88235294117648
2021,NYG,47.94117647058823,5.411764705882353,53.35294117647059,8.470588235294118,1,0,43.88235294117647,43.88235294117647
2021,NYJ,47.94117647058823,6.411764705882353,54.35294117647059,8.470588235294118,1,0,44.88235294117647,44.88235294117647
2021,PHI,47.88235294117647,5.764705882352941,53.64705882352941,9.235294117647058,1,0,43.411764705882355,43.411764705882355
2021,PIT,48,5.647058823529411,53.64705882352941,8.647058823529411,0.9411764705882353,0,44.05882352941176,44.05882352941177
2021,SEA,48,5.764705882352941,53.76470588235294,9.823529411764707,1,0,42.94117647058823,42.94117647058823
2021,SF,48,5.470588235294118,53.470588235294116,9,1,0,43.470588235294116,43.470588235294116
2021,TB,48,5.9411764705882355,53.94117647058823,8.705882352941176,1.0588235294117647,0,44.1764705882353,44.17647058823529
2021,TEN,48,6.470588235294118,54.470588235294116,9.058823529411764,1,0,44.411764705882355,44.41176470588235
2021,WAS,48,5.882352941176471,53.88235294117647,9,1,0,43.88235294117647,43.88235294117647
2022,ARI,47.88235294117647,7,54.88235294117647,9.588235294117647,1,0,44.294117647058826,44.294117647058826
2022,ATL,48,6,54,8.941176470588236,1,0,44.05882352941176,44.05882352941177
2022,BAL,47.94117647058823,6.235294117647059,54.1764705882353,9.117647058823529,1,0,44.05882352941176,44.05882352941177
2022,BUF,48,6.125,54.125,9.125,1,0,44,44
2022,CAR,48,5.647058823529412,53.64705882352941,9.058823529411764,1,0,43.588235294117645,43.58823529411765
2022,CHI,48.294117647058826,5.9411764705882355,54.23529411764706,9.352941176470589,1.0588235294117647,0,43.8235294117647,43.8235294117647
2022,CIN,48,5.8125,53.8125,9.9375,1,0,42.875,42.875
2022,CLE,48,6.88235294117647,54.88235294117647,9.705882352941176,1,0,44.1764705882353,44.1764705882353
2022,DAL,48,6.470588235294118,54.470588235294116,8.352941176470589,1,0,45.11764705882353,45.11764705882353
2022,DEN,47.94117647058824,6.882352941176471,54.82352941176471,8.764705882352942,1,0,45.05882352941177,45.05882352941177
2022,DET,48,6.647058823529411,54.64705882352941,9.529411764705882,1,0,44.11764705882353,44.11764705882353
2022,GB,48,5.705882352941177,53.705882352941174,10,1,0,42.705882352941174,42.705882352941174
2022,HOU,48,6.352941176470588,54.35294117647059,9.117647058823529,1,0,44.23529411764706,44.23529411764706
2022,IND,48,6.705882352941177,54.705882352941174,9.294117647058824,1,0,44.411764705882355,44.41176470588235
2022,JAX,48,5.352941176470588,53.35294117647059,8.235294117647058,1,0,44.11764705882353,44.11764705882353
2022,KC,48,6.470588235294118,54.470588235294116,9.352941176470589,1,0,44.11764705882353,44.11764705882353
2022,LA,48,6.11764705882353,54.11764705882353,9,1,0,44.11764705882353,44.11764705882353
2022,LAC,48,6.647058823529412,54.64705882352941,8.823529411764707,1,0,44.8235294117647,44.82352941176471
2022,LV,48,6.352941176470588,54.35294117647059,9.058823529411764,1,0,44.294117647058826,44.294117647058826
2022,MIA,48,6.235294117647059,54.23529411764706,8.588235294117647,1,0,44.64705882352941,44.64705882352941
2022,MIN,48,6.11764705882353,54.11764705882353,9.882352941176471,1,0,43.23529411764706,43.23529411764706
2022,NE,47.94117647058823,6.470588235294118,54.411764705882355,8.529411764705882,1,0,44.88235294117647,44.88235294117647
2022,NFL,48,6.2829733455882355,54.28297334558824,9.125114889705884,1.0036764705882355,0,44.154181985294116,44.154181985294116
2022,NO,47.88235294117647,6.588235294117647,54.470588235294116,8.941176470588236,1,0,44.529411764705884,44.529411764705884
2022,NYG,48,6.529411764705882,54.529411764705884,9.647058823529413,1,0,43.88235294117647,43.88235294117647
2022,NYJ,48,6.294117647058823,54.294117647058826,8.294117647058824,1,0,45,45
2022,PHI,48,5.647058823529412,53.64705882352941,9.647058823529411,1,0,43,43
2022,PIT,48,6.0588235294117645,54.05882352941177,9,1,0,44.05882352941177,44.05882352941177
2022,SEA,48,6.235294117647059,54.23529411764706,9,1.0588235294117647,0,44.1764705882353,44.17647058823529
2022,SF,48.1764705882353,6.294117647058823,54.470588235294116,9.176470588235293,1,0,44.294117647058826,44.294117647058826
2022,TB,48,6.588235294117647,54.588235294117645,8.823529411764707,1,0,44.76470588235294,44.76470588235294
2022,TEN,47.94117647058824,6.470588235294118,54.411764705882355,8.764705882352942,1,0,44.64705882352941,44.64705882352941
2022,WAS,48,6.176470588235294,54.1764705882353,9.352941176470589,1,0,43.8235294117647,43.82352941176471
2023,ARI,48,6.470588235294118,54.470588235294116,9.764705882352942,1,0,43.705882352941174,43.705882352941174
2023,ATL,48,6.764705882352941,54.76470588235294,9.294117647058824,1,0,44.470588235294116,44.470588235294116
2023,BAL,48,6.294117647058823,54.294117647058826,10,1,0,43.294117647058826,43.294117647058826
2023,BUF,48,5.588235294117647,53.588235294117645,9.882352941176471,1,0,42.705882352941174,42.705882352941174
2023,CAR,48,6,54,9.647058823529411,1,0,43.35294117647059,43.35294117647059
2023,CHI,48,6,54,8.882352941176471,1,0,44.11764705882353,44.11764705882353
2023,CIN,48,5.588235294117647,53.588235294117645,10,1,0,42.588235294117645,42.588235294117645
2023,CLE,48,6.529411764705882,54.529411764705884,9.235294117647058,1,0,44.29411764705882,44.294117647058826
2023,DAL,48,6.588235294117647,54.588235294117645,9.176470588235293,1,0,44.411764705882355,44.41176470588235
2023,DEN,48,6.352941176470588,54.35294117647059,9,1,0,44.35294117647059,44.35294117647059
2023,DET,48,6.352941176470589,54.35294117647059,8.705882352941176,1,0,44.64705882352941,44.64705882352941
2023,GB,48,6.11764705882353,54.11764705882353,9.176470588235293,1,0,43.94117647058823,43.94117647058823
2023,HOU,48,6.411764705882353,54.411764705882355,8.941176470588236,1,0,44.470588235294116,44.470588235294116
2023,IND,48,6.235294117647059,54.23529411764706,9.705882352941176,1,0,43.529411764705884,43.529411764705884
2023,JAX,48,5.235294117647059,53.23529411764706,8.764705882352942,1,0,43.470588235294116,43.470588235294116
2023,KC,48,6,54,9.176470588235293,1,0,43.8235294117647,43.82352941176471
2023,LA,48,5.117647058823529,53.11764705882353,9.588235294117647,1,0,42.529411764705884,42.529411764705884
2023,LAC,48,6.235294117647059,54.23529411764706,8.882352941176471,1,0,44.35294117647059,44.35294117647059
2023,LV,48,6.705882352941177,54.705882352941174,8.764705882352942,1,0,44.94117647058823,44.94117647058823
2023,MIA,48,6.235294117647059,54.23529411764706,9,1,0,44.23529411764706,44.23529411764706
2023,MIN,48,6.235294117647059,54.23529411764706,9.647058823529411,1,0,43.588235294117645,43.588235294117645
2023,NE,48,6.294117647058823,54.294117647058826,9.411764705882353,1,0,43.88235294117647,43.88235294117647
2023,NFL,48,6.240808823529411,54.24080882352941,9.310661764705882,1,0,43.93014705882353,43.93014705882353
2023,NO,48,6.294117647058823,54.294117647058826,9.058823529411764,1,0,44.23529411764706,44.23529411764706
2023,NYG,48,6.352941176470588,54.35294117647059,9.705882352941176,1,0,43.64705882352941,43.64705882352941
2023,NYJ,48,6.823529411764706,54.8235294117647,9.235294117647058,1,0,44.588235294117645,44.588235294117645
2023,PHI,48,6.352941176470588,54.35294117647059,8.705882352941176,1,0,44.64705882352941,44.64705882352941
2023,PIT,48,5.823529411764706,53.8235294117647,9.058823529411764,1,0,43.76470588235294,43.76470588235294
2023,SEA,48,6.529411764705882,54.529411764705884,10.588235294117647,1,0,42.94117647058823,42.94117647058824
2023,SF,48,6.882352941176471,54.88235294117647,9.058823529411764,1,0,44.8235294117647,44.82352941176471
2023,TB,48,6.235294117647059,54.23529411764706,9,1,0,44.23529411764706,44.23529411764706
2023,TEN,48,6.647058823529411,54.64705882352941,9.176470588235293,1,0,44.470588235294116,44.470588235294116
2023,WAS,48,6.411764705882353,54.411764705882355,9.705882352941176,1,0,43.705882352941174,43.70588235294118
2024,ARI,48,6,54,8.941176470588236,1,0,44.05882352941177,44.05882352941177
2024,ATL,48,6.470588235294118,54.470588235294116,10.470588235294116,1,0,43,43
2024,BAL,48,6.235294117647059,54.23529411764706,9.352941176470589,1,0,43.88235294117647,43.88235294117647
2024,BUF,47.94117647058823,6.411764705882353,54.35294117647059,9.117647058823529,1,0,44.23529411764706,44.23529411764706
2024,CAR,48,6.705882352941177,54.705882352941174,9.470588235294118,1,0,44.23529411764706,44.23529411764706
2024,CHI,48,6.176470588235294,54.1764705882353,9.588235294117647,1,0,43.588235294117645,43.58823529411765
2024,CIN,48,5.764705882352941,53.76470588235294,8.823529411764707,1,0,43.94117647058824,43.94117647058823
2024,CLE,48.05882352941177,6.352941176470588,54.411764705882355,9.117647058823529,1,0,44.294117647058826,44.294117647058826
2024,DAL,48,6.705882352941177,54.705882352941174,9.058823529411764,1,0,44.64705882352941,44.647058823529406
2024,DEN,48.05882352941177,6.764705882352941,54.8235294117647,9.176470588235293,1,0,44.64705882352941,44.647058823529406
2024,DET,48,6.352941176470589,54.35294117647059,10.705882352941178,1,0,42.64705882352941,42.647058823529406
2024,GB,48,5.705882352941177,53.705882352941174,9.529411764705882,1,0,43.1764705882353,43.17647058823529
2024,HOU,48,6.0588235294117645,54.05882352941177,9.176470588235293,1,0,43.88235294117647,43.88235294117648
2024,IND,48.05882352941177,6.0588235294117645,54.11764705882353,9.411764705882353,1,0,43.705882352941174,43.705882352941174
2024,JAX,48.05882352941177,5.88235294117647,53.94117647058823,9.529411764705882,1,0,43.411764705882355,43.41176470588235
2024,KC,48,5.705882352941177,53.705882352941174,10.352941176470587,1,0,42.35294117647059,42.35294117647059
2024,LA,48,6,54,9.470588235294118,1,0,43.529411764705884,43.529411764705884
2024,LAC,48,6.647058823529411,54.64705882352941,9.705882352941176,1,0,43.94117647058823,43.94117647058824
2024,LV,48,6.411764705882353,54.411764705882355,9.058823529411764,1,0,44.35294117647059,44.352941176470594
2024,MIA,48.294117647058826,6.647058823529412,54.94117647058823,9.117647058823529,1,0,44.8235294117647,44.8235294117647
2024,MIN,48,6.470588235294118,54.470588235294116,9.588235294117647,1,0,43.88235294117647,43.88235294117647
2024,NE,48,6.176470588235294,54.17647058823529,9.647058823529411,1.0588235294117647,0,43.470588235294116,43.47058823529411
2024,NFL,48.01654411764706,6.31985294117647,54.33639705882353,9.409926470588236,1.0018382352941178,0,43.924632352941174,43.924632352941174
2024,NO,48,6.588235294117647,54.588235294117645,8.647058823529411,1,0,44.94117647058823,44.94117647058823
2024,NYG,48,6.470588235294118,54.470588235294116,9.117647058823529,1,0,44.35294117647059,44.35294117647059
2024,NYJ,48.05882352941177,6.529411764705882,54.588235294117645,9.941176470588234,1,0,43.64705882352941,43.64705882352941
2024,PHI,47.76470588235294,6.588235294117647,54.35294117647059,10.529411764705882,1,0,42.8235294117647,42.8235294117647
2024,PIT,48.05882352941177,5.647058823529412,53.705882352941174,8.76470588235294,1,0,43.94117647058824,43.94117647058823
2024,SEA,48.23529411764706,6.764705882352941,55,9.647058823529411,1,0,44.35294117647059,44.35294117647059
2024,SF,48,6.529411764705882,54.529411764705884,9.058823529411764,1,0,44.470588235294116,44.470588235294116
2024,TB,48,6.588235294117647,54.588235294117645,9,1,0,44.588235294117645,44.588235294117645
2024,TEN,47.94117647058823,6.470588235294118,54.411764705882355,8.941176470588236,1,0,44.470588235294116,44.470588235294116
2024,WAS,48,6.352941176470588,54.35294117647059,9.058823529411764,1,0,44.294117647058826,44.294117647058826
2025,ARI,48,6.470588235294118,54.470588235294116,9.647058823529411,1,0,43.8235294117647,43.8235294117647
2025,ATL,48,6.352941176470588,54.35294117647059,9.117647058823529,1,0,44.23529411764706,44.23529411764706
2025,BAL,48,6.294117647058823,54.294117647058826,9.411764705882353,1,0,43.88235294117647,43.88235294117647
2025,BUF,48,6.647058823529412,54.64705882352941,9.235294117647058,1,0,44.411764705882355,44.411764705882355
2025,CAR,48,6.294117647058823,54.294117647058826,8.764705882352942,1,0,44.529411764705884,44.529411764705884
2025,CHI,48,6.352941176470589,54.35294117647059,8.647058823529411,1,0,44.705882352941174,44.705882352941174
2025,CIN,48,5.823529411764706,53.8235294117647,8.294117647058824,1,0,44.529411764705884,44.52941176470588
2025,CLE,48,6.235294117647059,54.23529411764706,10.117647058823529,1,0,43.11764705882353,43.11764705882353
2025,DAL,48.05882352941176,6.11764705882353,54.1764705882353,9.470588235294118,1,0,43.705882352941174,43.70588235294118
2025,DEN,48.05882352941177,6.235294117647059,54.294117647058826,8.764705882352942,1,0,44.529411764705884,44.529411764705884
2025,DET,48,6.294117647058823,54.294117647058826,9,1,0,44.294117647058826,44.294117647058826
2025,GB,48,5.705882352941177,53.705882352941174,9.411764705882353,1,0,43.294117647058826,43.29411764705882
2025,HOU,48.05882352941176,6.352941176470588,54.411764705882355,9.588235294117647,1,0,43.8235294117647,43.82352941176471
2025,IND,48,6.529411764705882,54.529411764705884,9,1,0,44.529411764705884,44.529411764705884
2025,JAX,47.94117647058823,6.11764705882353,54.05882352941177,9.117647058823529,1,0,43.94117647058823,43.94117647058824
2025,KC,48,6.294117647058823,54.294117647058826,9.411764705882353,1,0,43.88235294117647,43.88235294117647
2025,LA,48,5.9411764705882355,53.94117647058823,9.647058823529411,1.0588235294117647,0,43.23529411764706,43.23529411764705
2025,LAC,48,6.705882352941177,54.705882352941174,9.470588235294118,1,0,44.23529411764706,44.23529411764706
2025,LV,48,6.235294117647059,54.23529411764706,9,1,0,44.23529411764706,44.23529411764706
2025,MIA,48,6.411764705882353,54.411764705882355,8.411764705882353,1,0,45,45
2025,MIN,48,6.176470588235294,54.17647058823529,9.705882352941176,1,0,43.470588235294116,43.470588235294116
2025,NE,48,6.176470588235294,54.17647058823529,9.294117647058824,1,0,43.88235294117647,43.882352941176464
2025,NFL,48.03125,6.2849264705882355,54.31617647058823,9.240808823529411,1.0036764705882353,0,44.07169117647059,44.07169117647059
2025,NO,48,6.588235294117647,54.588235294117645,9.470588235294118,1,0,44.11764705882353,44.11764705882353
2025,NYG,48.35294117647059,6.352941176470589,54.705882352941174,9.470588235294118,1,0,44.23529411764706,44.23529411764706
2025,NYJ,48,6.411764705882353,54.411764705882355,8.588235294117647,1,0,44.8235294117647,44.82352941176471
2025,PHI,48.05882352941177,5.823529411764706,53.88235294117647,9.235294117647058,1,0,43.64705882352941,43.64705882352941
2025,PIT,48,5.764705882352941,53.76470588235294,9.058823529411764,1,0,43.705882352941174,43.705882352941174
2025,SEA,48.05882352941177,6.705882352941177,54.76470588235294,9.470588235294118,1,0,44.294117647058826,44.294117647058826
2025,SF,48,6.823529411764706,54.8235294117647,8.705882352941176,1,0,45.11764705882353,45.11764705882353
2025,TB,48,6.411764705882353,54.411764705882355,9.117647058823529,1,0,44.29411764705882,44.294117647058826
2025,TEN,48,6.235294117647059,54.23529411764706,10.411764705882353,1,0,42.8235294117647,42.8235294117647
2025,WAS,48.411764705882355,6.235294117647059,54.64705882352941,9.647058823529411,1.0588235294117647,0,43.94117647058824,43.94117647058823
ALL,NFL,48.00588235294118,6.185271139705883,54.19115349264706,9.205170036764706,1.0022058823529412,0,43.983777573529416,43.983777573529416
