franchise_id,amount,adjustment_id,description,timestamp,season,week,captured_at_utc
0001,9.46,0,A. Cooper - B/R - 4/24/25,1771689440,2026,2,2026-09-22 08:33:42
0008,0.63,1,J. Owusu-Koramoah - B/R - 4/24/25,1771689440,2026,2,2026-09-22 08:33:42
0009,0.47,10,Roschon Johnson - 2 yrs at $1.56 mil - 2023 2.14 dropped 8/28/25,1771689776,2026,2,2026-09-22 08:33:42
0016,2.71,102,T. Johnson - 4 yrs at $4.52 mil dropped 8/20/26,1788443491,2026,2,2026-09-22 08:33:42
0004,1.74,103,Z. Harrison - 1 yr at $2.9 mil dropped 9/2/26,1788443604,2026,2,2026-09-22 08:33:42
0008,2.46,104,K. Joseph - 1 yr at $4.1 mil dropped 8/30/26,1788443604,2026,2,2026-09-22 08:33:42
0016,1.26,105,T. Knight - 3 yrs at $2.1 mil dropped 8/28/26,1788443604,2026,2,2026-09-22 08:33:42
0016,2.09,106,K. Chaisson - 2 yrs at $3.49 mil dropped 8/28/26,1788443655,2026,2,2026-09-22 08:33:42
0005,1.04,107,J. Wright - 2 yrs at $1.73 mil dropped 9/6/26 - 2024 2.11,1788893411,2026,2,2026-09-22 08:33:42
0006,2.37,108,A. Wright - 2 yrs at $3.95 mil dropped 9/5/26,1788893411,2026,2,2026-09-22 08:33:42
0007,2.18,109,A. Ojulari - 2 yrs at $2.42 mil dropped 9/6/26,1788893411,2026,2,2026-09-22 08:33:42
0010,1.68,11,R. Stonehouse - 4 yrs at $1.87 mil dropped 8/31/25,1771689776,2026,2,2026-09-22 08:33:42
0008,6.76,110,T. Wharton - 3 yrs at $5.63 mil dropped 8/30/26 - Accelerated,1788893411,2026,2,2026-09-22 08:33:42
0009,10.93,111,A. Richardson - 1 yr at $10.93 mil dropped 9/6/26 - FG 2023 1.01,1788893411,2026,2,2026-09-22 08:33:42
0010,3.53,112,I. Pacheco - 1 yr at $5.88 mil dropped 9/4/26,1788893411,2026,2,2026-09-22 08:33:42
0013,1.16,113,J. Colson - 2 yrs at $1.93 mil dropped 8/31/26 - 2024 2.07,1788893411,2026,2,2026-09-22 08:33:42
0005,1.4,114,K. Miller - 1 yr at $2.34 mil dropped 9/6/26 - 2023 2.03,1788893555,2026,2,2026-09-22 08:33:42
0009,2.52,115,T. Bethune - 3 yrs at $2.1 mil dropped 8/30/26 - Accelerated,1788893555,2026,2,2026-09-22 08:33:42
0010,1.1,116,J. Martin - 1 yr at $$1.84 mil dropped 9/4/26 - 2023 2.11,1788893555,2026,2,2026-09-22 08:33:42
0005,1.08,117,M. Mims - 1 yr at $1.80 mil dropped 9/6/26 - 2023 2.12,1788893799,2026,2,2026-09-22 08:33:42
0009,2.78,118,M. Mayer - 1 yr at $2.78 mil dropped 9/6/26 FG - 2023 1.15,1788893799,2026,2,2026-09-22 08:33:42
0010,1.22,119,D. Stills - 1 yr at $2.04 mil dropped 9/6/26,1788893799,2026,2,2026-09-22 08:33:42
0014,2.29,12,D. Onyemata - 2 yrs at $7.62 mil dropped 8/31/25,1771689776,2026,2,2026-09-22 08:33:42
0009,6.9,120,E. Engram - 1 yr at $11.5 mil dropped 9/6/26,1788893842,2026,2,2026-09-22 08:33:42
0009,2.45,121,L. McCaffrey - 4 yrs at $4.09 mil dropped 9/7/26,1789171129,2026,2,2026-09-22 08:33:42
0011,1.25,122,C. Boswell - 1 yr at $2.09 mil dropped 9/7/26,1789171129,2026,2,2026-09-22 08:33:42
0013,1.26,123,L. Chenal - 3 yrs at $2.1 mil dropped 9/7/26,1789171129,2026,2,2026-09-22 08:33:42
0009,6.27,124,N. Madubuike - 1 yr at $10.45 mil dropped 9/7/26,1789171239,2026,2,2026-09-22 08:33:42
0011,3.77,125,J.T. Tuimoloau - 3 yrs at $3.14 mil dropped 9/7/26,1789171239,2026,2,2026-09-22 08:33:42
0017,1.25,126,C. Ward - 1 yr at $2.09 mil dropped 9/9/26,1789409638,2026,2,2026-09-22 08:33:42
0018,1.37,127,D. Lenoir - 2 yrs at 2.28 mil dropped 8/26/26,1789409638,2026,2,2026-09-22 08:33:42
0019,2.44,128,C. Rozeboom - 1 yr at $4.07 mil dropped 9/1/26,1789409638,2026,2,2026-09-22 08:33:42
0021,1.24,129,N. Brown - 1 yr at $2.06 mil dropped 9/3/26,1789409638,2026,2,2026-09-22 08:33:42
0016,0.59,13,Will Levis - 2 yrs at $1.98 mil dropped 8/17/25,1771689776,2026,2,2026-09-22 08:33:42
0023,2.58,130,B. Wagner - 1 yr at $4.3 mil dropped 8/22/26,1789409638,2026,2,2026-09-22 08:33:42
0025,2.57,131,X. Legette - 2 yrs at $2.57 mil dropped 9/7/26 - 2024 1.15,1789409638,2026,2,2026-09-22 08:33:42
0026,1.26,132,A. Kamara - 1 yr at $2.1 mil dropped 9/7/26,1789409638,2026,2,2026-09-22 08:33:42
0029,1.23,133,J. Colson - 2 yrs at $2.05 mil dropped 8/31/26,1789409638,2026,2,2026-09-22 08:33:42
0030,1.19,134,T. Benson - 2 yrs at $1.98 mil dropped 9/6/26 - 2024 2.06,1789409638,2026,2,2026-09-22 08:33:42
0032,1.85,135,I. Melifonwu - 2 yrs at $2.06 mil dropped 9/7/26 - accelerated,1789409638,2026,2,2026-09-22 08:33:42
0018,1.1,136,D. Sanders - 1 yr at $1.84 mil dropped 8/26/26 - 2023 2.11,1789409988,2026,2,2026-09-22 08:33:42
0019,2.18,137,J. Ossai - 2 yrs at $3.64 mil dropped 9/1/26,1789409988,2026,2,2026-09-22 08:33:42
0021,1.24,138,K. Saunders - 1 yr at $2.06 mil dropped 9/3/26,1789409988,2026,2,2026-09-22 08:33:42
0023,1.21,139,G. Pratt - 2 yrs at $2.01 mil dropped 8/22/26,1789409988,2026,2,2026-09-22 08:33:42
0001,0.77,14,J. Simmons - 2 yrs at $2.57 mil dropped 10/11/25,1771690007,2026,2,2026-09-22 08:33:42
0029,3.89,140,E. Engram - 1 yr at $6.48 mil dropped 9/4/26,1789409988,2026,2,2026-09-22 08:33:42
0030,1.44,141,T. Thornton - 1 yr at $2.4 mil dropped 9/7/26,1789409988,2026,2,2026-09-22 08:33:42
0032,2.3,142,D. Hamlin - 1 yr at $3.84 mil dropped 9/8/26,1789409988,2026,2,2026-09-22 08:33:42
0021,1.26,143,B. Wagner - 1 yr at $2.10 mil dropped 9/7/26,1789410136,2026,2,2026-09-22 08:33:42
0029,12.29,144,T. Tagovailoa - 2 yrs at $20.49 mil dropped 9/11/26,1789410136,2026,2,2026-09-22 08:33:42
0030,1.38,145,K. Vidal - 1 yr at $2.3 mil dropped 9/7/26,1789410136,2026,2,2026-09-22 08:33:42
0011,1.32,146,T. Tagovailoa - 1 yr at $2.20 mil dropped 9/15/26,1790011318,2026,2,2026-09-22 08:33:42
0013,2.26,147,A.J. Epenesa - 2 yrs at $3.77 mil dropped 9/17/26,1790011318,2026,2,2026-09-22 08:33:42
0016,1.25,148,J. Briggs - 3 yrs at $2.09 mil dropped 9/16/26,1790011318,2026,2,2026-09-22 08:33:42
0018,5.65,149,Z. Franklin - 1 yr at $9.41 mil dropped 9/15/26,1790011449,2026,2,2026-09-22 08:33:42
0006,0.56,15,Chase Young - 2 yrs at $1.87 mil dropped 10/14/25,1771690007,2026,2,2026-09-22 08:33:42
0021,1.24,150,M. Mustapha - 3 yrs at $2.06 mil dropped 9/15/26,1790011449,2026,2,2026-09-22 08:33:42
0032,2.45,151,J. Jones - 1 yr at $4.08 mil dropped 9/18/26,1790011449,2026,2,2026-09-22 08:33:42
0018,5.78,152,P. Adebo - 2 yrs at $6.42 mil dropped 9/15/26 - accelerated,1790011502,2026,2,2026-09-22 08:33:42
0018,1.95,153,B.J. Hill - 1 yr at $3.25 mil dropped 9/16/26,1790011541,2026,2,2026-09-22 08:33:42
0018,1.32,154,G. Delpit - 1 yr at $2.20 mil dropped 9/16/26,1790011576,2026,2,2026-09-22 08:33:42
0028,1.71,155,K. Curl - 2 yrs at $2.85 mil dropped 9/21/26,1790048525,2026,2,2026-09-22 08:33:42
0008,1.12,16,Patrick Jones - 3 yrs at $1.86 mil dropped 10/16/25,1771690007,2026,2,2026-09-22 08:33:42
0009,0.45,17,Jalin Hyatt - 2 yrs at $1.5 mil dropped 9/1/25 - 2023 2.16,1771690007,2026,2,2026-09-22 08:33:42
0010,1.32,18,M. Koonce - 3 yrs at $2.2 mil dropped 11/16/25,1771690007,2026,2,2026-09-22 08:33:42
0016,0.9,19,Ventrell Miller - 2 yrs at $2.99 mil dropped 8/27/25,1771690007,2026,2,2026-09-22 08:33:42
0009,9.24,2,N. Madubuike - B/R - 4/24/25,1771689440,2026,2,2026-09-22 08:33:42
0006,0.88,20,J. Burton - 3 yrs at $1.47 mil dropped 11/5/25 - 2024 2.14,1771690224,2026,2,2026-09-22 08:33:42
0008,1.02,21,T. Atwell - 2 yrs at $3.41 mil dropped 11/18/25,1771690224,2026,2,2026-09-22 08:33:42
0009,5.31,22,J. Conner - 2 yrs at $17.7 mil dropped 9/30/25,1771690224,2026,2,2026-09-22 08:33:42
0010,2.32,23,T. Johnson - 3 yrs at $3.87 mil dropped 12/17/25,1771690224,2026,2,2026-09-22 08:33:42
0016,0.57,24,L. Taylor - 2 yrs at $1.9 mil dropped 10/11/25,1771690224,2026,2,2026-09-22 08:33:42
0006,2.65,25,J. Mingo - 2 yrs at $2.41 mil dropped 12/24/25 - 2023 1.16,1771690501,2026,2,2026-09-22 08:33:42
0008,5.74,26,R. Stevenson - 3 yrs at $9.56 mil dropped 11/18/25,1771690501,2026,2,2026-09-22 08:33:42
0009,0.56,27,A. Cisco - 2 yrs at $1.87 mil dropped 10/8/25,1771690501,2026,2,2026-09-22 08:33:42
0016,2.24,28,I. Melifonwu - 5 yrs at $1.87 dropped 10/11/25,1771690501,2026,2,2026-09-22 08:33:42
0006,0.71,29,C. Austin - 2 yrs at $2.38 mil dropped 12/25/25,1771690717,2026,2,2026-09-22 08:33:42
0016,13.91,3,T. Tagovailoa - B/R - 4/24/25,1771689440,2026,2,2026-09-22 08:33:42
0009,0.56,30,A. Jennings - 2 yrs at $1.87 mil dropped 11/6/25,1771690717,2026,2,2026-09-22 08:33:42
0016,1.64,31,H. Reddick - 2 yrs at $5.45 mil dropped 10/29/25,1771690717,2026,2,2026-09-22 08:33:42
0009,4.75,32,C. Kupp - 2 yrs at $15.84 mil dropped 12/23/25,1771690778,2026,2,2026-09-22 08:33:42
0009,1.55,33,S. Rankins - 2 yrs at $5.15 mil dropped 12/23/25,1771690808,2026,2,2026-09-22 08:33:42
0017,2.38,34,D. Hopkins - B/R - 4/24/25,1771691001,2026,2,2026-09-22 08:33:42
0019,9.65,35,N. Madubuike - B/R 4/22/25,1771691001,2026,2,2026-09-22 08:33:42
0027,23.34,36,S. Diggs - B/R - 4/24/25,1771691001,2026,2,2026-09-22 08:33:42
0030,0.57,37,J. Owusu-Koramoah - B/R - 4/22/25,1771691001,2026,2,2026-09-22 08:33:42
0032,12.02,38,T. Tagovailoa - B/R - 4/24/25,1771691001,2026,2,2026-09-22 08:33:42
0017,1.12,39,J. Fuller - 3 yrs at $1.87 mil dropped 9/1/25,1771691348,2026,2,2026-09-22 08:33:42
0001,8.55,4,Tyreek Hill - 2 yrs at $28.5 mil dropped 10/4/25,1771689776,2026,2,2026-09-22 08:33:42
0019,1.12,40,C. Izien - 3 yrs at $1.87 mil dropped 11/19/25,1771691348,2026,2,2026-09-22 08:33:42
0021,0.45,41,J. Hyatt - 2 yrs at $1.5 mil dropped 8/12/25 - 2023 2.16,1771691348,2026,2,2026-09-22 08:33:42
0023,1.19,42,J. Polk - 3 yrs at $1.99 mil dropped 8/12/25 - 2024 2.03,1771691348,2026,2,2026-09-22 08:33:42
0027,0.59,43,J. Clowney - 2 yrs at $1.98 mil dropped 8/31/25,1771691348,2026,2,2026-09-22 08:33:42
0029,0.64,44,M. Mayer - 2 yrs at $2.13 mil dropped 8/25/25,1771691348,2026,2,2026-09-22 08:33:42
0030,0.56,45,A. Washington - 2 yrs at $1.86 mil dropped 6/14/25 J1T,1771691348,2026,2,2026-09-22 08:33:42
0032,5.03,46,J. Mixon - 2 yrs at $16.76 mil dropped 10/28/25,1771691348,2026,2,2026-09-22 08:33:42
0017,0.46,47,M. Smith - 2 yrs at $1.54 mil dropped 11/26/25,1771691505,2026,2,2026-09-22 08:33:42
0029,1.58,48,A. Jennings - 2 yrs at $5.28 mil dropped 10/26/25,1771691505,2026,2,2026-09-22 08:33:42
0030,0.59,49,H. Hooker - 2 yrs at $1.98 dropped 6/14/25 J1T,1771691505,2026,2,2026-09-22 08:33:42
0002,0.91,5,M. Corley - 3 yrs at $1.51 mil dropped 9/3/25,1771689776,2026,2,2026-09-22 08:33:42
0032,4.04,50,A. Robinson - 2 yrs at $13.46 mil dropped 11/9/25,1771691505,2026,2,2026-09-22 08:33:42
0017,0.5,51,E. Molden - 2 yrs at $1.65 mil dropped 12/10/25,1771691652,2026,2,2026-09-22 08:33:42
0029,2.42,52,J. Fields - 2 yrs at $8.08 mil dropped 11/18/25,1771691652,2026,2,2026-09-22 08:33:42
0030,0.49,53,L. Musgrave - 2 yrs at $1.64 mil dropped 9/1/25 - 2023 2.12,1771691652,2026,2,2026-09-22 08:33:42
0030,0.75,54,M. Koonce - 2 yrs at $2.51 mil dropped 10/26/25,1771691696,2026,2,2026-09-22 08:33:42
0030,2.43,55,R. Bateman - 3 yrs at $4.05 mil dropped 11/15/25,1771691729,2026,2,2026-09-22 08:33:42
0001,4.85,56,D. Prescott - 2026 B/R,1777310122,2026,2,2026-09-22 08:33:42
0003,3.38,57,J. Jeudy - 2026 B/R,1777310122,2026,2,2026-09-22 08:33:42
0004,4.34,58,G. Kittle - 2026 B/R,1777310122,2026,2,2026-09-22 08:33:42
0005,8.83,59,T. McLaurin - 2026 B/R,1777310122,2026,2,2026-09-22 08:33:42
0004,2.38,6,Logan Wilson - 2 yrs at $7.93 mil dropped 11/5/25,1771689776,2026,2,2026-09-22 08:33:42
0006,9.26,60,B. Aiyuk - 2026 B/R,1777310122,2026,2,2026-09-22 08:33:42
0014,7.38,61,S. Diggs - 2026 B/R,1777310122,2026,2,2026-09-22 08:33:42
0016,7.66,62,T. Tagovailoa - 2026 B/R,1777310122,2026,2,2026-09-22 08:33:42
0018,0.72,63,Q. Williams - 2026 B/R,1777310122,2026,2,2026-09-22 08:33:42
0019,6.88,64,D. Henry - 2026 B/R,1777310122,2026,2,2026-09-22 08:33:42
0020,5.73,65,M. Brown - 2026 B/R,1777310122,2026,2,2026-09-22 08:33:42
0021,10.18,66,B. Aiyuk - 2026 B/R,1777310122,2026,2,2026-09-22 08:33:42
0023,4.75,67,T. Thornton - 2026 B/R,1777310122,2026,2,2026-09-22 08:33:42
0027,8.51,68,J. Conner - 2026 B/R,1777310122,2026,2,2026-09-22 08:33:42
0021,1,69,BAL sends LVR $1 mil - 4/21/26,1777384640,2026,2,2026-09-22 08:33:42
0005,1.01,7,J. Polk - 3 yrs at $1.69 mil dropped 11/15/25 - 2024 2.08,1771689776,2026,2,2026-09-22 08:33:42
0031,-1,70,BAL sends LVR $1 mil - 4/21/26,1777384640,2026,2,2026-09-22 08:33:42
0030,11.2,71,KCC sends LVR $11.2 cash trade 5/1/26,1777918067,2026,2,2026-09-22 08:33:42
0031,-11.2,72,KCC sends LVR $11.2 cash trade 5/1/26,1777918067,2026,2,2026-09-22 08:33:42
0002,-8.55,73,ATL sends NYG $8.55 cash trade 5/1/26,1777918171,2026,2,2026-09-22 08:33:42
0009,8.55,74,ATL sends NYG $8.55 cash trade 5/1/26,1777918171,2026,2,2026-09-22 08:33:42
0004,-3.65,75,ATL sends WAS $3.65 cash trade 5/3/26,1777918203,2026,2,2026-09-22 08:33:42
0009,3.65,76,ATL sends WAS $3.65 cash trade 5/3/26,1777918203,2026,2,2026-09-22 08:33:42
0010,4.76,77,C. Gardner-Johnson - 1 yr at $7.94 mil dropped 4/23/26,1781532434,2026,2,2026-09-22 08:33:42
0001,-6.5,78,SFO sends DAL $6.5 mil - cash trade 6/22/26,1783694231,2026,2,2026-09-22 08:33:42
0015,6.5,79,SFO sends DAL $6.5 mil - cash trade 6/22/26,1783694231,2026,2,2026-09-22 08:33:42
0006,1.79,8,Odafe Oweh - 3 yrs at $2.98 mil dropped 9/18/25,1771689776,2026,2,2026-09-22 08:33:42
0018,3.59,80,J. Carlies - 3 yrs at $3.59 mil dropped 4/28/26,1783694231,2026,2,2026-09-22 08:33:42
0020,-8,81,BAL sends NYJ $8 mil - cash trade 6/22/26,1783694231,2026,2,2026-09-22 08:33:42
0021,8,82,BAL sends NYJ $8 mil - cash trade 6/22/26,1783694231,2026,2,2026-09-22 08:33:42
0029,3.26,83,J. Owusu-Koramoah - 1 yr at $5.43 mil dropped 5/13/26,1783694231,2026,2,2026-09-22 08:33:42
0031,3.01,84,J. Smith - 1 yr at $5.02 mil dropped 6/16/26,1783694231,2026,2,2026-09-22 08:33:42
0021,-6,85,DEN gives BAL $6 in trade 8/1,1786016348,2026,2,2026-09-22 08:33:42
0029,6,86,DEN gives BAL $6 in trade 8/1,1786016348,2026,2,2026-09-22 08:33:42
0029,6.2,87,DEN sends KCC $6.2 in trade 8/1/26,1786016418,2026,2,2026-09-22 08:33:42
0030,-6.2,88,DEN sends KCC $6.2 in trade 8/1/26,1786016418,2026,2,2026-09-22 08:33:42
0026,-7.2,89,KCC sends IND $7.2m cash trade 8/13/26,1786717041,2026,2,2026-09-22 08:33:42
0008,1.08,9,Kyzir White - 2 yrs at $3.59 mil dropped 8/27/25,1771689776,2026,2,2026-09-22 08:33:42
0030,7.2,92,KCC sends $7.2 to IND in a trade 8/13,1787064002,2026,2,2026-09-22 08:33:42
0009,2.46,93,Luke Schoonmaker - 4 yrs at $4.10 mil dropped 8/17/26,1787176286,2026,2,2026-09-22 08:33:42
0002,-3.6,94,NOS sends NYG $3.6 mil - trade 9/1/26,1788441540,2026,2,2026-09-22 08:33:42
0011,3.6,95,NOS sends NYG $3.6 mil - trade 9/1/26,1788441540,2026,2,2026-09-22 08:33:42
0004,-8.6,96,NOS sends WAS $8.6 mil - trade 8/26/26,1788441612,2026,2,2026-09-22 08:33:42
0011,8.6,97,NOS sends WAS $8.6 mil - trade 8/26/26,1788441612,2026,2,2026-09-22 08:33:42
0004,3.45,98,C. Kmet - 1 yr at $5.75 mil dropped 8/26/26,1788443491,2026,2,2026-09-22 08:33:42
0006,3.43,99,K. Dugger - 1 yr at $5.72 mil dropped 8/30/26,1788443491,2026,2,2026-09-22 08:33:42
